user_id,week_num,weekly_completions,weekly_completion_rate,avg_streak,max_streak,total_xp,avg_xp_efficiency,avg_self_rating,habit_diversity,weekend_habits,has_accountability_rate,habits_logged,student_id,weekly_avg_focus,weekly_avg_sleep,weekly_avg_stress,weekly_avg_mood,weekly_burnout,weekly_goal_rate,days_logged,burnout_trend,age,user_level
USR_00001,13,0,0.0,14.0,14.0,0.0,0.0,4.0,1,0,0.0,1,STU_0467,41.699999999999996,6.824285714285714,4.971428571428571,3.5928571428571425,0.29557142857142854,0.44768496712672723,7,-0.2007142857142858,33.0,3
USR_00030,1,1,1.0,44.0,44.0,19.37,0.9685,7.0,1,0,0.0,1,STU_0437,28.185714285714287,5.535714285714286,6.242857142857143,1.5999999999999999,0.392,0.37799391172894825,7,,27.0,8
USR_00030,10,1,1.0,101.0,101.0,9.68,0.968,6.0,1,1,1.0,1,STU_0437,25.25714285714286,6.163571428571428,7.042857142857143,1.157142857142857,0.3987142857142857,0.40660179354068576,7,0.010714285714285676,27.0,8
USR_00030,12,1,0.5,18.0,20.0,17.98,0.5,5.5,2,0,0.0,2,STU_0437,35.457142857142856,4.105714285714286,9.085714285714285,1.0571428571428572,0.55,0.37075241105727186,7,0.1665714285714286,27.0,8
USR_00030,17,1,1.0,99.0,99.0,18.96,0.9480000000000001,6.0,1,0,0.0,1,STU_0437,30.914285714285715,5.554285714285714,6.742857142857143,1.5999999999999999,0.3965714285714285,0.4145285943768135,7,-0.1620000000000001,27.0,8
USR_00031,4,2,1.0,5.0,6.0,49.81,0.896,8.5,2,2,0.0,2,STU_0295,49.48571428571428,6.5128571428571425,5.028571428571429,4.45,0.3055714285714286,0.3740819210304559,7,-0.22342857142857142,19.0,31
USR_00031,9,0,0.0,24.0,24.0,0.0,0.0,4.0,1,0,0.0,1,STU_0295,45.25714285714286,6.28,5.442857142857143,4.014285714285714,0.32257142857142856,0.416823161433958,7,-0.22300000000000003,19.0,31
USR_00031,11,1,0.5,16.5,29.0,6.87,0.3435,4.5,2,0,0.5,2,STU_0295,45.971428571428575,6.998571428571429,5.557142857142857,3.9499999999999997,0.35414285714285715,0.5492420455295812,7,-0.0118571428571429,19.0,31
USR_00031,13,1,1.0,5.0,5.0,17.44,0.8720000000000001,6.0,1,0,0.0,1,STU_0295,43.142857142857146,6.927142857142856,5.228571428571429,4.242857142857143,0.2937142857142857,0.4235797896401325,7,-0.1352857142857143,19.0,31
USR_00033,1,1,1.0,11.0,11.0,16.95,0.8474999999999999,2.0,1,0,0.0,1,STU_0274,53.285714285714285,6.886428571428572,4.957142857142857,3.935714285714286,0.31471428571428567,0.4811860830633608,7,,28.0,21
USR_00033,2,1,1.0,84.0,84.0,12.16,1.0,4.0,1,1,0.0,1,STU_0274,50.557142857142864,6.0807142857142855,4.7,3.8285714285714287,0.31314285714285717,0.471413646342057,7,-0.0015714285714285015,28.0,21
USR_00033,5,1,1.0,1.0,1.0,19.3,0.9650000000000001,5.0,1,1,1.0,1,STU_0274,44.885714285714286,6.742857142857143,5.114285714285714,3.3357142857142854,0.30514285714285716,0.44692789295143537,7,0.02242857142857141,28.0,21
USR_00033,9,1,1.0,3.0,3.0,10.88,0.544,8.0,1,0,0.0,1,STU_0274,61.51428571428572,5.829285714285715,4.8428571428571425,3.585714285714286,0.3577142857142857,0.46348535519390965,7,-0.09485714285714286,28.0,21
USR_00033,15,1,1.0,79.0,79.0,19.22,0.961,4.0,1,0,0.0,1,STU_0274,69.22857142857143,4.6499999999999995,7.542857142857143,2.6285714285714286,0.5385714285714286,0.4466457704702861,7,0.06514285714285717,28.0,21
USR_00044,8,1,1.0,68.0,68.0,14.07,1.0,6.0,1,0,0.0,1,STU_0407,31.87142857142857,5.098571428571428,9.442857142857141,1.0,0.5374285714285715,0.32361856709212217,7,-0.01557142857142857,21.0,63
USR_00044,11,0,0.0,14.0,14.0,0.0,0.0,9.0,1,0,1.0,1,STU_0407,94.88571428571429,5.6085714285714285,7.242857142857143,1.2142857142857142,0.4174285714285714,0.4185654994210467,7,0.04571428571428571,21.0,63
USR_00044,14,1,1.0,365.0,365.0,16.63,0.8314999999999999,5.0,1,0,0.0,1,STU_0407,30.3,4.711428571428571,9.4,1.0,0.5457142857142857,0.37769930785391337,7,0.1707142857142857,21.0,63
USR_00045,5,0,0.0,1.0,1.0,0.0,0.0,4.0,1,0,1.0,1,STU_0281,40.98571428571428,6.3428571428571425,4.0285714285714285,4.042857142857143,0.26185714285714284,0.45686936161550845,7,-0.026857142857142857,25.0,2
USR_00045,15,0,0.0,13.0,13.0,0.0,0.0,4.0,1,0,1.0,1,STU_0281,64.42857142857143,4.4799999999999995,7.235714285714286,3.3285714285714287,0.506,0.42833195425632814,7,0.0124285714285714,25.0,2
USR_00046,2,0,0.0,11.0,11.0,0.0,0.0,9.0,1,0,1.0,1,STU_0324,88.62857142857142,7.184285714285714,3.7714285714285714,5.121428571428572,0.2817142857142857,0.5683068098212776,7,0.06799999999999998,15.0,1
USR_00046,8,1,1.0,21.0,21.0,40.62,1.0,1.0,1,0,0.0,1,STU_0324,101.61428571428571,5.905714285714285,4.6571428571428575,4.885714285714286,0.3945714285714286,0.532297066592231,7,-0.06514285714285711,15.0,1
USR_00046,15,1,1.0,15.0,15.0,18.36,0.9179999999999999,8.0,1,1,0.0,1,STU_0324,81.54285714285713,5.128571428571428,5.7,4.557142857142857,0.43157142857142855,0.5775733860449405,7,-0.029000000000000026,15.0,1
USR_00052,2,1,1.0,5.0,5.0,41.8,1.0,4.0,1,1,0.0,1,STU_0317,48.72857142857142,6.838571428571429,4.871428571428572,3.3714285714285714,0.25257142857142856,0.5041317856528746,7,-0.06485714285714289,27.0,30
USR_00052,5,1,1.0,3.0,3.0,19.85,0.9925,1.0,1,0,1.0,1,STU_0317,52.4,6.328571428571428,5.371428571428572,4.171428571428572,0.33342857142857146,0.45590836677363605,7,0.07800000000000001,27.0,30
USR_00052,7,1,1.0,7.0,7.0,8.87,0.8869999999999999,5.0,1,0,0.0,1,STU_0317,67.41428571428571,4.571428571428571,7.814285714285715,3.042857142857143,0.5327142857142857,0.4522402750501118,7,0.186,27.0,30
USR_00052,8,1,1.0,48.0,48.0,24.49,1.0,6.0,1,0,1.0,1,STU_0317,59.58571428571429,5.442857142857143,9.157142857142857,2.8857142857142857,0.5568571428571428,0.36429291824005094,7,0.024142857142857133,27.0,30
USR_00052,11,0,0.0,15.0,15.0,0.0,0.0,10.0,1,0,0.0,1,STU_0317,55.57142857142857,6.277142857142857,4.6571428571428575,3.914285714285714,0.32285714285714284,0.4824405273546718,7,-0.03142857142857142,27.0,30
USR_00052,17,1,0.5,7.5,8.0,4.74,0.23700000000000002,7.0,1,1,0.5,2,STU_0317,56.44285714285714,6.055714285714286,4.828571428571428,3.8285714285714287,0.34014285714285714,0.56325725601685,7,-0.12428571428571433,27.0,30
USR_00053,9,2,1.0,23.0,29.0,28.98,1.0,4.0,2,0,0.5,2,STU_0479,27.02857142857143,5.491428571428571,6.371428571428572,1.2857142857142858,0.39685714285714285,0.39883209560233807,7,-0.1484285714285714,22.0,77
USR_00053,15,1,1.0,118.0,118.0,45.35,1.0,10.0,1,1,1.0,1,STU_0479,38.5,4.8342857142857145,8.628571428571428,1.1142857142857143,0.543,0.4072725045499947,7,0.01557142857142857,22.0,77
USR_00057,3,1,1.0,79.0,79.0,7.71,0.771,4.0,1,0,1.0,1,STU_0411,60.01428571428572,4.731428571428572,7.271428571428571,3.3428571428571425,0.49542857142857144,0.4807682396561935,7,0.17185714285714287,16.0,6
USR_00057,7,2,1.0,33.0,57.0,35.379999999999995,0.8845000000000001,4.5,2,1,1.0,2,STU_0411,57.48571428571428,5.028571428571429,7.128571428571428,3.4,0.47585714285714287,0.49016433571723744,7,0.20171428571428573,16.0,6
USR_00057,12,1,1.0,2.0,2.0,9.73,0.9730000000000001,7.0,1,0,0.0,1,STU_0411,61.82857142857143,4.8914285714285715,6.442857142857143,3.8428571428571425,0.48728571428571427,0.5239251862420546,7,0.1557142857142857,16.0,6
USR_00064,1,0,0.0,4.0,4.0,0.0,0.0,5.0,1,0,0.0,1,STU_0231,89.45714285714287,7.905714285714287,3.242857142857143,5.642857142857143,0.251,0.5648274785812946,7,,19.0,4
USR_00064,2,0,0.0,1.0,1.0,0.0,0.0,3.0,1,0,0.0,1,STU_0231,82.52857142857144,7.24,2.757142857142857,5.942857142857143,0.20414285714285715,0.5622143139997915,7,-0.04685714285714285,19.0,4
USR_00064,3,0,0.0,11.0,11.0,0.0,0.0,7.0,1,1,0.0,1,STU_0231,94.04285714285713,6.067142857142857,5.385714285714286,4.942857142857143,0.42757142857142855,0.5506055145180448,7,0.2234285714285714,19.0,4
USR_00064,4,1,1.0,4.0,4.0,10.06,1.0,2.0,1,1,1.0,1,STU_0231,79.68571428571428,6.590000000000001,3.257142857142857,5.557142857142857,0.2832857142857143,0.5416577561077845,7,-0.14428571428571424,19.0,4
USR_00064,5,1,1.0,11.0,11.0,39.35,0.98375,8.0,1,0,1.0,1,STU_0231,75.97142857142856,6.904285714285714,2.5,6.228571428571429,0.24657142857142858,0.5865097969361758,7,-0.03671428571428573,19.0,4
USR_00064,7,0,0.0,4.0,4.0,0.0,0.0,10.0,1,0,1.0,1,STU_0231,92.32857142857142,5.638571428571429,5.985714285714286,4.714285714285714,0.4415714285714286,0.6023960940279587,7,0.1845714285714286,19.0,4
USR_00064,8,1,1.0,2.0,2.0,18.23,0.9115,5.0,1,1,0.0,1,STU_0231,100.31428571428572,6.384285714285714,4.5285714285714285,4.8999999999999995,0.34885714285714287,0.5596193099684692,7,-0.09271428571428575,19.0,4
USR_00064,10,1,1.0,4.0,4.0,13.65,1.0,7.0,1,0,1.0,1,STU_0231,84.07142857142857,7.104285714285714,3.1,5.985714285714286,0.24814285714285716,0.5370063140433063,7,0.007285714285714312,19.0,4
USR_00064,16,1,1.0,4.0,4.0,12.5,1.0,8.0,1,0,1.0,1,STU_0231,93.04285714285713,5.512857142857143,4.371428571428571,5.485714285714286,0.3614285714285715,0.5655396321920186,7,-0.06314285714285706,19.0,4
USR_00064,18,0,0.0,2.0,2.0,0.0,0.0,5.0,1,0,1.0,1,STU_0231,115.9,8.35,2.7,5.5,0.22,0.6217313604613959,1,-0.036000000000000004,19.0,4
USR_00068,9,1,1.0,36.0,36.0,20.16,1.0,4.0,1,0,1.0,1,STU_0371,83.68571428571428,7.211428571428571,3.5285714285714285,5.757142857142857,0.22185714285714284,0.574139123199097,7,-0.23471428571428568,28.0,2
USR_00068,11,1,1.0,11.0,11.0,7.41,0.741,10.0,1,0,0.0,1,STU_0371,94.24285714285715,7.101428571428571,3.8714285714285714,5.185714285714285,0.3138571428571429,0.5074286469136238,7,0.060142857142857165,28.0,2
USR_00068,12,1,0.5,18.0,21.0,9.67,0.4835,7.0,2,1,0.5,2,STU_0371,101.28571428571429,6.147142857142858,5.685714285714285,4.542857142857143,0.4192857142857143,0.5394207045761736,7,0.10542857142857143,28.0,2
USR_00068,15,0,0.0,6.0,6.0,0.0,0.0,4.0,1,1,0.0,1,STU_0371,96.60000000000001,6.178571428571429,6.485714285714286,3.857142857142857,0.4782857142857143,0.5184978235067444,7,0.09600000000000003,28.0,2
USR_00068,18,1,1.0,21.0,21.0,37.69,0.9422499999999999,10.0,1,1,1.0,1,STU_0371,89.8,7.24,3.6,6.5,0.217,0.5109999849274214,1,-0.02514285714285716,28.0,2
USR_00071,15,0,0.0,10.5,15.0,0.0,0.0,7.0,2,0,0.5,2,STU_0481,95.45,6.261428571428572,5.442857142857143,4.485714285714286,0.398,0.5389457826093357,7,-0.020714285714285685,33.0,17
USR_00071,17,1,1.0,15.0,15.0,44.94,1.0,10.0,1,0,1.0,1,STU_0481,146.95714285714286,6.922857142857143,4.171428571428572,4.985714285714286,0.303,0.5754052694807342,7,-0.17885714285714288,33.0,17
USR_00074,4,0,0.0,22.0,22.0,0.0,0.0,1.0,1,0,0.0,1,STU_0072,88.11428571428571,7.122857142857143,3.414285714285714,5.857142857142857,0.29628571428571426,0.5994041200218109,7,-0.16800000000000004,25.0,30
USR_00074,11,1,0.5,22.0,25.0,9.36,0.46799999999999997,1.0,2,1,1.0,2,STU_0072,85.12857142857142,6.644285714285714,2.8000000000000003,5.714285714285714,0.25985714285714284,0.51493359629669,7,-0.004857142857142893,25.0,30
USR_00074,18,1,1.0,3.0,3.0,17.33,0.8664999999999999,8.0,1,1,1.0,1,STU_0072,97.9,5.71,3.0,5.7,0.339,0.6956865161552066,1,0.08271428571428574,25.0,30
USR_00081,8,0,0.0,48.0,48.0,0.0,0.0,2.0,1,0,1.0,1,STU_0500,62.628571428571426,3.392857142857143,10.0,1.0,0.6545714285714286,0.4115045357895184,7,0.010714285714285787,29.0,48
USR_00081,10,1,1.0,100.0,100.0,45.44,1.0,3.0,1,0,1.0,1,STU_0500,62.442857142857136,4.655714285714287,6.928571428571429,1.042857142857143,0.5091428571428571,0.44097186553156026,7,0.007285714285714229,29.0,48
USR_00081,15,1,1.0,48.0,48.0,22.71,1.0,5.0,1,0,1.0,1,STU_0500,68.5,3.652857142857143,9.885714285714286,1.0,0.6689999999999999,0.37491252063570457,7,0.0585714285714285,29.0,48
USR_00081,16,1,1.0,52.0,52.0,5.6,1.0,6.0,1,0,1.0,1,STU_0500,77.11428571428571,4.0685714285714285,9.585714285714285,1.0857142857142856,0.6378571428571428,0.3923300442965282,7,-0.03114285714285714,29.0,48
USR_00088,7,1,1.0,37.0,37.0,10.27,1.0,6.0,1,0,0.0,1,STU_0139,61.285714285714285,5.409999999999999,7.414285714285714,2.9285714285714284,0.48914285714285716,0.5111803842375451,7,0.20685714285714285,31.0,39
USR_00089,10,1,1.0,6.0,6.0,6.68,0.6679999999999999,7.0,1,1,0.0,1,STU_0229,44.57142857142857,6.5442857142857145,5.142857142857143,4.514285714285714,0.3082857142857143,0.5360845060427099,7,-0.032285714285714306,22.0,51
USR_00089,12,1,1.0,8.0,8.0,17.62,0.881,4.0,1,0,1.0,1,STU_0229,56.91428571428572,5.242857142857143,7.3428571428571425,4.3,0.49242857142857144,0.4619468862291317,7,0.16542857142857142,22.0,51
USR_00094,5,0,0.0,11.0,11.0,0.0,0.0,1.0,1,0,0.0,1,STU_0267,46.9,5.904285714285714,4.928571428571429,3.8714285714285714,0.3608571428571428,0.5407372332654329,7,0.04328571428571426,30.0,34
USR_00094,7,1,1.0,4.0,4.0,20.25,1.0,4.0,1,1,0.0,1,STU_0267,61.885714285714286,5.422142857142857,6.942857142857143,2.5285714285714285,0.4531428571428572,0.5430729513162482,7,0.1491428571428572,30.0,34
USR_00094,12,0,0.0,5.0,5.0,0.0,0.0,8.0,1,0,0.0,1,STU_0267,62.185714285714276,4.923571428571429,7.128571428571428,3.5714285714285716,0.4545714285714286,0.49298112022513424,7,0.15728571428571436,30.0,34
USR_00103,9,0,0.0,1.0,1.0,0.0,0.0,9.0,1,1,0.0,1,STU_0398,53.94285714285714,6.548571428571428,5.128571428571428,3.542857142857143,0.2912857142857143,0.4546099209931545,7,-0.21699999999999992,25.0,13
USR_00103,10,0,0.0,6.5,12.0,0.0,0.0,5.5,2,1,0.5,2,STU_0398,55.92142857142857,6.488571428571428,5.714285714285714,3.585714285714286,0.34528571428571425,0.5003112222893044,7,0.05399999999999994,25.0,13
USR_00103,11,0,0.0,7.0,13.0,0.0,0.0,4.5,2,2,1.0,2,STU_0398,50.6,6.7299999999999995,5.257142857142857,4.1,0.30042857142857143,0.42817029188218597,7,-0.04485714285714282,25.0,13
USR_00109,2,1,1.0,11.0,11.0,23.74,1.0,5.0,1,1,0.0,1,STU_0233,22.957142857142856,5.628571428571428,6.8999999999999995,1.5142857142857142,0.36,0.44315518390525455,7,-0.07114285714285712,29.0,14
USR_00109,10,1,1.0,41.0,41.0,8.34,0.834,3.0,1,1,0.0,1,STU_0233,21.7,6.087142857142857,6.985714285714286,1.4714285714285713,0.3605714285714286,0.38361213467011845,7,-0.010714285714285732,29.0,14
USR_00109,13,1,1.0,28.0,28.0,16.19,1.0,10.0,1,0,0.0,1,STU_0233,17.4,5.352857142857142,6.457142857142857,1.957142857142857,0.4001428571428572,0.3151445320711301,7,-0.18028571428571422,29.0,14
USR_00109,15,0,0.0,5.0,5.0,0.0,0.0,2.0,1,0,0.0,1,STU_0233,27.74285714285714,4.115714285714286,9.4,1.2285714285714284,0.5734285714285715,0.3616124640469272,7,0.004428571428571448,29.0,14
USR_00109,18,1,1.0,13.0,13.0,17.05,0.8525,4.0,1,1,0.0,1,STU_0233,24.2,4.84,6.2,1.0,0.409,0.4926169724921949,1,0.009571428571428509,29.0,14
USR_00112,2,1,1.0,60.0,60.0,5.15,0.515,5.0,1,1,1.0,1,STU_0342,54.971428571428575,6.561428571428571,4.728571428571429,4.0285714285714285,0.29614285714285715,0.4999649376575152,7,-0.02542857142857141,31.0,4
USR_00112,4,1,1.0,122.0,122.0,11.97,1.0,10.0,1,1,1.0,1,STU_0342,41.48571428571428,6.417142857142857,4.828571428571428,3.957142857142857,0.30885714285714283,0.3805739520031267,7,-0.18171428571428577,31.0,4
USR_00112,8,1,1.0,57.0,57.0,20.99,1.0,3.0,1,0,0.0,1,STU_0342,49.94285714285714,5.3,7.3428571428571425,3.1714285714285713,0.4704285714285715,0.46371450345393583,7,-0.019142857142857128,31.0,4
USR_00112,12,1,1.0,365.0,365.0,22.44,1.0,5.0,1,0,0.0,1,STU_0342,61.0,4.507142857142857,7.071428571428571,2.8714285714285714,0.4992857142857143,0.4351815549548183,7,0.17414285714285715,31.0,4
USR_00112,13,1,1.0,88.0,88.0,19.65,0.9824999999999999,3.0,1,0,0.0,1,STU_0342,42.771428571428565,6.172857142857143,3.557142857142857,4.542857142857143,0.24457142857142858,0.47639555056726274,7,-0.25471428571428567,31.0,4
USR_00112,17,2,1.0,22.0,39.0,43.489999999999995,1.0,9.0,2,0,0.0,2,STU_0342,48.07142857142857,6.035714285714286,5.185714285714285,4.3428571428571425,0.30428571428571427,0.465396069471515,7,-0.2121428571428572,31.0,4
USR_00121,3,1,1.0,3.0,3.0,18.3,0.915,2.0,1,1,0.0,1,STU_0478,56.51428571428572,4.305714285714286,8.714285714285714,2.3428571428571425,0.5855714285714286,0.41148615868655875,7,0.28957142857142865,33.0,3
USR_00121,8,1,1.0,5.0,5.0,23.95,1.0,5.0,1,0,0.0,1,STU_0478,58.885714285714286,4.9557142857142855,7.428571428571429,3.0285714285714285,0.49214285714285716,0.48204336536888526,7,0.015571428571428625,33.0,3
USR_00121,11,1,1.0,7.0,7.0,7.71,0.771,9.0,1,0,1.0,1,STU_0478,47.84285714285714,5.8,5.514285714285714,2.6999999999999997,0.3767142857142857,0.4326239406100703,7,0.08685714285714285,33.0,3
USR_00121,14,0,0.0,24.0,24.0,0.0,0.0,2.0,1,0,1.0,1,STU_0478,55.800000000000004,5.335,7.042857142857143,2.985714285714286,0.43685714285714283,0.5141882701294141,7,0.16142857142857142,33.0,3
USR_00121,16,1,1.0,9.0,9.0,18.09,0.9045,5.0,1,0,1.0,1,STU_0478,52.58571428571429,4.71,7.5,3.4857142857142853,0.492,0.43342556626480716,7,-0.013714285714285679,33.0,3
USR_00121,17,0,0.0,5.0,5.0,0.0,0.0,4.0,1,0,0.0,1,STU_0478,46.84285714285714,6.096428571428572,4.928571428571429,3.757142857142857,0.255,0.48856297176717234,7,-0.237,33.0,3
USR_00125,7,1,1.0,38.0,38.0,7.98,0.798,6.0,1,0,1.0,1,STU_0046,68.74285714285715,3.6814285714285715,9.842857142857143,1.0,0.6719999999999999,0.4153399535687862,7,0.13971428571428568,28.0,13
USR_00125,9,1,1.0,85.0,85.0,17.99,0.8995,7.0,1,1,0.0,1,STU_0046,61.34285714285714,4.282857142857143,7.8428571428571425,1.1142857142857143,0.5577142857142857,0.4547838232036812,7,-0.11342857142857143,28.0,13
USR_00125,12,2,1.0,74.5,95.0,40.0,0.9565,2.0,2,1,0.5,2,STU_0046,79.35000000000001,3.6142857142857143,9.585714285714285,1.0,0.6589999999999999,0.4075459306166577,7,0.13014285714285712,28.0,13
USR_00125,16,1,1.0,29.0,29.0,39.84,0.9960000000000001,4.0,1,0,0.0,1,STU_0046,81.42857142857143,3.6114285714285717,9.585714285714285,1.0,0.6745714285714285,0.37875716829144607,7,0.012142857142857011,28.0,13
USR_00135,1,1,1.0,2.0,2.0,15.11,0.7555,3.0,1,1,0.0,1,STU_0353,44.635714285714286,6.777857142857143,5.042857142857143,3.3000000000000003,0.32157142857142856,0.5140766877045861,7,,22.0,60
USR_00135,4,1,1.0,3.0,3.0,6.15,0.615,6.0,1,0,1.0,1,STU_0353,41.05714285714286,6.095714285714286,4.414285714285714,3.542857142857143,0.2991428571428571,0.518555852649088,7,-0.15614285714285714,22.0,60
USR_00135,6,1,1.0,107.0,107.0,1.0,0.2,6.0,1,0,0.0,1,STU_0353,46.25,6.505,5.485714285714286,3.4714285714285715,0.3547142857142857,0.4488168756082061,7,0.1007142857142857,22.0,60
USR_00135,10,1,1.0,79.0,79.0,18.21,0.9105000000000001,6.0,1,0,0.0,1,STU_0353,55.035714285714285,4.875,5.114285714285714,4.057142857142857,0.3507142857142857,0.4079856239691057,7,0.048285714285714265,22.0,60
USR_00136,3,1,1.0,2.0,2.0,19.55,0.9775,9.0,1,0,1.0,1,STU_0110,48.699999999999996,4.76,7.671428571428572,2.8428571428571425,0.5125714285714286,0.49203337970674405,7,0.16542857142857142,32.0,21
USR_00136,4,0,0.0,14.0,14.0,0.0,0.0,10.0,1,0,0.0,1,STU_0110,48.94285714285714,6.124285714285714,5.314285714285715,4.3428571428571425,0.32471428571428573,0.46421697997162287,7,-0.18785714285714283,32.0,21
USR_00136,7,0,0.0,10.0,10.0,0.0,0.0,2.0,1,0,0.0,1,STU_0110,64.85714285714286,4.901428571428572,7.928571428571429,2.6,0.5324285714285715,0.3990487072109429,7,0.16357142857142865,32.0,21
USR_00136,8,0,0.0,9.0,9.0,0.0,0.0,5.0,1,1,1.0,1,STU_0110,58.471428571428575,5.324285714285714,7.228571428571429,3.3428571428571425,0.497,0.42721713849308973,7,-0.035428571428571476,32.0,21
USR_00136,11,1,1.0,3.0,3.0,22.29,1.0,9.0,1,0,0.0,1,STU_0110,45.84285714285714,6.877142857142857,5.471428571428572,3.1285714285714286,0.36357142857142855,0.46735554129573703,7,0.043714285714285706,32.0,21
USR_00136,15,1,1.0,2.0,2.0,9.94,0.994,8.0,1,0,1.0,1,STU_0110,58.94285714285714,5.177142857142857,7.928571428571429,2.8000000000000003,0.4847142857142857,0.448006901756097,7,0.008857142857142841,32.0,21
USR_00136,16,0,0.0,9.0,9.0,0.0,0.0,10.0,1,1,0.0,1,STU_0110,70.5,5.588571428571428,7.485714285714286,2.8857142857142857,0.5108571428571429,0.4454454934015705,7,0.02614285714285719,32.0,21
USR_00136,18,1,1.0,2.0,2.0,44.15,1.0,5.0,1,0,0.0,1,STU_0110,46.0,5.73,4.0,4.5,0.349,0.3531121149180378,1,0.05628571428571427,32.0,21
USR_00140,1,1,1.0,213.0,213.0,17.95,0.8975,2.0,1,0,0.0,1,STU_0374,46.214285714285715,6.565714285714286,5.3999999999999995,3.685714285714286,0.3148571428571429,0.4947294013756124,7,,12.0,54
USR_00140,3,1,1.0,33.0,33.0,18.74,0.9369999999999999,5.0,1,0,1.0,1,STU_0374,63.75714285714286,5.187142857142858,6.8,2.942857142857143,0.4654285714285714,0.4540905520191445,7,0.09085714285714286,12.0,54
USR_00140,17,1,1.0,45.0,45.0,15.99,0.7995,2.0,1,1,1.0,1,STU_0374,40.142857142857146,6.855714285714286,4.928571428571429,3.585714285714286,0.2958571428571429,0.4726485947505748,7,-0.23800000000000004,12.0,54
USR_00142,17,0,0.0,14.0,26.0,0.0,0.0,2.5,2,1,1.0,2,STU_0277,25.628571428571426,5.6207142857142856,7.521428571428571,1.0,0.454,0.4341235712161092,7,-0.13214285714285706,21.0,23
USR_00145,2,0,0.0,3.0,3.0,0.0,0.0,6.0,1,0,1.0,1,STU_0302,81.85714285714286,7.088571428571429,3.8000000000000003,5.542857142857143,0.2992857142857143,0.5090039692595786,7,0.07971428571428577,17.0,12
USR_00145,3,1,1.0,7.0,7.0,15.41,0.7705,4.0,1,0,0.0,1,STU_0302,97.68571428571428,5.582857142857143,5.985714285714286,5.028571428571429,0.44,0.5527366112792771,7,0.14071428571428568,17.0,12
USR_00145,4,1,0.5,3.5,6.0,5.88,0.5,7.5,1,1,0.0,2,STU_0302,75.5,7.131428571428572,4.314285714285714,5.8428571428571425,0.3055714285714286,0.5826395012614205,7,-0.1344285714285714,17.0,12
USR_00145,6,0,0.0,8.0,8.0,0.0,0.0,8.0,1,0,0.0,1,STU_0302,75.64285714285714,6.727142857142858,2.6142857142857143,6.3999999999999995,0.22185714285714284,0.5989526660655081,7,-0.035714285714285726,17.0,12
USR_00145,11,0,0.0,12.0,12.0,0.0,0.0,4.0,1,0,0.0,1,STU_0302,70.85714285714286,7.1571428571428575,3.2142857142857144,5.171428571428572,0.23585714285714285,0.5704556442819089,7,-0.0034285714285714475,17.0,12
USR_00145,14,0,0.0,4.0,4.0,0.0,0.0,9.0,1,0,0.0,1,STU_0302,98.78571428571429,5.964285714285714,5.728571428571429,4.071428571428571,0.4242857142857143,0.563669706548963,7,0.15942857142857148,17.0,12
USR_00145,16,1,1.0,4.0,4.0,44.28,1.0,6.0,1,0,0.0,1,STU_0302,92.3,6.262857142857143,5.242857142857143,4.814285714285715,0.3852857142857143,0.4662479062102622,7,-0.02557142857142858,17.0,12
USR_00150,3,1,1.0,6.0,6.0,3.75,0.375,4.0,1,0,0.0,1,STU_0320,55.30714285714286,5.031428571428571,7.6000000000000005,2.814285714285714,0.508,0.37214247028194986,7,0.23014285714285715,28.0,39
USR_00150,14,1,1.0,9.0,9.0,21.78,1.0,7.0,1,0,0.0,1,STU_0320,66.84285714285714,5.138571428571429,8.085714285714285,2.7714285714285714,0.5087142857142857,0.4659885748019678,7,0.2707142857142857,28.0,39
USR_00150,15,2,1.0,4.5,8.0,64.28999999999999,1.0,5.5,2,0,0.5,2,STU_0320,59.48571428571428,4.957142857142857,7.428571428571429,3.357142857142857,0.5051428571428571,0.45109734717374,7,-0.0035714285714285587,28.0,39
USR_00153,8,2,1.0,48.5,61.0,25.86,0.677,1.5,2,0,0.0,2,STU_0034,60.98571428571428,5.194285714285714,8.128571428571428,2.7857142857142856,0.49642857142857144,0.44806570596849815,7,-0.0004285714285714448,23.0,6
USR_00153,9,1,1.0,9.0,9.0,19.99,0.9994999999999999,2.0,1,0,0.0,1,STU_0034,53.57142857142857,6.798571428571429,5.242857142857143,3.5142857142857147,0.31342857142857145,0.48407805503329,7,-0.183,23.0,6
USR_00153,12,1,1.0,10.0,10.0,6.33,0.633,6.0,1,0,0.0,1,STU_0034,71.42857142857143,5.314285714285715,7.742857142857143,2.642857142857143,0.5214285714285715,0.4691139443012326,7,0.19300000000000006,23.0,6
USR_00153,14,1,1.0,75.0,75.0,20.13,1.0,9.0,1,1,0.0,1,STU_0034,64.65714285714286,5.05,8.014285714285714,2.5714285714285716,0.5467142857142857,0.40038351306985337,7,0.2911428571428571,23.0,6
USR_00153,17,1,1.0,26.0,26.0,11.82,1.0,2.0,1,1,0.0,1,STU_0034,63.642857142857146,6.5564285714285715,4.4714285714285715,3.8714285714285714,0.2895714285714286,0.5238016910112734,7,-0.15928571428571425,23.0,6
USR_00163,4,1,1.0,15.0,15.0,12.47,1.0,6.0,1,1,1.0,1,STU_0082,60.957142857142856,6.5842857142857145,5.5,3.6142857142857143,0.3525714285714286,0.526330691027192,7,-0.1458571428571428,29.0,33
USR_00163,10,0,0.0,14.0,14.0,0.0,0.0,8.0,1,1,0.0,1,STU_0082,51.528571428571425,6.292857142857143,4.971428571428571,3.3714285714285714,0.3312857142857143,0.46878699185141853,7,-0.013571428571428512,29.0,33
USR_00163,11,1,0.5,20.5,27.0,16.28,0.40700000000000003,6.0,2,0,1.0,2,STU_0082,38.871428571428574,6.6414285714285715,5.257142857142857,4.3428571428571425,0.30414285714285716,0.5407608796051215,7,-0.027142857142857135,29.0,33
USR_00163,13,1,1.0,5.0,5.0,17.25,1.0,6.0,1,0,1.0,1,STU_0082,36.771428571428565,6.744285714285715,4.971428571428571,4.257142857142857,0.29471428571428576,0.46726087280111717,7,-0.2188571428571428,29.0,33
USR_00163,17,1,1.0,10.0,10.0,17.31,0.8654999999999999,2.0,1,0,0.0,1,STU_0082,62.07142857142857,6.501428571428571,4.314285714285714,4.857142857142857,0.3057142857142857,0.544638019522439,7,-0.1408571428571429,29.0,33
USR_00171,3,1,1.0,4.0,4.0,14.1,0.705,8.0,1,0,0.0,1,STU_0147,31.24285714285714,3.738571428571429,9.571428571428571,1.0,0.594,0.31330885074741743,7,0.1597142857142857,27.0,26
USR_00171,5,1,1.0,42.0,42.0,17.61,0.8805,5.0,1,1,0.0,1,STU_0147,27.3,5.74,7.1571428571428575,1.342857142857143,0.4005714285714285,0.3578487949063952,7,0.010428571428571398,27.0,26
USR_00171,9,1,1.0,11.0,11.0,11.59,1.0,4.0,1,0,0.0,1,STU_0147,21.571428571428573,5.55,7.371428571428572,1.1142857142857143,0.4051428571428572,0.4287008916664553,7,-0.17242857142857143,27.0,26
USR_00171,12,0,0.0,3.0,3.0,0.0,0.0,8.0,1,0,0.0,1,STU_0147,39.857142857142854,4.058571428571429,9.042857142857143,1.042857142857143,0.5994285714285714,0.42869205008497346,7,0.22157142857142859,27.0,26
USR_00171,13,0,0.0,22.0,22.0,0.0,0.0,1.0,1,0,1.0,1,STU_0147,26.24285714285714,5.5,7.185714285714285,1.9142857142857144,0.3911428571428571,0.4064293106836273,7,-0.2082857142857143,27.0,26
USR_00171,17,0,0.0,5.0,5.0,0.0,0.0,2.0,1,0,1.0,1,STU_0147,15.700000000000001,5.74,7.285714285714286,1.5857142857142856,0.38099999999999995,0.3693834946157479,7,-0.1761428571428572,27.0,26
USR_00175,5,0,0.0,1.0,1.0,0.0,0.0,6.0,1,1,0.0,1,STU_0298,59.42142857142858,5.99,4.714285714285714,4.014285714285714,0.32042857142857145,0.4638507376087418,7,0.03785714285714287,32.0,2
USR_00175,16,1,1.0,10.0,10.0,13.39,1.0,1.0,1,1,0.0,1,STU_0298,52.82857142857143,4.892857142857143,7.1000000000000005,2.742857142857143,0.4932857142857143,0.45284063004443414,7,-0.015428571428571347,32.0,2
USR_00176,5,1,1.0,20.0,20.0,24.95,1.0,3.0,1,0,0.0,1,STU_0124,44.028571428571425,6.227142857142858,4.942857142857143,3.957142857142857,0.3172857142857143,0.49132947108362135,7,0.06814285714285714,29.0,30
USR_00176,7,0,0.0,47.0,47.0,0.0,0.0,5.0,1,1,0.0,1,STU_0124,59.82857142857143,5.014285714285714,7.107142857142857,3.1285714285714286,0.48871428571428577,0.42218192620501777,7,0.16100000000000003,29.0,30
USR_00176,9,1,1.0,37.0,37.0,18.05,0.9025000000000001,6.0,1,1,1.0,1,STU_0124,47.41428571428571,6.707142857142857,4.6571428571428575,4.114285714285715,0.28685714285714287,0.5181856043219624,7,-0.19657142857142856,29.0,30
USR_00178,6,1,1.0,14.0,14.0,20.74,1.0,4.0,1,0,1.0,1,STU_0449,40.58571428571429,5.987142857142857,4.928571428571429,3.257142857142857,0.3628571428571429,0.4745262077405071,7,0.08457142857142858,30.0,7
USR_00178,15,0,0.0,10.0,10.0,0.0,0.0,4.0,1,0,1.0,1,STU_0449,58.957142857142856,5.002857142857143,7.314285714285714,3.1,0.505,0.44401874748603154,7,-0.018714285714285683,30.0,7
USR_00178,17,1,1.0,10.0,10.0,11.6,0.58,5.0,1,0,0.0,1,STU_0449,51.114285714285714,6.551428571428572,5.728571428571429,3.8714285714285714,0.34600000000000003,0.5276131843102155,7,-0.1464285714285714,30.0,7
USR_00179,3,1,1.0,37.0,37.0,26.12,1.0,2.0,1,0,0.0,1,STU_0129,39.371428571428574,4.929285714285714,9.214285714285714,1.2857142857142858,0.5722857142857143,0.33944848462486193,7,0.18871428571428572,40.0,87
USR_00179,4,1,1.0,115.0,115.0,4.72,0.944,3.0,1,0,1.0,1,STU_0129,31.0,6.042857142857143,7.357142857142857,1.3857142857142857,0.46485714285714286,0.3722809134911392,7,-0.10742857142857143,40.0,87
USR_00179,5,1,1.0,158.0,158.0,42.01,1.0,4.0,1,0,0.0,1,STU_0129,24.357142857142858,5.688571428571429,6.914285714285714,1.3142857142857143,0.4087142857142857,0.41095719404383774,7,-0.05614285714285716,40.0,87
USR_00179,16,1,1.0,365.0,365.0,19.74,0.9869999999999999,3.0,1,1,0.0,1,STU_0129,30.8,4.407857142857143,9.642857142857142,1.0857142857142856,0.5685714285714286,0.3791465376040219,7,0.008714285714285785,40.0,87
USR_00184,12,2,1.0,104.0,190.0,53.32,1.0,6.5,2,1,0.0,2,STU_0078,44.871428571428574,4.817142857142857,9.299999999999999,1.0,0.5727142857142857,0.42092466807309936,7,0.199,19.0,53
USR_00184,18,1,1.0,11.0,11.0,20.91,1.0,5.0,1,0,0.0,1,STU_0078,2.6,5.29,7.9,1.2,0.329,0.3923466648407243,1,-0.10328571428571426,19.0,53
USR_00185,4,0,0.0,12.0,12.0,0.0,0.0,5.0,1,0,0.0,1,STU_0214,47.814285714285724,6.644285714285714,6.014285714285714,4.085714285714286,0.3314285714285714,0.4332746623171254,7,-0.125,23.0,14
USR_00185,9,1,0.5,5.0,9.0,17.07,0.42675,6.0,2,0,0.5,2,STU_0214,63.42857142857143,5.512142857142857,4.8999999999999995,3.7857142857142856,0.329,0.45384306147333875,7,-0.1781428571428571,23.0,14
USR_00185,10,0,0.0,4.0,4.0,0.0,0.0,5.0,1,0,0.0,1,STU_0214,58.26428571428572,6.509285714285714,4.285714285714286,4.514285714285714,0.30342857142857144,0.5326429757842469,7,-0.02557142857142858,23.0,14
USR_00185,17,1,0.5,1.5,2.0,13.72,0.5,5.0,2,0,1.0,2,STU_0214,46.464285714285715,6.565714285714286,5.171428571428572,3.7,0.31614285714285717,0.5460926216026716,7,-0.19771428571428573,23.0,14
USR_00185,18,0,0.0,2.0,2.0,0.0,0.0,4.0,1,1,0.0,1,STU_0214,58.6,5.91,4.0,4.7,0.279,0.6076666311430691,1,-0.037142857142857144,23.0,14
USR_00189,2,1,1.0,8.0,8.0,10.87,1.0,3.0,1,0,0.0,1,STU_0084,54.17142857142858,6.314285714285715,5.442857142857143,3.3428571428571425,0.32085714285714284,0.4828056845549714,7,-0.06042857142857144,17.0,26
USR_00189,5,0,0.0,3.0,3.0,0.0,0.0,6.0,1,0,1.0,1,STU_0084,58.028571428571425,6.414285714285714,5.171428571428572,4.642857142857143,0.33585714285714285,0.5242940165024429,7,0.01428571428571429,17.0,26
USR_00189,7,1,0.5,3.5,6.0,19.23,0.48075,2.5,2,1,0.0,2,STU_0084,60.971428571428575,5.282857142857142,8.257142857142856,3.1142857142857143,0.5351428571428571,0.47482162854625887,7,0.24585714285714289,17.0,26
USR_00189,10,1,1.0,1.0,1.0,20.28,1.0,5.0,1,0,0.0,1,STU_0084,51.57142857142857,6.725714285714285,4.785714285714286,3.8714285714285714,0.3047142857142857,0.5173615362654082,7,0.04685714285714282,17.0,26
USR_00189,15,0,0.0,17.0,17.0,0.0,0.0,6.0,1,0,1.0,1,STU_0084,48.02857142857143,4.8,7.514285714285714,3.742857142857143,0.493,0.44863717017720106,7,-0.027142857142857135,17.0,26
USR_00189,16,1,0.5,6.5,9.0,9.86,0.493,7.5,2,1,0.5,2,STU_0084,67.64285714285714,5.534285714285715,7.285714285714286,3.242857142857143,0.44471428571428573,0.4216011117194425,7,-0.048285714285714265,17.0,26
USR_00193,1,1,1.0,11.0,11.0,42.99,1.0,7.0,1,0,0.0,1,STU_0004,81.2,6.95,3.042857142857143,5.8,0.25942857142857145,0.5947648660373102,7,,24.0,37
USR_00193,4,1,1.0,61.0,61.0,17.87,0.8935000000000001,5.0,1,0,0.0,1,STU_0004,93.0,6.974285714285714,3.1857142857142855,5.685714285714285,0.24714285714285714,0.6240615124186677,7,-0.20742857142857143,24.0,37
USR_00193,5,1,1.0,5.0,5.0,18.86,0.943,3.0,1,1,1.0,1,STU_0004,85.91428571428571,7.363571428571428,3.457142857142857,5.8428571428571425,0.27614285714285713,0.554565705935838,7,0.028999999999999998,24.0,37
USR_00193,9,1,1.0,164.0,164.0,17.54,0.877,10.0,1,1,0.0,1,STU_0004,79.39999999999999,7.147857142857142,2.685714285714286,5.8999999999999995,0.24899999999999997,0.6303433956529462,7,-0.13300000000000003,24.0,37
USR_00193,13,1,1.0,17.0,17.0,16.27,0.8135,9.0,1,0,1.0,1,STU_0004,87.75714285714285,7.089285714285714,2.9857142857142853,6.0,0.23714285714285713,0.5814279608316079,7,-0.229,24.0,37
USR_00193,17,1,1.0,95.0,95.0,24.25,1.0,5.0,1,0,0.0,1,STU_0004,74.84285714285714,6.6571428571428575,3.242857142857143,5.514285714285714,0.262,0.5140445766074266,7,-0.15899999999999997,24.0,37
USR_00193,18,1,1.0,65.0,65.0,6.55,1.0,10.0,1,0,0.0,1,STU_0004,92.7,7.18,1.9,6.2,0.253,0.535628481501682,1,-0.009000000000000008,24.0,37
USR_00195,15,0,0.0,4.0,4.0,0.0,0.0,9.0,1,0,1.0,1,STU_0116,30.08571428571429,4.728571428571429,8.842857142857143,1.0285714285714287,0.5324285714285714,0.38144707151812635,7,-0.0237142857142858,42.0,1
USR_00195,16,2,1.0,2.5,4.0,45.269999999999996,0.9299999999999999,4.0,2,0,0.5,2,STU_0116,31.842857142857145,3.9814285714285718,9.071428571428571,1.0142857142857142,0.5621428571428572,0.43335194383650916,7,0.029714285714285804,42.0,1
USR_00195,18,0,0.0,9.5,17.0,0.0,0.0,5.0,2,0,0.5,2,STU_0116,24.8,5.19,9.1,1.0,0.517,0.4986232942245474,1,0.1551428571428572,42.0,1
USR_00197,1,1,1.0,2.0,2.0,10.13,1.0,10.0,1,1,1.0,1,STU_0130,134.5142857142857,7.515714285714286,2.4714285714285715,6.8,0.21085714285714285,0.5647491758372604,7,,16.0,24
USR_00197,3,1,1.0,10.0,10.0,21.34,1.0,4.0,1,0,0.0,1,STU_0130,93.47857142857143,5.514285714285714,6.6000000000000005,4.614285714285715,0.42614285714285716,0.48160945283134887,7,0.16842857142857143,16.0,24
USR_00197,8,0,0.0,3.0,3.0,0.0,0.0,5.0,1,1,1.0,1,STU_0130,108.18571428571428,5.362857142857143,5.371428571428572,4.071428571428571,0.45942857142857146,0.4750745245027112,7,0.01200000000000001,16.0,24
USR_00197,12,1,0.5,3.0,5.0,37.83,0.472875,10.0,2,1,1.0,2,STU_0130,107.91428571428571,5.471428571428571,5.385714285714286,5.528571428571429,0.432,0.5714145930714507,7,0.21957142857142858,16.0,24
USR_00197,18,1,1.0,25.0,25.0,19.81,0.9904999999999999,8.0,1,0,1.0,1,STU_0130,97.2,8.75,3.8,4.0,0.226,0.5253009917883089,1,-0.009714285714285703,16.0,24
USR_00204,1,1,1.0,62.0,62.0,8.11,1.0,2.0,1,1,0.0,1,STU_0453,61.628571428571426,4.652857142857143,8.142857142857142,1.0,0.5427142857142857,0.5070844207497444,7,,28.0,59
USR_00204,2,1,1.0,59.0,59.0,35.44,0.8859999999999999,6.0,1,1,0.0,1,STU_0453,56.1,4.638571428571429,8.314285714285715,1.1,0.5452857142857143,0.3868968668785355,7,0.002571428571428558,28.0,59
USR_00204,8,1,1.0,121.0,121.0,20.69,1.0,10.0,1,0,0.0,1,STU_0453,81.77142857142857,3.2399999999999998,9.942857142857141,1.0,0.6941428571428572,0.4682656584676882,7,0.0387142857142857,28.0,59
USR_00204,10,1,1.0,40.0,40.0,20.06,1.0,1.0,1,0,0.0,1,STU_0453,58.728571428571435,4.58,7.414285714285714,1.0714285714285714,0.5198571428571429,0.47633664907909773,7,0.011428571428571455,28.0,59
USR_00204,14,1,1.0,11.0,11.0,8.72,0.8720000000000001,2.0,1,0,1.0,1,STU_0453,70.9,3.532857142857143,9.542857142857143,1.0,0.6592857142857144,0.45203452718812753,7,0.13128571428571445,28.0,59
USR_00204,15,1,1.0,30.0,30.0,9.77,0.977,10.0,1,1,0.0,1,STU_0453,76.7,3.365714285714286,9.771428571428572,1.0,0.6578571428571429,0.4231179850497711,7,-0.0014285714285714457,28.0,59
USR_00204,16,1,1.0,16.0,16.0,39.22,0.9804999999999999,8.0,1,1,0.0,1,STU_0453,74.62857142857142,3.4299999999999997,9.700000000000001,1.0285714285714287,0.6737142857142857,0.4337694312496441,7,0.015857142857142792,28.0,59
USR_00204,17,0,0.0,89.0,89.0,0.0,0.0,1.0,1,0,0.0,1,STU_0453,67.34285714285714,5.045714285714285,7.299999999999999,1.5714285714285714,0.48514285714285715,0.46524476609814563,7,-0.18857142857142856,28.0,59
USR_00212,6,0,0.0,13.0,13.0,0.0,0.0,4.0,1,0,0.0,1,STU_0254,40.55714285714286,6.661428571428571,5.757142857142857,3.8428571428571425,0.32757142857142857,0.42552910758807655,7,0.0008571428571428896,26.0,27
USR_00212,9,1,1.0,1.0,1.0,37.52,0.9380000000000001,8.0,1,0,1.0,1,STU_0254,52.44285714285714,6.357142857142857,4.942857142857143,3.8714285714285714,0.327,0.49109059062321936,7,-0.1504285714285714,26.0,27
USR_00212,12,1,1.0,18.0,18.0,43.81,1.0,4.0,1,0,0.0,1,STU_0254,59.34285714285714,5.467142857142856,7.171428571428572,3.0,0.49028571428571427,0.38306120050464576,7,0.22814285714285715,26.0,27
USR_00212,13,1,0.5,8.0,11.0,12.62,0.5,6.0,2,1,0.0,2,STU_0254,41.82142857142857,6.3028571428571425,5.271428571428571,3.9285714285714284,0.3181428571428571,0.5138466300512607,7,-0.17214285714285715,26.0,27
USR_00212,16,1,1.0,5.0,5.0,23.69,1.0,2.0,1,1,0.0,1,STU_0254,54.65714285714286,4.654285714285714,7.3,2.6999999999999997,0.5332857142857143,0.40327978356863303,7,-0.0055714285714286715,26.0,27
USR_00212,17,1,1.0,23.0,23.0,7.23,1.0,6.0,1,0,0.0,1,STU_0254,53.84285714285714,5.952857142857143,5.142857142857143,3.4285714285714284,0.37385714285714283,0.46423322272658524,7,-0.15942857142857142,26.0,27
USR_00212,18,0,0.0,15.0,28.0,0.0,0.0,3.5,2,0,0.5,2,STU_0254,76.0,6.39,5.7,4.2,0.434,0.665522854566812,1,0.060142857142857165,26.0,27
USR_00219,4,0,0.0,45.0,45.0,0.0,0.0,5.0,1,0,1.0,1,STU_0392,41.84285714285715,6.428571428571429,4.742857142857143,4.042857142857143,0.29185714285714287,0.5337694168037216,7,-0.2107142857142857,32.0,18
USR_00219,10,1,1.0,12.0,12.0,9.9,0.99,5.0,1,0,1.0,1,STU_0392,39.1,6.332857142857143,5.371428571428572,4.142857142857143,0.35414285714285715,0.4778168927594614,7,0.0040000000000000036,32.0,18
USR_00219,11,1,1.0,7.0,7.0,40.24,1.0,5.0,1,0,1.0,1,STU_0392,50.07142857142857,5.856428571428571,5.514285714285714,3.5285714285714285,0.3507142857142857,0.43768534368879664,7,-0.0034285714285714475,32.0,18
USR_00219,17,1,1.0,11.0,11.0,8.92,0.892,8.0,1,0,1.0,1,STU_0392,50.1,6.389285714285714,5.485714285714286,3.8714285714285714,0.3692857142857143,0.5301206466403758,7,-0.11100000000000004,32.0,18
USR_00234,1,1,1.0,6.0,6.0,13.74,1.0,5.0,1,0,0.0,1,STU_0013,88.2,8.072857142857142,3.3285714285714287,5.371428571428572,0.24742857142857141,0.5525836794468534,7,,34.0,29
USR_00234,8,1,1.0,1.0,1.0,40.28,1.0,9.0,1,1,0.0,1,STU_0013,86.52857142857144,5.404285714285714,5.685714285714285,5.1571428571428575,0.44985714285714284,0.5213877256098581,7,-0.023857142857142855,34.0,29
USR_00234,9,1,1.0,4.0,4.0,9.08,0.908,3.0,1,0,0.0,1,STU_0013,77.77142857142857,7.098571428571428,2.2285714285714286,5.914285714285714,0.25385714285714284,0.6239891294829355,7,-0.196,34.0,29
USR_00234,18,1,0.5,15.0,19.0,42.72,0.5,6.0,2,2,0.0,2,STU_0013,113.5,6.5,3.4,5.7,0.311,0.4498618905071973,1,0.0407142857142857,34.0,29
USR_00240,4,1,1.0,2.0,2.0,19.4,0.97,6.0,1,0,1.0,1,STU_0278,23.085714285714285,5.734285714285714,6.7,1.7857142857142858,0.3221428571428571,0.37595502184722535,7,-0.24028571428571427,25.0,26
USR_00240,15,1,1.0,52.0,52.0,42.21,1.0,1.0,1,0,0.0,1,STU_0278,37.18571428571429,3.8057142857142856,9.585714285714285,1.1,0.6268571428571429,0.3745442498776117,7,0.041857142857142926,25.0,26
USR_00240,16,1,1.0,68.0,68.0,7.72,0.772,1.0,1,0,1.0,1,STU_0278,29.17142857142857,4.232857142857143,9.085714285714285,1.0,0.5664285714285714,0.3499089176171582,7,-0.0604285714285715,25.0,26
USR_00247,2,2,1.0,22.0,28.0,50.32,0.991,6.5,2,1,0.0,2,STU_0301,21.95714285714286,5.6899999999999995,6.442857142857143,1.4714285714285715,0.37942857142857145,0.36906493653638056,7,-0.0038571428571428368,21.0,37
USR_00247,9,1,1.0,4.0,4.0,19.52,0.976,2.0,1,0,1.0,1,STU_0301,19.414285714285715,5.1571428571428575,6.6000000000000005,2.042857142857143,0.3692857142857143,0.3356642740346528,7,-0.24085714285714283,21.0,37
USR_00247,15,0,0.0,5.0,5.0,0.0,0.0,9.0,1,0,0.0,1,STU_0301,44.57142857142857,4.468571428571429,9.557142857142859,1.0,0.5695714285714286,0.34515952583684356,7,-0.0119999999999999,21.0,37
USR_00252,1,1,1.0,5.0,5.0,33.93,0.84825,5.0,1,1,0.0,1,STU_0309,87.2,7.498571428571429,3.7142857142857144,5.171428571428572,0.2657142857142857,0.5744874361890357,7,,30.0,23
USR_00252,2,1,1.0,2.0,2.0,21.32,1.0,5.0,1,0,1.0,1,STU_0309,85.18571428571428,6.889285714285714,3.442857142857143,6.142857142857143,0.25585714285714284,0.5511971695031488,7,-0.009857142857142842,30.0,23
USR_00252,3,1,0.5,3.5,4.0,10.85,0.5,5.0,2,0,0.5,2,STU_0309,97.42857142857143,5.585714285714286,5.585714285714286,3.857142857142857,0.42057142857142854,0.5401104529015152,7,0.1647142857142857,30.0,23
USR_00252,7,0,0.0,4.0,4.0,0.0,0.0,7.0,1,1,0.0,1,STU_0309,83.82857142857142,5.978571428571429,5.542857142857143,4.1571428571428575,0.4142857142857143,0.5455049290975101,7,0.17071428571428574,30.0,23
USR_00252,11,0,0.0,12.0,12.0,0.0,0.0,10.0,1,0,0.0,1,STU_0309,79.12857142857142,6.911428571428571,3.971428571428571,5.057142857142857,0.2945714285714286,0.5158079063072788,7,0.03842857142857142,30.0,23
USR_00255,2,0,0.0,11.0,11.0,0.0,0.0,7.0,1,0,0.0,1,STU_0459,51.771428571428565,6.752857142857144,5.585714285714286,3.4714285714285715,0.3162857142857143,0.4061608158607291,7,0.04014285714285715,21.0,3
USR_00255,3,1,0.5,40.0,79.0,21.42,0.5,7.0,2,2,0.5,2,STU_0459,63.785714285714285,5.137142857142857,6.928571428571429,2.9,0.46314285714285713,0.4636191518736998,7,0.14685714285714285,21.0,3
USR_00255,14,1,1.0,38.0,38.0,37.14,0.9285,5.0,1,1,0.0,1,STU_0459,63.34285714285714,4.804285714285714,7.414285714285714,3.2285714285714286,0.5034285714285714,0.46995442885736977,7,0.16842857142857143,21.0,3
USR_00255,16,1,1.0,66.0,66.0,23.42,1.0,3.0,1,0,0.0,1,STU_0459,64.38571428571429,5.07,7.771428571428571,2.9,0.47914285714285715,0.46037723344764814,7,0.037142857142857144,21.0,3
USR_00257,18,1,1.0,98.0,98.0,19.07,0.9535,5.0,1,0,1.0,1,STU_0024,80.4,6.53,5.3,3.4,0.225,0.4075294459345637,1,-0.12557142857142858,21.0,55
USR_00258,7,1,1.0,7.0,7.0,3.02,0.604,4.0,1,0,0.0,1,STU_0314,68.78571428571429,5.07,7.2,2.942857142857143,0.4774285714285714,0.3974968510172162,7,0.1372857142857143,10.0,4
USR_00258,9,1,1.0,5.0,5.0,16.41,0.8205,4.0,1,1,1.0,1,STU_0314,54.1,6.444285714285714,5.585714285714286,4.071428571428571,0.3494285714285715,0.4354124089328688,7,-0.18657142857142844,10.0,4
USR_00258,16,0,0.0,7.0,7.0,0.0,0.0,5.0,1,0,0.0,1,STU_0314,52.18571428571429,5.2700000000000005,7.285714285714286,3.3857142857142857,0.452,0.4433435357492041,7,-0.00014285714285711126,10.0,4
USR_00267,6,1,0.5,8.5,12.0,10.76,0.5,7.5,2,0,0.5,2,STU_0473,31.11428571428571,6.012857142857143,6.8428571428571425,1.157142857142857,0.3711428571428571,0.38184255985878496,7,-0.01200000000000001,20.0,37
USR_00267,7,1,1.0,1.0,1.0,24.14,1.0,10.0,1,1,0.0,1,STU_0473,26.771428571428572,4.678571428571429,9.771428571428572,1.2142857142857142,0.5484285714285714,0.31452892956373707,7,0.17728571428571427,20.0,37
USR_00267,8,1,1.0,42.0,42.0,16.34,0.817,5.0,1,0,0.0,1,STU_0473,31.74285714285714,3.935714285714286,9.285714285714286,1.3285714285714287,0.5794285714285714,0.377106933662688,7,0.031000000000000028,20.0,37
USR_00267,12,1,1.0,19.0,19.0,45.38,1.0,6.0,1,1,0.0,1,STU_0473,34.07142857142857,4.392857142857143,9.1,1.3714285714285714,0.5874285714285714,0.38175457670022495,7,0.21128571428571424,20.0,37
USR_00267,17,1,1.0,31.0,31.0,0.0,0.0,9.0,1,0,1.0,1,STU_0473,33.714285714285715,5.808571428571428,7.471428571428571,1.0714285714285714,0.4565714285714286,0.3666744793606237,7,-0.1125714285714286,20.0,37
USR_00271,2,1,1.0,13.0,13.0,19.54,0.977,5.0,1,0,0.0,1,STU_0183,50.04285714285714,6.607142857142857,6.014285714285714,3.4857142857142853,0.3057142857142857,0.4233937760342473,7,-0.004571428571428615,30.0,3
USR_00271,13,0,0.0,12.0,12.0,0.0,0.0,6.0,1,0,0.0,1,STU_0183,51.91428571428571,6.2,5.5,4.0285714285714285,0.38171428571428573,0.5047459122949836,7,-0.10957142857142854,30.0,3
USR_00271,14,0,0.0,5.0,5.0,0.0,0.0,4.0,1,0,1.0,1,STU_0183,60.32857142857143,5.08,6.914285714285714,3.1571428571428575,0.4667142857142857,0.43235251622130466,7,0.08499999999999996,30.0,3
USR_00283,1,1,1.0,1.0,1.0,39.04,0.976,3.0,1,1,1.0,1,STU_0439,52.528571428571425,6.344285714285713,4.8428571428571425,3.8999999999999995,0.2884285714285714,0.5314190908434344,7,,27.0,12
USR_00283,2,0,0.0,10.0,10.0,0.0,0.0,1.0,1,0,1.0,1,STU_0439,51.957142857142856,6.755714285714285,4.614285714285714,3.685714285714286,0.30657142857142855,0.5028800530703456,7,0.018142857142857127,27.0,12
USR_00283,8,0,0.0,2.0,2.0,0.0,0.0,5.0,1,0,1.0,1,STU_0439,63.857142857142854,5.018571428571429,6.228571428571429,3.557142857142857,0.43971428571428567,0.45386623398756115,7,-0.0267142857142858,27.0,12
USR_00292,8,1,1.0,48.0,48.0,0.0,0.0,5.0,1,0,1.0,1,STU_0492,61.614285714285714,5.077142857142857,7.671428571428572,3.257142857142857,0.512,0.49777589185296645,7,0.0022857142857143353,24.0,39
USR_00292,9,1,1.0,38.0,38.0,8.66,0.433,5.0,1,0,1.0,1,STU_0492,48.042857142857144,6.172142857142857,4.642857142857143,4.142857142857143,0.325,0.4708121553317719,7,-0.187,24.0,39
USR_00292,10,1,1.0,14.0,14.0,24.22,1.0,5.0,1,1,0.0,1,STU_0492,49.44285714285714,5.178571428571429,4.242857142857143,3.5142857142857147,0.29014285714285715,0.5123709911446105,7,-0.034857142857142864,24.0,39
USR_00292,13,0,0.0,11.0,11.0,0.0,0.0,4.0,1,0,0.0,1,STU_0492,46.642857142857146,6.522857142857142,4.285714285714286,3.3285714285714287,0.27471428571428574,0.46311925070265525,7,-0.21228571428571424,24.0,39
USR_00292,17,2,1.0,89.0,165.0,39.68,0.496,4.5,2,1,0.5,2,STU_0492,60.628571428571426,6.301428571428572,4.671428571428572,4.042857142857143,0.32771428571428574,0.5008500189258017,7,-0.1484285714285714,24.0,39
USR_00292,18,1,1.0,11.0,11.0,25.55,1.0,9.0,1,0,0.0,1,STU_0492,69.9,7.48,6.7,3.5,0.381,0.4401928662894128,1,0.05328571428571427,24.0,39
USR_00297,2,1,1.0,12.0,12.0,20.19,1.0,9.0,1,0,1.0,1,STU_0366,80.01428571428572,7.517142857142858,3.7285714285714286,5.2,0.26142857142857145,0.5525915128578796,7,-0.02342857142857141,23.0,7
USR_00297,10,0,0.0,23.0,23.0,0.0,0.0,5.0,1,0,1.0,1,STU_0366,85.74285714285715,7.088571428571428,2.7,5.871428571428572,0.23914285714285716,0.5684044496767815,7,-0.0054285714285714215,23.0,7
USR_00297,18,1,1.0,31.0,31.0,24.35,1.0,6.0,1,0,1.0,1,STU_0366,101.5,7.44,2.1,4.1,0.202,0.60110744879216,1,-0.033857142857142836,23.0,7
USR_00299,13,1,1.0,15.0,15.0,18.6,0.93,2.0,1,0,1.0,1,STU_0294,42.41428571428571,7.281428571428571,5.957142857142857,3.442857142857143,0.31214285714285717,0.39990066978431155,7,-0.17785714285714288,26.0,18
USR_00299,17,0,0.0,5.0,5.0,0.0,0.0,6.0,1,1,0.0,1,STU_0294,56.642857142857146,6.598571428571428,4.671428571428572,4.128571428571429,0.30657142857142855,0.469325367328242,7,-0.2255714285714286,26.0,18
USR_00310,2,0,0.0,4.0,4.0,0.0,0.0,6.0,1,0,1.0,1,STU_0151,109.71428571428571,6.241428571428571,4.671428571428572,4.5285714285714285,0.29714285714285715,0.4645999401879952,7,0.02557142857142858,29.0,27
USR_00310,7,1,1.0,1.0,1.0,20.25,1.0,9.0,1,0,0.0,1,STU_0151,51.32857142857143,5.390000000000001,7.585714285714286,2.1,0.4837142857142857,0.44512102541539383,7,0.124,29.0,27
USR_00310,10,1,1.0,1.0,1.0,7.3,0.73,9.0,1,1,1.0,1,STU_0151,60.957142857142856,6.465714285714285,4.585714285714286,3.9285714285714284,0.2977142857142857,0.5071919280343131,7,-0.0028571428571428914,29.0,27
USR_00310,11,0,0.0,3.5,4.0,0.0,0.0,7.5,2,1,0.5,2,STU_0151,49.1,6.507142857142858,5.757142857142857,3.5142857142857147,0.32642857142857146,0.5084760984587479,7,0.028714285714285748,29.0,27
USR_00310,14,0,0.0,1.0,1.0,0.0,0.0,2.0,1,0,0.0,1,STU_0151,54.45714285714286,4.855714285714286,7.042857142857143,3.042857142857143,0.46214285714285713,0.39022339033971243,7,0.17357142857142854,29.0,27
USR_00315,1,1,1.0,11.0,11.0,9.31,0.931,1.0,1,1,1.0,1,STU_0260,29.135714285714283,4.914285714285714,6.442857142857143,1.5,0.366,0.4081683676045958,7,,29.0,9
USR_00315,2,1,1.0,25.0,25.0,15.27,1.0,10.0,1,0,1.0,1,STU_0260,17.485714285714288,6.055714285714286,7.285714285714286,2.042857142857143,0.40285714285714286,0.3976527447106026,7,0.036857142857142866,29.0,9
USR_00315,7,1,1.0,35.0,35.0,39.9,0.9974999999999999,5.0,1,0,0.0,1,STU_0260,29.92142857142857,4.226428571428571,9.485714285714286,1.2428571428571427,0.5812857142857143,0.4026199418699992,7,0.15685714285714286,29.0,9
USR_00315,8,1,1.0,5.0,5.0,36.53,0.91325,1.0,1,0,0.0,1,STU_0260,40.971428571428575,4.276428571428571,9.685714285714285,1.0142857142857142,0.6092857142857142,0.3872659321162618,7,0.027999999999999914,29.0,9
USR_00315,13,1,1.0,4.0,4.0,35.67,0.89175,5.0,1,0,0.0,1,STU_0260,21.271428571428572,5.732857142857142,6.814285714285715,1.3857142857142857,0.35557142857142854,0.4172850110322014,7,-0.22985714285714287,29.0,9
USR_00319,5,1,1.0,37.0,37.0,11.53,1.0,6.0,1,0,0.0,1,STU_0156,21.97142857142857,5.635714285714286,6.914285714285714,1.3142857142857143,0.39785714285714285,0.3535568773589174,7,0.010714285714285732,29.0,32
USR_00319,8,1,1.0,14.0,14.0,5.91,0.591,4.0,1,0,1.0,1,STU_0156,35.82857142857143,4.601428571428571,9.228571428571428,1.0714285714285714,0.547,0.4022087278900553,7,-0.010000000000000009,29.0,32
USR_00319,11,1,1.0,112.0,112.0,6.38,0.638,3.0,1,0,0.0,1,STU_0156,34.73571428571429,5.58,7.128571428571428,1.4285714285714286,0.409,0.38796028669580457,7,0.0032857142857142807,29.0,32
USR_00322,3,0,0.0,9.0,9.0,0.0,0.0,7.0,1,0,1.0,1,STU_0048,33.128571428571426,4.548571428571429,8.742857142857144,1.1428571428571428,0.5368571428571428,0.3243541467215883,7,0.10242857142857137,30.0,20
USR_00322,14,1,1.0,32.0,32.0,20.03,1.0,10.0,1,0,1.0,1,STU_0048,28.685714285714287,4.75,9.057142857142857,1.3285714285714287,0.5521428571428572,0.36551141173068163,7,0.1504285714285714,30.0,20
USR_00322,16,1,1.0,60.0,60.0,20.55,1.0,8.0,1,0,0.0,1,STU_0048,43.25714285714286,3.8628571428571425,8.842857142857143,1.157142857142857,0.5599999999999999,0.39427804399243843,7,-0.02557142857142869,30.0,20
USR_00323,1,1,1.0,12.0,12.0,10.13,1.0,4.0,1,0,1.0,1,STU_0445,48.17142857142857,6.394285714285714,5.271428571428571,3.5142857142857147,0.35714285714285715,0.4443433137193181,7,,27.0,38
USR_00323,2,0,0.0,14.0,14.0,0.0,0.0,5.0,1,0,0.0,1,STU_0445,50.714285714285715,6.275714285714286,5.214285714285714,4.3428571428571425,0.30414285714285716,0.517342806901973,7,-0.05299999999999999,27.0,38
USR_00323,7,0,0.0,4.0,4.0,0.0,0.0,1.0,1,0,0.0,1,STU_0445,59.23571428571428,5.301428571428572,7.371428571428572,3.9,0.46185714285714285,0.461203655978795,7,0.14142857142857146,27.0,38
USR_00323,9,1,1.0,7.0,7.0,6.2,0.62,2.0,1,0,0.0,1,STU_0445,48.65714285714286,6.292857142857143,5.285714285714286,3.642857142857143,0.32157142857142856,0.39803487415285405,7,-0.15071428571428575,27.0,38
USR_00323,14,0,0.0,24.0,24.0,0.0,0.0,1.0,1,1,0.0,1,STU_0445,58.857142857142854,4.821428571428571,7.114285714285714,3.0714285714285716,0.47000000000000003,0.4176009284679128,7,0.15142857142857147,27.0,38
USR_00323,16,0,0.0,36.0,36.0,0.0,0.0,9.0,1,0,0.0,1,STU_0445,58.94285714285714,5.144285714285714,7.114285714285715,3.6999999999999997,0.4998571428571429,0.4669932779135187,7,0.013571428571428623,27.0,38
USR_00323,18,1,0.5,7.5,9.0,9.77,0.5,5.0,2,1,1.0,2,STU_0445,53.5,6.01,5.5,3.6,0.36,0.4717540508522908,1,0.06814285714285712,27.0,38
USR_00325,6,0,0.0,275.0,275.0,0.0,0.0,1.0,1,1,0.0,1,STU_0125,20.228571428571428,5.682857142857143,6.757142857142857,1.3142857142857143,0.40528571428571425,0.36932381125450725,7,-0.04928571428571438,18.0,52
USR_00325,7,1,1.0,10.0,10.0,36.28,0.907,5.0,1,0,0.0,1,STU_0125,31.485714285714288,4.392857142857143,9.007142857142856,1.0142857142857142,0.5791428571428572,0.4486122281957095,7,0.17385714285714293,18.0,52
USR_00325,10,1,1.0,2.0,2.0,20.23,1.0,8.0,1,0,0.0,1,STU_0125,25.571428571428573,5.6499999999999995,7.414285714285714,1.957142857142857,0.44057142857142856,0.3930750507769682,7,0.03785714285714287,18.0,52
USR_00325,12,1,1.0,84.0,84.0,19.31,0.9654999999999999,5.0,1,0,0.0,1,STU_0125,36.285714285714285,4.611428571428571,9.928571428571429,1.0285714285714287,0.5764285714285714,0.34834374207961133,7,0.21857142857142858,18.0,52
USR_00325,13,1,1.0,194.0,194.0,11.73,1.0,9.0,1,0,0.0,1,STU_0125,31.114285714285717,5.661428571428572,7.228571428571429,1.9285714285714286,0.39085714285714285,0.3750306404923721,7,-0.18557142857142855,18.0,52
USR_00325,16,1,1.0,54.0,54.0,13.49,1.0,6.0,1,0,1.0,1,STU_0125,34.41428571428572,4.501428571428571,9.542857142857143,1.0,0.5577142857142857,0.37577960107245506,7,-0.032714285714285696,18.0,52
USR_00332,7,0,0.0,8.0,8.0,0.0,0.0,5.0,1,0,1.0,1,STU_0359,85.11428571428571,3.5242857142857145,9.87142857142857,1.0,0.6749999999999999,0.43502845585274974,7,0.16514285714285704,23.0,24
USR_00332,11,2,1.0,6.5,9.0,31.25,1.0,5.5,2,1,0.0,2,STU_0359,68.4,5.335714285714286,8.528571428571428,1.0714285714285714,0.5288571428571428,0.4251366968277765,7,0.019999999999999907,23.0,24
USR_00332,15,0,0.0,18.0,18.0,0.0,0.0,10.0,1,0,0.0,1,STU_0359,75.51428571428572,3.1585714285714284,9.742857142857144,1.2,0.6797142857142857,0.4620185601415416,7,0.0038571428571428923,23.0,24
USR_00344,5,0,0.0,1.0,1.0,0.0,0.0,6.0,1,0,0.0,1,STU_0005,143.17142857142858,7.445714285714286,2.814285714285714,5.578571428571428,0.24500000000000002,0.6005137297262151,7,0.015571428571428625,25.0,14
USR_00344,9,0,0.0,2.0,2.0,0.0,0.0,7.0,1,0,0.0,1,STU_0005,99.52857142857144,7.348571428571428,3.0142857142857147,5.792857142857143,0.2317142857142857,0.6619483594602815,7,-0.16257142857142853,25.0,14
USR_00344,14,0,0.0,7.0,7.0,0.0,0.0,5.0,1,0,1.0,1,STU_0005,102.72857142857143,5.898571428571429,5.6000000000000005,3.814285714285714,0.46485714285714286,0.5621786995292045,7,0.22328571428571428,25.0,14
USR_00355,12,1,1.0,43.0,43.0,13.62,0.6809999999999999,5.0,1,0,0.0,1,STU_0079,75.52857142857144,3.7800000000000002,9.614285714285714,1.0,0.6442857142857142,0.5051143638730577,7,0.11442857142857132,27.0,26
USR_00355,17,1,1.0,37.0,37.0,9.9,0.99,6.0,1,0,0.0,1,STU_0079,70.11428571428571,5.558571428571428,7.3428571428571425,1.4857142857142858,0.5091428571428571,0.4381951470607407,7,-0.15542857142857147,27.0,26
USR_00355,18,0,0.0,39.0,39.0,0.0,0.0,9.0,1,0,0.0,1,STU_0079,65.7,4.53,7.2,1.0,0.441,0.433111842102339,1,-0.06814285714285712,27.0,26
USR_00367,12,2,1.0,80.5,138.0,21.799999999999997,0.8885000000000001,5.5,2,0,0.0,2,STU_0378,27.021428571428572,4.291428571428571,9.414285714285715,1.0285714285714287,0.5987142857142856,0.35153976382064694,7,0.19171428571428561,30.0,66
USR_00367,17,1,1.0,32.0,32.0,38.55,0.9637499999999999,5.0,1,0,1.0,1,STU_0378,36.042857142857144,5.5442857142857145,7.142857142857143,1.9000000000000001,0.4397142857142858,0.3977358645245621,7,-0.07814285714285713,30.0,66
USR_00367,18,1,1.0,97.0,97.0,3.5,0.7,7.0,1,0,0.0,1,STU_0378,0.0,3.89,7.0,1.7,0.423,0.4026875558737938,1,-0.016714285714285793,30.0,66
USR_00394,1,1,1.0,25.0,25.0,13.49,1.0,8.0,1,0,1.0,1,STU_0154,42.042857142857144,6.324285714285715,4.428571428571429,3.642857142857143,0.2524285714285714,0.5104804157818948,7,,29.0,15
USR_00394,3,1,1.0,1.0,1.0,0.0,0.0,5.0,1,0,1.0,1,STU_0154,72.24285714285715,5.548571428571428,7.471428571428571,2.9714285714285715,0.49228571428571427,0.49806819607118874,7,0.17814285714285716,29.0,15
USR_00394,9,0,0.0,7.0,7.0,0.0,0.0,1.0,1,0,0.0,1,STU_0154,50.72857142857142,6.632857142857143,5.8,3.585714285714286,0.364,0.4913248682314496,7,-0.12342857142857144,29.0,15
USR_00394,11,1,1.0,15.0,15.0,11.28,1.0,6.0,1,0,1.0,1,STU_0154,46.214285714285715,6.711428571428571,4.428571428571429,4.457142857142857,0.26471428571428574,0.48155033177056833,7,-0.018714285714285683,29.0,15
USR_00403,6,0,0.0,10.0,10.0,0.0,0.0,10.0,1,0,1.0,1,STU_0372,32.9,6.144285714285714,6.671428571428571,1.4142857142857144,0.3525714285714286,0.4473421966039544,7,-0.045857142857142874,22.0,33
USR_00403,7,0,0.0,3.5,6.0,0.0,0.0,8.0,2,0,0.5,2,STU_0372,31.585714285714285,4.05,8.77142857142857,1.1285714285714286,0.566,0.43216093142330186,7,0.21342857142857136,22.0,33
USR_00403,10,0,0.0,11.0,11.0,0.0,0.0,6.0,1,0,0.0,1,STU_0372,17.37142857142857,5.402857142857143,6.714285714285714,1.3571428571428572,0.4122857142857143,0.41570285173722593,7,-0.02899999999999997,22.0,33
USR_00403,15,0,0.0,3.0,3.0,0.0,0.0,5.0,1,0,0.0,1,STU_0372,30.342857142857145,5.012857142857143,9.4,1.0714285714285714,0.5241428571428571,0.38437691669352325,7,-0.013000000000000012,22.0,33
USR_00403,18,0,0.0,5.0,5.0,0.0,0.0,9.0,1,0,0.0,1,STU_0372,0.4,6.67,6.9,1.0,0.335,0.4580633186416167,1,-0.09199999999999997,22.0,33
USR_00409,1,2,1.0,62.0,63.0,56.23,1.0,5.5,2,0,0.0,2,STU_0145,51.91428571428572,6.718571428571429,5.014285714285714,3.8857142857142857,0.3172857142857143,0.4932609227490899,7,,18.0,93
USR_00409,6,1,1.0,93.0,93.0,11.16,1.0,4.0,1,1,0.0,1,STU_0145,40.642857142857146,6.292857142857143,5.014285714285714,4.285714285714286,0.28500000000000003,0.4188257047639731,7,-0.03757142857142853,18.0,93
USR_00409,9,1,1.0,5.0,5.0,24.28,1.0,5.0,1,0,0.0,1,STU_0145,50.32857142857143,6.362857142857143,5.114285714285714,4.114285714285715,0.3232857142857143,0.451937584855075,7,-0.19485714285714284,18.0,93
USR_00409,11,2,1.0,126.5,162.0,5.11,0.511,7.5,2,2,0.0,2,STU_0145,46.6,5.731428571428571,5.128571428571428,3.5714285714285716,0.34142857142857147,0.4718859400276369,7,-0.007857142857142785,18.0,93
USR_00409,12,1,1.0,20.0,20.0,18.23,0.9115,3.0,1,0,0.0,1,STU_0145,62.471428571428575,5.1814285714285715,7.514285714285714,3.685714285714286,0.48342857142857143,0.4103265409269093,7,0.14199999999999996,18.0,93
USR_00409,14,1,1.0,11.0,11.0,40.73,1.0,10.0,1,0,1.0,1,STU_0145,51.17142857142857,4.7871428571428565,7.642857142857143,3.228571428571428,0.5174285714285715,0.45315615039231866,7,0.2315714285714286,18.0,93
USR_00409,16,2,1.0,106.0,200.0,50.94,0.986375,4.5,2,0,0.0,2,STU_0145,65.04285714285714,5.08,7.014285714285714,2.957142857142857,0.4975714285714286,0.45672893003533666,7,0.00957142857142862,18.0,93
USR_00409,18,3,1.0,59.0,105.0,37.86,0.9398333333333334,8.0,2,1,0.0,3,STU_0145,65.5,6.75,6.7,3.8,0.407,0.5512597706575106,1,0.07728571428571429,18.0,93
USR_00411,1,1,1.0,10.0,10.0,24.23,1.0,5.0,1,1,1.0,1,STU_0416,23.37142857142857,5.701428571428571,6.457142857142857,1.5571428571428572,0.38357142857142856,0.3946155149134752,7,,30.0,39
USR_00411,14,0,0.0,3.0,3.0,0.0,0.0,4.0,1,1,0.0,1,STU_0416,39.357142857142854,4.336428571428572,9.085714285714285,1.1857142857142857,0.5718571428571428,0.38908738673850424,7,0.138,30.0,39
USR_00412,5,1,1.0,271.0,271.0,10.75,1.0,6.0,1,0,1.0,1,STU_0433,53.58571428571429,7.0371428571428565,4.971428571428571,4.1571428571428575,0.29300000000000004,0.4671093696142759,7,-0.03999999999999998,20.0,35
USR_00412,11,1,1.0,49.0,49.0,0.0,0.0,5.0,1,0,1.0,1,STU_0433,46.614285714285714,6.685714285714285,4.742857142857143,4.2,0.271,0.4801967287067314,7,0.010428571428571454,20.0,35
USR_00412,15,1,1.0,2.0,2.0,7.77,1.0,4.0,1,0,0.0,1,STU_0433,53.34285714285714,4.848571428571428,7.357142857142857,3.5714285714285716,0.5161428571428571,0.48319149967028213,7,0.0665714285714285,20.0,35
USR_00412,17,1,1.0,105.0,105.0,2.61,0.522,6.0,1,0,0.0,1,STU_0433,48.971428571428575,6.301428571428572,5.557142857142857,4.2,0.3182857142857142,0.4379157122664089,7,-0.21014285714285713,20.0,35
USR_00412,18,1,1.0,152.0,152.0,37.22,0.9305,5.0,1,0,0.0,1,STU_0433,47.4,6.08,5.3,4.6,0.366,0.4874087667426667,1,0.047714285714285765,20.0,35
USR_00415,6,0,0.0,3.0,3.0,0.0,0.0,6.0,1,0,0.0,1,STU_0243,86.62857142857142,7.7457142857142856,3.357142857142857,5.728571428571429,0.24957142857142858,0.6015547648428193,7,-0.030857142857142833,27.0,18
USR_00415,15,1,0.5,9.0,11.0,40.33,0.5,5.5,2,0,0.0,2,STU_0243,95.32857142857142,5.614285714285714,5.3428571428571425,4.214285714285714,0.41685714285714287,0.571423556840888,7,-0.009285714285714286,27.0,18
USR_00415,18,1,1.0,34.0,34.0,40.78,1.0,8.0,1,0,0.0,1,STU_0243,83.5,7.08,2.4,7.0,0.325,0.5408616027707485,1,0.07171428571428573,27.0,18
USR_00417,5,0,0.0,7.0,7.0,0.0,0.0,2.0,1,0,0.0,1,STU_0330,49.714285714285715,5.988571428571428,4.242857142857143,4.128571428571429,0.33585714285714285,0.490987260012818,7,0.01785714285714285,25.0,38
USR_00417,7,0,0.0,2.0,2.0,0.0,0.0,5.0,1,1,1.0,1,STU_0330,63.471428571428575,5.373571428571429,6.742857142857143,3.5,0.4767142857142857,0.4586484274432407,7,0.16357142857142853,25.0,38
USR_00417,16,1,0.5,5.0,6.0,37.74,0.47175,5.0,2,0,0.5,2,STU_0330,60.48571428571428,4.710714285714286,7.235714285714287,3.814285714285714,0.5125714285714286,0.4023503456190838,7,-0.022428571428571464,25.0,38
USR_00421,11,2,1.0,7.5,11.0,10.17,0.5,4.0,2,0,0.0,2,STU_0471,51.642857142857146,6.781428571428571,4.8999999999999995,4.414285714285714,0.31585714285714284,0.5058853152870892,7,0.008285714285714285,24.0,13
USR_00421,12,1,1.0,14.0,14.0,21.44,1.0,5.0,1,0,1.0,1,STU_0471,59.385714285714286,5.034285714285714,8.014285714285714,3.142857142857143,0.5417142857142857,0.5142406543642266,7,0.22585714285714287,24.0,13
USR_00421,13,1,1.0,9.0,9.0,14.98,0.749,5.0,1,0,1.0,1,STU_0471,45.957142857142856,6.7457142857142856,5.428571428571429,3.457142857142857,0.29085714285714287,0.4783944054132239,7,-0.25085714285714283,24.0,13
USR_00421,15,1,1.0,3.0,3.0,24.72,1.0,6.0,1,0,0.0,1,STU_0471,59.91428571428571,5.268571428571428,7.714285714285714,2.585714285714286,0.5198571428571428,0.49223176817909814,7,0.0028571428571427804,24.0,13
USR_00421,16,0,0.0,3.0,3.0,0.0,0.0,2.0,1,0,0.0,1,STU_0471,58.94285714285714,5.091428571428572,7.314285714285715,2.8857142857142857,0.47785714285714287,0.4594352690349753,7,-0.041999999999999926,24.0,13
USR_00421,18,1,1.0,29.0,29.0,9.83,0.983,9.0,1,0,0.0,1,STU_0471,52.6,5.96,6.7,4.4,0.429,0.4944449506796474,1,0.1392857142857143,24.0,13
USR_00424,3,0,0.0,4.0,4.0,0.0,0.0,5.0,1,0,1.0,1,STU_0022,36.128571428571426,4.457142857142857,8.457142857142857,1.2857142857142858,0.558,0.3154267038268094,7,0.10942857142857149,15.0,28
USR_00424,5,0,0.0,1.0,1.0,0.0,0.0,3.0,1,1,0.0,1,STU_0022,29.2,6.111428571428571,6.828571428571428,1.457142857142857,0.37757142857142856,0.45573239394210197,7,-0.0832857142857143,15.0,28
USR_00424,9,0,0.0,11.0,11.0,0.0,0.0,1.0,1,0,0.0,1,STU_0022,25.392857142857142,5.885714285714286,7.228571428571429,1.4000000000000001,0.3812857142857143,0.44023354900887746,7,-0.1901428571428571,15.0,28
USR_00424,10,0,0.0,4.0,4.0,0.0,0.0,5.0,1,0,0.0,1,STU_0022,23.335714285714285,6.048571428571429,7.185714285714285,1.4000000000000001,0.39199999999999996,0.4047812015818603,7,0.010714285714285676,15.0,28
USR_00424,12,0,0.0,12.0,12.0,0.0,0.0,8.0,1,0,0.0,1,STU_0022,38.92857142857143,4.551428571428572,8.457142857142857,1.2714285714285716,0.5122857142857143,0.3436564278828361,7,0.08414285714285724,15.0,28
USR_00431,2,1,1.0,35.0,35.0,10.73,1.0,3.0,1,1,0.0,1,STU_0361,15.528571428571428,6.214285714285714,7.1000000000000005,1.7,0.39271428571428574,0.33737895324007117,7,0.018285714285714294,32.0,34
USR_00431,10,1,1.0,20.0,20.0,19.48,0.974,10.0,1,0,1.0,1,STU_0361,17.67142857142857,6.217142857142856,6.942857142857142,2.142857142857143,0.37185714285714283,0.44776502775803195,7,-0.04014285714285715,32.0,34
USR_00431,14,1,1.0,13.0,13.0,19.57,0.9785,10.0,1,0,0.0,1,STU_0361,37.67142857142857,4.615714285714286,9.200000000000001,1.0142857142857142,0.5631428571428572,0.42804863844041285,7,0.1652857142857143,32.0,34
USR_00431,17,1,1.0,16.0,16.0,39.38,0.9845,1.0,1,0,0.0,1,STU_0361,16.614285714285714,5.9957142857142856,7.085714285714286,1.4285714285714286,0.3814285714285714,0.3271437849452786,7,-0.1730000000000001,32.0,34
USR_00433,3,0,0.0,3.0,3.0,0.0,0.0,10.0,1,0,1.0,1,STU_0311,89.11428571428571,6.313571428571429,5.442857142857143,4.957142857142857,0.3687142857142857,0.5629427820629153,7,0.154,17.0,22
USR_00433,8,0,0.0,25.0,25.0,0.0,0.0,7.0,1,0,0.0,1,STU_0311,105.78571428571429,5.5200000000000005,6.242857142857143,4.557142857142857,0.4887142857142857,0.5741783764821954,7,0.10942857142857138,17.0,22
USR_00433,16,1,1.0,25.0,25.0,12.87,1.0,1.0,1,0,0.0,1,STU_0311,98.7,5.9071428571428575,6.385714285714286,5.028571428571429,0.42842857142857144,0.47659641656766005,7,-0.006714285714285728,17.0,22
USR_00433,18,0,0.0,23.0,23.0,0.0,0.0,8.0,1,0,1.0,1,STU_0311,90.7,6.34,3.9,5.7,0.329,0.3579090112453854,1,0.08100000000000002,17.0,22
USR_00434,10,1,1.0,51.0,51.0,10.24,1.0,7.0,1,0,1.0,1,STU_0207,84.08571428571429,7.340000000000001,3.1999999999999997,5.6571428571428575,0.24571428571428572,0.5754607897887786,7,-0.0252857142857143,18.0,5
USR_00434,17,1,1.0,19.0,19.0,17.1,0.8550000000000001,1.0,1,0,0.0,1,STU_0207,77.32857142857142,7.321428571428571,3.0714285714285716,5.735714285714286,0.26542857142857146,0.5643776301203889,7,-0.11514285714285716,18.0,5
USR_00434,18,2,1.0,72.0,122.0,83.21000000000001,1.0,5.0,2,0,0.0,2,STU_0207,122.8,5.88,1.0,6.9,0.313,0.6026871588708695,1,0.04757142857142854,18.0,5
USR_00437,1,1,1.0,112.0,112.0,10.02,1.0,6.0,1,0,0.0,1,STU_0027,45.48571428571428,6.194285714285714,5.185714285714285,4.414285714285714,0.309,0.49788305657281384,7,,20.0,26
USR_00437,4,1,0.5,57.0,103.0,40.13,0.5,3.0,2,0,0.0,2,STU_0027,47.55714285714286,6.63,5.257142857142857,3.6999999999999997,0.31757142857142856,0.38663587821176465,7,-0.23528571428571426,20.0,26
USR_00437,5,1,1.0,38.0,38.0,9.7,0.97,9.0,1,0,0.0,1,STU_0027,44.771428571428565,6.634285714285714,5.614285714285714,3.314285714285714,0.34885714285714287,0.41109304836519256,7,0.031285714285714306,20.0,26
USR_00437,12,1,1.0,129.0,129.0,40.29,1.0,5.0,1,0,0.0,1,STU_0027,63.5,5.104285714285715,7.985714285714287,3.642857142857143,0.5147142857142858,0.48344318573785794,7,0.17585714285714293,20.0,26
USR_00440,3,1,1.0,25.0,25.0,13.23,1.0,9.0,1,0,1.0,1,STU_0405,36.27142857142857,4.634285714285714,9.028571428571428,1.0714285714285714,0.5607142857142857,0.3711039893240082,7,0.13128571428571428,27.0,23
USR_00440,10,1,1.0,31.0,31.0,21.08,1.0,6.0,1,0,1.0,1,STU_0405,35.1,5.378571428571428,7.028571428571429,2.0714285714285716,0.39699999999999996,0.4293411942677573,7,-0.023571428571428577,27.0,23
USR_00440,13,1,1.0,21.0,21.0,9.74,0.974,10.0,1,0,0.0,1,STU_0405,29.52857142857143,5.902857142857143,6.971428571428571,1.2142857142857142,0.4178571428571428,0.42930555403921666,7,-0.16385714285714292,27.0,23
USR_00440,17,1,1.0,105.0,105.0,10.21,1.0,6.0,1,1,0.0,1,STU_0405,23.942857142857143,5.925714285714285,7.328571428571428,1.8142857142857143,0.3765714285714286,0.4057839889549667,7,-0.17657142857142855,27.0,23
USR_00444,1,1,1.0,1.0,1.0,8.07,0.807,5.0,1,0,0.0,1,STU_0442,56.68571428571429,4.7942857142857145,8.357142857142858,1.0,0.5305714285714286,0.3879367865278894,7,,19.0,27
USR_00444,3,0,0.0,2.0,2.0,0.0,0.0,3.0,1,1,1.0,1,STU_0442,73.42142857142858,3.3771428571428572,9.642857142857142,1.0,0.6578571428571429,0.415991372436822,7,0.13142857142857145,19.0,27
USR_00444,4,0,0.0,9.0,9.0,0.0,0.0,2.0,1,0,0.0,1,STU_0442,63.60000000000001,4.854285714285715,8.7,1.1428571428571428,0.5558571428571428,0.4830484257999072,7,-0.10200000000000009,19.0,27
USR_00444,8,0,0.0,4.5,5.0,0.0,0.0,8.5,2,0,0.5,2,STU_0442,72.51428571428572,3.5171428571428573,9.771428571428572,1.2857142857142858,0.6845714285714285,0.4943296237560619,7,0.06085714285714283,19.0,27
USR_00444,11,0,0.0,2.0,2.0,0.0,0.0,3.0,1,0,1.0,1,STU_0442,69.3,4.76,7.985714285714286,1.0,0.5318571428571428,0.37280124558091965,7,0.02028571428571424,19.0,27
USR_00444,12,0,0.0,3.5,6.0,0.0,0.0,7.0,1,1,0.5,2,STU_0442,72.02857142857142,3.3214285714285716,9.971428571428572,1.0,0.7014285714285714,0.4159569557718881,7,0.1695714285714286,19.0,27
USR_00451,6,0,0.0,9.0,9.0,0.0,0.0,4.0,1,0,1.0,1,STU_0053,53.25714285714286,6.452857142857143,4.957142857142857,4.1,0.3232857142857143,0.5228631148215762,7,-0.0040000000000000036,27.0,9
USR_00451,10,0,0.0,1.0,1.0,0.0,0.0,6.0,1,1,1.0,1,STU_0053,44.94285714285714,6.507142857142857,5.042857142857143,3.6142857142857143,0.282,0.43348567758947737,7,-0.03557142857142859,27.0,9
USR_00458,2,0,0.0,11.0,11.0,0.0,0.0,6.0,1,0,1.0,1,STU_0021,29.185714285714287,5.3914285714285715,7.0,1.3857142857142857,0.4164285714285714,0.37029899029465063,7,0.021999999999999964,20.0,12
USR_00458,5,1,1.0,11.0,11.0,10.03,1.0,6.0,1,0,0.0,1,STU_0021,18.5,5.838571428571428,7.6000000000000005,1.5857142857142856,0.38499999999999995,0.3777819009876287,7,0.0071428571428571175,20.0,12
USR_00458,11,0,0.0,3.0,3.0,0.0,0.0,5.0,1,0,0.0,1,STU_0021,28.914285714285715,5.835714285714286,6.671428571428572,1.4000000000000001,0.403,0.4122578411311751,7,-0.009857142857142842,20.0,12
USR_00461,9,2,1.0,7.0,12.0,29.259999999999998,0.972,7.5,2,1,0.5,2,STU_0186,45.41428571428571,6.828571428571428,5.107142857142857,3.5714285714285716,0.29300000000000004,0.44755267236943164,7,-0.15128571428571425,25.0,3
USR_00461,16,1,1.0,25.0,25.0,10.86,1.0,6.0,1,0,1.0,1,STU_0186,59.98571428571428,4.864285714285714,7.857142857142857,3.3428571428571425,0.5134285714285715,0.41626921831020397,7,0.019428571428571517,25.0,3
USR_00461,17,2,1.0,29.0,47.0,29.09,0.9675,3.5,2,0,0.5,2,STU_0186,48.471428571428575,6.154285714285714,4.992857142857143,4.014285714285714,0.32071428571428573,0.4720298164966526,7,-0.19271428571428573,25.0,3
USR_00464,7,1,1.0,1.0,1.0,3.1,0.62,6.0,1,0,0.0,1,STU_0235,35.44285714285714,4.652857142857143,8.742857142857144,1.0285714285714287,0.5334285714285715,0.4050166052441694,7,0.14171428571428574,23.0,32
USR_00464,15,0,0.0,16.0,17.0,0.0,0.0,7.0,1,0,0.5,2,STU_0235,36.75714285714286,4.239285714285714,9.214285714285714,1.157142857142857,0.5867142857142857,0.3492254633055484,7,-0.034571428571428586,23.0,32
USR_00464,16,0,0.0,2.0,2.0,0.0,0.0,5.0,1,1,0.0,1,STU_0235,39.98571428571428,4.083571428571429,9.200000000000001,1.1714285714285713,0.5928571428571429,0.3491966745187116,7,0.006142857142857117,23.0,32
USR_00464,17,1,1.0,20.0,20.0,18.2,0.9099999999999999,5.0,1,0,1.0,1,STU_0235,31.714285714285715,5.573571428571428,6.942857142857143,1.2142857142857142,0.4227142857142857,0.3640054673591493,7,-0.17014285714285715,23.0,32
USR_00464,18,1,1.0,5.0,5.0,15.16,0.758,7.0,1,0,0.0,1,STU_0235,37.4,6.15,6.3,1.5,0.304,0.4327491468707907,1,-0.11871428571428572,23.0,32
USR_00472,2,1,1.0,49.0,49.0,9.39,0.9390000000000001,6.0,1,0,0.0,1,STU_0337,92.77857142857144,7.299285714285714,2.8714285714285714,6.2,0.2292857142857143,0.5264519011069538,7,-0.018000000000000016,31.0,86
USR_00472,7,1,1.0,274.0,274.0,9.88,0.9880000000000001,7.0,1,1,0.0,1,STU_0337,99.8,5.192857142857143,5.757142857142857,4.228571428571429,0.4777142857142857,0.5371452165517835,7,0.18785714285714283,31.0,86
USR_00472,8,1,1.0,212.0,212.0,12.17,1.0,1.0,1,0,0.0,1,STU_0337,96.34285714285714,5.508571428571429,6.042857142857143,4.057142857142857,0.41557142857142854,0.5380886391134764,7,-0.062142857142857166,31.0,86
USR_00472,11,1,1.0,22.0,22.0,5.05,1.0,7.0,1,1,0.0,1,STU_0337,82.18571428571428,7.04,3.0,5.314285714285715,0.25342857142857145,0.5647244220867205,7,0.018857142857142878,31.0,86
USR_00472,17,1,1.0,5.0,5.0,20.15,1.0,1.0,1,0,1.0,1,STU_0337,78.89999999999999,7.449285714285715,2.314285714285714,6.457142857142857,0.20214285714285715,0.5963840955756943,7,-0.205,31.0,86
USR_00473,2,1,1.0,27.0,27.0,38.13,0.95325,1.0,1,0,0.0,1,STU_0014,62.042857142857144,5.194285714285714,7.842857142857143,1.0,0.5065714285714286,0.4829612354986662,7,0.007142857142857062,25.0,14
USR_00473,3,1,1.0,23.0,23.0,17.33,0.8664999999999999,4.0,1,0,0.0,1,STU_0014,82.54285714285713,3.766428571428571,9.571428571428571,1.0,0.6671428571428571,0.5338665814312124,7,0.1605714285714286,25.0,14
USR_00473,6,1,1.0,27.0,27.0,38.47,0.96175,1.0,1,0,1.0,1,STU_0014,70.1,4.861428571428571,7.442857142857143,1.2142857142857142,0.5292857142857142,0.45284273395039804,7,0.06185714285714278,25.0,14
USR_00473,12,1,1.0,20.0,20.0,41.09,1.0,3.0,1,0,0.0,1,STU_0014,76.10000000000001,3.217142857142857,10.0,1.0,0.6799999999999999,0.4420506939173877,7,0.18799999999999994,25.0,14
USR_00473,15,1,1.0,52.0,52.0,3.94,0.788,7.0,1,0,1.0,1,STU_0014,77.0,3.3485714285714288,10.0,1.0,0.7211428571428572,0.45204588921074496,7,0.033428571428571474,25.0,14
USR_00479,16,2,1.0,8.5,12.0,38.09,0.9037499999999999,5.0,2,1,0.0,2,STU_0215,60.800000000000004,4.727142857142857,7.457142857142856,3.271428571428572,0.4928571428571429,0.3853491629013291,7,-0.007285714285714229,32.0,75
USR_00479,17,0,0.0,174.0,174.0,0.0,0.0,3.0,1,1,0.0,1,STU_0215,48.67142857142857,5.894285714285714,5.757142857142857,3.314285714285714,0.339,0.46401958978518587,7,-0.15385714285714286,32.0,75
USR_00480,3,1,0.5,4.5,8.0,20.04,0.5,3.0,1,0,0.5,2,STU_0090,39.771428571428565,3.992857142857143,9.214285714285714,1.5571428571428572,0.6102857142857143,0.37354603526906766,7,0.17628571428571432,23.0,33
USR_00480,8,0,0.0,5.0,5.0,0.0,0.0,5.0,1,1,0.0,1,STU_0090,37.41428571428571,4.617142857142857,9.814285714285715,1.1,0.5601428571428572,0.3413958022979783,7,0.009428571428571453,23.0,33
USR_00480,17,0,0.0,5.0,5.0,0.0,0.0,10.0,1,1,1.0,1,STU_0090,17.771428571428572,5.967142857142858,6.914285714285714,1.5,0.3781428571428571,0.39688812819084646,7,-0.15442857142857147,23.0,33
USR_00486,13,1,1.0,17.0,17.0,2.77,0.554,6.0,1,1,0.0,1,STU_0413,29.657142857142855,6.035714285714286,6.985714285714286,1.4285714285714286,0.37542857142857144,0.35361652050473147,7,-0.1795714285714285,23.0,57
USR_00486,14,1,1.0,156.0,156.0,42.66,1.0,3.0,1,0,0.0,1,STU_0413,38.74285714285714,3.5585714285714287,8.707142857142857,1.2571428571428573,0.5732857142857143,0.40743192276643875,7,0.19785714285714284,23.0,57
USR_00487,16,1,1.0,16.0,16.0,21.44,1.0,1.0,1,0,1.0,1,STU_0216,96.88571428571429,5.788571428571429,4.8,5.2,0.37385714285714283,0.5664990611197559,7,-0.024142857142857188,39.0,31
USR_00496,9,0,0.0,1.0,1.0,0.0,0.0,1.0,1,0,0.0,1,STU_0063,47.128571428571426,6.228571428571429,5.457142857142857,4.6571428571428575,0.31314285714285717,0.47831020328202506,7,-0.15757142857142853,18.0,26
USR_00496,17,1,1.0,1.0,1.0,43.17,1.0,8.0,1,0,0.0,1,STU_0063,44.42857142857143,6.692857142857143,5.3,4.257142857142857,0.3008571428571428,0.4327080409507143,7,-0.16142857142857148,18.0,26
USR_00507,4,1,1.0,22.0,22.0,0.0,0.0,7.0,1,0,0.0,1,STU_0234,48.714285714285715,6.72,5.814285714285715,4.014285714285714,0.3401428571428572,0.4319687568706928,7,-0.1352857142857143,20.0,40
USR_00507,7,1,1.0,130.0,130.0,19.9,0.9949999999999999,3.0,1,0,0.0,1,STU_0234,58.714285714285715,4.898571428571429,7.542857142857143,2.3000000000000003,0.48914285714285716,0.4225415724221464,7,0.10357142857142859,20.0,40
USR_00507,9,2,1.0,68.0,111.0,29.55,0.95125,6.0,2,1,0.0,2,STU_0234,37.357142857142854,6.464285714285714,4.771428571428571,4.514285714285714,0.26799999999999996,0.49104354395942934,7,-0.2721428571428572,20.0,40
USR_00507,10,2,1.0,155.0,258.0,32.19,1.0,3.0,2,0,1.0,2,STU_0234,46.028571428571425,6.412857142857143,4.8999999999999995,3.4285714285714284,0.3282857142857143,0.4806890342049842,7,0.06028571428571433,20.0,40
USR_00507,17,1,1.0,11.0,11.0,0.0,0.0,8.0,1,0,0.0,1,STU_0234,47.68571428571429,6.332857142857143,5.042857142857143,4.128571428571428,0.2934285714285714,0.46857507916003593,7,-0.21628571428571425,20.0,40
USR_00508,1,0,0.0,1.0,1.0,0.0,0.0,4.0,1,0,0.0,1,STU_0279,24.585714285714285,5.471428571428571,6.3428571428571425,1.3,0.3921428571428572,0.4090130235823909,7,,24.0,20
USR_00508,4,1,1.0,4.0,4.0,37.76,0.944,5.0,1,0,1.0,1,STU_0279,24.885714285714283,6.404285714285714,7.328571428571428,1.1857142857142857,0.3605714285714286,0.3436471364274193,7,-0.18542857142857144,24.0,20
USR_00508,13,1,1.0,1.0,1.0,0.48,0.096,6.0,1,0,0.0,1,STU_0279,31.75714285714286,5.954285714285715,6.2,1.6857142857142857,0.36114285714285715,0.3503054281962835,7,-0.20328571428571424,24.0,20
USR_00508,15,0,0.0,10.0,10.0,0.0,0.0,5.0,1,0,0.0,1,STU_0279,34.16428571428572,4.578571428571428,9.228571428571428,1.2857142857142858,0.5617142857142857,0.3764124402394586,7,-0.002571428571428558,24.0,20
USR_00512,2,0,0.0,2.0,2.0,0.0,0.0,8.0,1,0,0.0,1,STU_0452,18.914285714285715,5.5371428571428565,6.642857142857143,1.6714285714285713,0.39199999999999996,0.33081859428968446,7,0.02814285714285708,29.0,28
USR_00512,7,1,0.3333333333333333,4.666666666666667,8.0,3.99,0.266,6.0,2,2,0.3333333333333333,3,STU_0452,34.81428571428571,4.388571428571429,8.785714285714286,1.1142857142857143,0.5467142857142857,0.3957601268180722,7,0.125,29.0,28
USR_00512,10,1,0.3333333333333333,6.333333333333333,14.0,12.45,0.3333333333333333,6.0,2,1,0.3333333333333333,3,STU_0452,20.24285714285714,5.912857142857143,6.857142857142857,1.2,0.4154285714285714,0.32258729450806445,7,-0.03128571428571425,29.0,28
USR_00512,17,0,0.0,1.0,1.0,0.0,0.0,2.0,1,1,1.0,1,STU_0452,27.357142857142858,5.441428571428572,6.471428571428571,1.9714285714285715,0.39428571428571424,0.3719618142757787,7,-0.17071428571428582,29.0,28
USR_00522,7,1,1.0,2.0,2.0,8.9,0.89,6.0,1,1,1.0,1,STU_0462,58.528571428571425,5.2871428571428565,7.671428571428572,3.5714285714285716,0.48142857142857143,0.5160029703361376,7,0.16428571428571426,29.0,23
USR_00522,11,0,0.0,1.0,1.0,0.0,0.0,4.0,1,1,0.0,1,STU_0462,49.114285714285714,6.587142857142857,4.828571428571428,3.8000000000000003,0.32357142857142857,0.5544705048655209,7,0.0017142857142856682,29.0,23
USR_00522,12,0,0.0,4.0,4.0,0.0,0.0,5.0,1,1,0.0,1,STU_0462,61.04285714285714,4.863571428571428,7.214285714285714,3.6285714285714286,0.51,0.4476977817808744,7,0.18642857142857144,29.0,23
USR_00522,15,1,1.0,3.0,3.0,39.27,0.9817500000000001,5.0,1,1,0.0,1,STU_0462,62.05714285714286,5.572857142857143,7.471428571428571,3.4857142857142853,0.49414285714285716,0.46077417183826624,7,-0.06557142857142856,29.0,23
USR_00529,3,1,1.0,87.0,87.0,19.54,0.977,1.0,1,1,1.0,1,STU_0402,65.48571428571428,5.42,7.814285714285715,3.3285714285714287,0.4917142857142857,0.4061167663968587,7,0.12342857142857144,28.0,2
USR_00529,5,1,1.0,58.0,58.0,17.59,0.8795,4.0,1,0,0.0,1,STU_0402,52.25714285714286,6.57,4.4,4.642857142857143,0.30514285714285716,0.47722189218260447,7,-0.029571428571428526,28.0,2
USR_00529,9,1,1.0,169.0,169.0,12.66,1.0,6.0,1,0,0.0,1,STU_0402,53.214285714285715,6.025714285714286,5.2,4.3999999999999995,0.3171428571428571,0.46584152498848735,7,-0.19057142857142867,28.0,2
USR_00529,14,1,1.0,23.0,23.0,19.81,0.9904999999999999,5.0,1,0,1.0,1,STU_0402,63.385714285714286,5.214285714285714,6.414285714285714,3.185714285714286,0.46414285714285713,0.4806882392728391,7,0.1394285714285714,28.0,2
USR_00533,9,1,1.0,75.0,75.0,42.33,1.0,4.0,1,0,0.0,1,STU_0050,52.25714285714286,6.154285714285714,4.757142857142857,3.8,0.31485714285714284,0.41024037097323907,7,-0.1372857142857143,21.0,89
USR_00534,1,1,1.0,4.0,4.0,0.0,0.0,3.0,1,0,0.0,1,STU_0083,32.44285714285714,5.867142857142857,6.728571428571429,1.5999999999999999,0.38014285714285717,0.4530648168808004,7,,29.0,39
USR_00534,6,0,0.0,3.0,3.0,0.0,0.0,2.0,1,1,0.0,1,STU_0083,20.74285714285714,6.014285714285714,6.921428571428571,1.2857142857142858,0.35857142857142854,0.4228513463036048,7,0.033142857142857085,29.0,39
USR_00534,7,0,0.0,15.5,29.0,0.0,0.0,4.0,2,1,0.0,2,STU_0083,37.94285714285714,4.272857142857143,9.5,1.0,0.6062857142857142,0.39515433604372113,7,0.24771428571428566,29.0,39
USR_00534,10,1,1.0,19.0,19.0,9.83,0.983,6.0,1,0,1.0,1,STU_0083,25.5,5.305714285714286,6.292857142857143,1.6714285714285713,0.34771428571428575,0.4336284950163049,7,-0.06885714285714278,29.0,39
USR_00534,14,0,0.0,1.0,1.0,0.0,0.0,6.0,1,1,0.0,1,STU_0083,38.67142857142857,4.4071428571428575,9.428571428571429,1.4428571428571428,0.596,0.3226084815586141,7,0.22228571428571425,29.0,39
USR_00534,18,1,1.0,5.0,5.0,19.34,0.967,5.0,1,0,0.0,1,STU_0083,5.7,5.72,5.7,1.3,0.34,0.331792921220239,1,-0.10628571428571426,29.0,39
USR_00536,2,2,1.0,8.5,12.0,35.56,0.889,5.0,2,1,1.0,2,STU_0369,82.17142857142858,6.911428571428572,2.5,6.057142857142857,0.2394285714285714,0.5391185835996418,7,-0.04228571428571429,22.0,94
USR_00536,4,2,1.0,55.0,71.0,14.99,0.7495,7.5,2,1,0.5,2,STU_0369,81.60000000000001,7.438571428571429,3.0285714285714285,5.742857142857143,0.23757142857142857,0.531955153170557,7,-0.17371428571428574,22.0,94
USR_00536,6,1,1.0,105.0,105.0,6.91,0.6910000000000001,6.0,1,0,0.0,1,STU_0369,85.27142857142857,6.951428571428571,3.242857142857143,5.957142857142857,0.25285714285714284,0.6141230568684769,7,-0.054714285714285715,22.0,94
USR_00536,12,1,1.0,163.0,163.0,20.53,1.0,4.0,1,0,1.0,1,STU_0369,96.0,5.728571428571429,5.7,5.3,0.4347142857142857,0.5840282554006049,7,0.18571428571428575,22.0,94
USR_00536,14,2,1.0,40.5,59.0,56.940000000000005,1.0,2.5,2,0,0.5,2,STU_0369,97.67142857142858,5.57,5.371428571428572,5.057142857142857,0.40700000000000003,0.5105823436944064,7,0.2248571428571429,22.0,94
USR_00536,18,2,1.0,14.0,17.0,78.28999999999999,0.962625,3.0,2,1,0.5,2,STU_0369,78.2,7.4,1.6,6.9,0.148,0.5852770887277657,1,-0.066,22.0,94
USR_00544,4,1,1.0,7.0,7.0,39.22,0.9804999999999999,5.0,1,0,0.0,1,STU_0192,97.8,7.095714285714286,2.9285714285714284,5.814285714285715,0.22728571428571429,0.5871052681319053,7,-0.19142857142857142,27.0,20
USR_00544,9,1,1.0,1.0,1.0,19.45,0.9724999999999999,5.0,1,0,0.0,1,STU_0192,83.95714285714287,7.392857142857143,3.585714285714286,5.192857142857143,0.24285714285714285,0.5181460598800663,7,-0.2037142857142857,27.0,20
USR_00544,15,1,1.0,24.0,24.0,14.83,0.7415,9.0,1,0,0.0,1,STU_0192,99.84285714285714,5.911428571428571,4.971428571428571,4.242857142857143,0.39042857142857146,0.5379821754893304,7,-0.09799999999999998,27.0,20
USR_00544,16,2,1.0,6.5,8.0,51.4,0.8765,6.5,2,1,1.0,2,STU_0192,95.17142857142858,5.795,5.871428571428572,4.871428571428572,0.42542857142857143,0.5009909781675923,7,0.034999999999999976,27.0,20
USR_00544,17,1,1.0,32.0,32.0,21.94,1.0,4.0,1,1,1.0,1,STU_0192,77.75714285714285,7.362857142857143,2.585714285714286,5.492857142857143,0.22057142857142858,0.6251554648256507,7,-0.20485714285714285,27.0,20
USR_00544,18,0,0.0,30.5,53.0,0.0,0.0,5.0,2,0,0.5,2,STU_0192,75.1,5.95,4.0,7.2,0.244,0.5468686964816587,1,0.02342857142857141,27.0,20
USR_00545,2,1,1.0,7.0,7.0,8.29,0.829,2.0,1,0,0.0,1,STU_0444,51.75714285714285,6.505000000000001,6.514285714285714,3.7285714285714286,0.38742857142857146,0.43230809394538017,7,0.09471428571428575,29.0,34
USR_00545,4,1,1.0,2.0,2.0,39.41,0.98525,5.0,1,0,1.0,1,STU_0444,56.271428571428565,6.770714285714285,5.742857142857143,3.7857142857142856,0.32942857142857146,0.47565246033898945,7,-0.12942857142857134,29.0,34
USR_00545,17,2,1.0,19.0,20.0,29.53,0.9325,4.5,2,0,0.5,2,STU_0444,45.15714285714286,6.522857142857142,4.514285714285714,3.1714285714285713,0.29442857142857143,0.47844349048302703,7,-0.24300000000000005,29.0,34
USR_00555,3,0,0.0,10.0,10.0,0.0,0.0,7.0,1,1,0.0,1,STU_0487,58.300000000000004,4.8,7.428571428571429,3.1142857142857143,0.4882857142857143,0.4388518305228179,7,0.1620000000000001,15.0,94
USR_00555,11,1,1.0,162.0,162.0,16.53,0.8265,4.0,1,0,0.0,1,STU_0487,54.9,6.908571428571428,5.357142857142857,3.8857142857142857,0.3271428571428571,0.458127823608133,7,-0.025000000000000022,15.0,94
USR_00555,13,1,1.0,16.0,16.0,19.24,0.962,9.0,1,0,0.0,1,STU_0487,56.42857142857143,6.724285714285714,5.257142857142857,3.4285714285714284,0.3244285714285714,0.5401044052752945,7,-0.12671428571428572,15.0,94
USR_00556,6,1,1.0,4.0,4.0,5.91,1.0,3.0,1,0,0.0,1,STU_0356,23.307142857142857,6.505714285714285,7.728571428571429,1.3,0.3697142857142857,0.3424065634918749,7,-0.023285714285714243,31.0,28
USR_00556,10,0,0.0,5.0,5.0,0.0,0.0,5.0,1,0,0.0,1,STU_0356,19.5,5.862857142857143,6.8428571428571425,1.2714285714285716,0.38042857142857145,0.4216822898735148,7,-0.022999999999999965,31.0,28
USR_00556,13,0,0.0,3.0,3.0,0.0,0.0,3.0,1,1,1.0,1,STU_0356,20.828571428571426,6.2700000000000005,7.457142857142857,1.0142857142857142,0.40314285714285714,0.29522809703178304,7,-0.19185714285714284,31.0,28
USR_00556,15,1,1.0,1.0,1.0,18.25,0.9125,3.0,1,1,0.0,1,STU_0356,25.87142857142857,3.7157142857142857,9.799999999999999,1.1142857142857143,0.6131428571428571,0.33961318722033945,7,0.05328571428571427,31.0,28
USR_00558,5,1,1.0,38.0,38.0,18.17,0.9085000000000001,5.0,1,0,0.0,1,STU_0177,69.35714285714286,5.124285714285714,7.985714285714286,1.0,0.521,0.4234582964987074,7,0.008428571428571452,18.0,17
USR_00558,6,1,1.0,11.0,11.0,0.0,0.0,8.0,1,1,0.0,1,STU_0177,69.4,4.9399999999999995,8.0,1.0,0.49900000000000005,0.5354610110156655,7,-0.021999999999999964,18.0,17
USR_00558,11,1,1.0,44.0,44.0,15.77,0.7885,1.0,1,1,0.0,1,STU_0177,65.52857142857142,4.941428571428572,8.171428571428573,1.0,0.4888571428571428,0.4439146422544286,7,-0.02971428571428575,18.0,17
USR_00558,12,1,1.0,29.0,29.0,6.5,0.65,6.0,1,0,0.0,1,STU_0177,77.04285714285713,3.4828571428571427,9.5,1.0,0.6704285714285714,0.5016593220398171,7,0.18157142857142855,18.0,17
USR_00558,18,1,1.0,23.0,23.0,25.44,1.0,1.0,1,0,0.0,1,STU_0177,72.9,4.11,5.4,1.0,0.39,0.4998004207380003,1,-0.07514285714285718,18.0,17
USR_00565,13,0,0.0,1.0,1.0,0.0,0.0,5.0,1,1,1.0,1,STU_0238,71.4,4.974285714285714,7.8428571428571425,1.0714285714285714,0.4864285714285715,0.49881131771974585,7,-0.21371428571428558,30.0,17
USR_00569,5,1,1.0,114.0,114.0,3.42,0.6839999999999999,6.0,1,1,0.0,1,STU_0401,84.17142857142858,7.198571428571428,3.3428571428571425,5.0,0.2602857142857143,0.5775397483591327,7,0.07642857142857143,26.0,65
USR_00569,12,0,0.0,169.0,169.0,0.0,0.0,1.0,1,0,0.0,1,STU_0401,101.38571428571429,5.542857142857143,5.0,5.071428571428571,0.42142857142857143,0.5892057743748002,7,0.21971428571428572,26.0,65
USR_00569,17,1,1.0,47.0,47.0,6.1,0.61,6.0,1,0,0.0,1,STU_0401,81.88571428571429,6.53,3.442857142857143,6.171428571428572,0.2948571428571429,0.616715380135276,7,-0.1598571428571428,26.0,65
USR_00573,14,0,0.0,3.5,6.0,0.0,0.0,7.5,2,0,0.5,2,STU_0227,94.78571428571429,6.328571428571429,5.614285714285714,4.3428571428571425,0.43657142857142855,0.5820275391328528,7,0.18157142857142855,24.0,39
USR_00573,15,0,0.0,3.5,6.0,0.0,0.0,3.5,2,1,0.0,2,STU_0227,96.7,5.527142857142857,5.542857142857143,4.6571428571428575,0.442,0.5842514429302585,7,0.005428571428571449,24.0,39
USR_00573,17,0,0.0,3.0,3.0,0.0,0.0,6.0,1,0,1.0,1,STU_0227,148.47142857142856,7.434285714285714,2.957142857142857,5.685714285714285,0.2624285714285714,0.5757566909646207,7,-0.19,24.0,39
USR_00595,1,1,1.0,70.0,70.0,17.5,0.875,7.0,1,1,1.0,1,STU_0133,52.67142857142857,5.941428571428571,5.3428571428571425,3.9785714285714286,0.36914285714285716,0.4896476759401965,7,,28.0,80
USR_00595,7,1,1.0,57.0,57.0,9.03,0.9029999999999999,8.0,1,0,0.0,1,STU_0133,64.61428571428571,4.407142857142857,7.371428571428572,2.1285714285714286,0.5121428571428571,0.4928256949724548,7,0.20542857142857146,28.0,80
USR_00595,11,1,1.0,152.0,152.0,40.38,1.0,5.0,1,0,1.0,1,STU_0133,41.228571428571435,6.089285714285714,5.485714285714286,4.014285714285714,0.34228571428571425,0.4326886902464371,7,0.02771428571428569,28.0,80
USR_00595,14,1,1.0,204.0,204.0,33.38,0.8345,5.0,1,1,0.0,1,STU_0133,45.15714285714286,4.604285714285714,6.8,3.757142857142857,0.5015714285714286,0.4301784424823927,7,0.20185714285714285,28.0,80
USR_00595,17,1,1.0,3.0,3.0,0.0,0.0,7.0,1,1,0.0,1,STU_0133,53.371428571428574,6.049285714285714,4.871428571428572,3.3285714285714287,0.3425714285714286,0.4417729384698923,7,-0.07500000000000001,28.0,80
USR_00599,11,1,1.0,122.0,122.0,21.07,1.0,2.0,1,0,0.0,1,STU_0375,64.3,4.781428571428571,7.542857142857143,1.1428571428571428,0.5118571428571429,0.4421293213501256,7,0.0,24.0,26
USR_00599,12,1,1.0,133.0,133.0,19.0,0.95,3.0,1,1,0.0,1,STU_0375,77.64285714285714,3.617142857142857,9.657142857142857,1.0,0.6795714285714285,0.45268053483689236,7,0.1677142857142856,24.0,26
USR_00599,15,2,1.0,25.0,41.0,38.58,0.9530000000000001,4.0,2,1,0.0,2,STU_0375,75.78571428571429,3.9200000000000004,9.814285714285715,1.0,0.638,0.41558544642156664,7,-0.03128571428571436,24.0,26
USR_00599,17,1,1.0,11.0,11.0,4.23,0.8460000000000001,5.0,1,0,1.0,1,STU_0375,67.22857142857143,4.761428571428572,8.114285714285714,1.0,0.5507142857142857,0.40671380142760183,7,-0.07385714285714284,24.0,26
USR_00603,16,1,1.0,171.0,171.0,10.24,1.0,8.0,1,0,0.0,1,STU_0237,67.85714285714286,3.0485714285714285,9.985714285714286,1.0,0.6927142857142857,0.40649224487888364,7,0.022571428571428576,29.0,8
USR_00606,16,0,0.0,9.0,9.0,0.0,0.0,7.0,1,1,0.0,1,STU_0150,118.74285714285715,4.975714285714285,6.857142857142857,3.3285714285714287,0.4942857142857143,0.4287010717595692,7,-0.032285714285714306,38.0,16
USR_00606,18,0,0.0,3.0,3.0,0.0,0.0,10.0,1,1,0.0,1,STU_0150,37.1,6.32,5.0,3.5,0.317,0.5571572804897499,1,-0.011571428571428566,38.0,16
USR_00613,1,1,1.0,17.0,17.0,37.06,0.9265000000000001,9.0,1,0,1.0,1,STU_0076,36.34285714285714,5.6778571428571425,7.25,1.442857142857143,0.4461428571428571,0.4513964825013915,7,,22.0,27
USR_00613,3,1,1.0,4.0,4.0,13.2,1.0,7.0,1,1,0.0,1,STU_0076,31.271428571428572,4.440714285714286,9.057142857142857,1.4000000000000001,0.5601428571428572,0.3834708042429927,7,0.15700000000000003,22.0,27
USR_00613,5,0,0.0,57.0,57.0,0.0,0.0,5.0,1,0,0.0,1,STU_0076,26.928571428571427,6.116428571428571,7.978571428571428,1.2571428571428573,0.43257142857142855,0.3538483324563022,7,0.02042857142857135,22.0,27
USR_00613,14,2,1.0,12.5,19.0,20.11,0.5,7.5,2,0,1.0,2,STU_0076,48.6,4.167142857142857,9.4,1.0714285714285714,0.6237142857142857,0.4577843968395796,7,0.22871428571428565,22.0,27
USR_00613,16,1,1.0,12.0,12.0,22.46,1.0,8.0,1,1,1.0,1,STU_0076,29.97142857142857,4.661428571428572,9.214285714285714,1.2,0.5288571428571428,0.3627809678043697,7,-0.040000000000000036,22.0,27
USR_00622,12,1,1.0,7.0,7.0,40.22,1.0,2.0,1,0,1.0,1,STU_0193,93.64285714285714,6.1499999999999995,5.142857142857143,4.614285714285714,0.42371428571428565,0.5903716193139898,7,0.1529999999999999,25.0,30
USR_00622,14,1,1.0,37.0,37.0,13.48,1.0,6.0,1,0,1.0,1,STU_0193,98.47142857142856,5.8100000000000005,5.3,4.714285714285714,0.42042857142857143,0.4855390236076266,7,0.20642857142857143,25.0,30
USR_00622,15,2,1.0,19.5,20.0,43.39,0.98375,5.0,2,1,0.5,2,STU_0193,99.37142857142858,5.698571428571428,5.371428571428572,4.585714285714286,0.45042857142857146,0.5488454279245494,7,0.030000000000000027,25.0,30
USR_00622,16,1,1.0,5.0,5.0,10.11,1.0,6.0,1,1,1.0,1,STU_0193,94.91428571428571,5.845714285714286,4.414285714285714,5.285714285714286,0.3711428571428571,0.6541780782765414,7,-0.07928571428571435,25.0,30
USR_00622,17,1,1.0,134.0,134.0,18.44,0.922,5.0,1,0,1.0,1,STU_0193,79.17142857142858,7.144285714285714,3.4857142857142853,5.628571428571428,0.2782857142857143,0.6155047791199184,7,-0.0928571428571428,25.0,30
USR_00645,3,2,1.0,23.0,35.0,42.26,0.98725,5.5,2,0,0.5,2,STU_0159,70.42857142857143,5.208571428571429,7.1000000000000005,2.9857142857142853,0.47385714285714287,0.4972809968573775,7,0.10114285714285715,19.0,34
USR_00645,5,1,1.0,2.0,2.0,42.9,1.0,5.0,1,0,1.0,1,STU_0159,40.871428571428574,6.4157142857142855,5.142857142857143,3.7857142857142856,0.313,0.4540351242618411,7,-0.04400000000000004,19.0,34
USR_00645,6,1,1.0,2.0,2.0,20.07,1.0,1.0,1,1,1.0,1,STU_0159,57.857142857142854,6.197142857142857,5.471428571428571,4.171428571428572,0.33914285714285713,0.49028124981978854,7,0.026142857142857134,19.0,34
USR_00645,7,1,1.0,18.0,18.0,43.36,1.0,3.0,1,1,0.0,1,STU_0159,69.98571428571428,5.332857142857143,7.771428571428571,2.542857142857143,0.5098571428571429,0.4171991681443944,7,0.17071428571428576,19.0,34
USR_00645,9,1,1.0,63.0,63.0,20.11,1.0,4.0,1,0,0.0,1,STU_0159,54.07142857142857,6.527142857142857,4.971428571428571,3.814285714285714,0.33028571428571424,0.481645290819879,7,-0.1661428571428572,19.0,34
USR_00645,10,1,1.0,12.0,12.0,3.05,0.61,8.0,1,0,0.0,1,STU_0159,51.9,6.218571428571429,5.1000000000000005,4.185714285714286,0.3362857142857143,0.43254410358804324,7,0.006000000000000061,19.0,34
USR_00645,13,1,1.0,37.0,37.0,6.98,0.6980000000000001,3.0,1,0,0.0,1,STU_0159,49.271428571428565,5.867142857142857,5.8999999999999995,3.3714285714285714,0.36242857142857143,0.5579917694377515,7,-0.13714285714285712,19.0,34
USR_00645,17,2,1.0,59.0,107.0,44.55,0.8238749999999999,7.5,2,1,0.5,2,STU_0159,55.471428571428575,6.372857142857143,4.871428571428572,3.857142857142857,0.3375714285714286,0.5115079980102408,7,-0.17285714285714288,19.0,34
USR_00645,18,1,1.0,6.0,6.0,21.88,1.0,10.0,1,0,1.0,1,STU_0159,36.2,6.74,3.5,6.0,0.246,0.4623044513387085,1,-0.09157142857142858,19.0,34
USR_00651,3,1,1.0,10.0,10.0,17.35,0.8675,10.0,1,1,0.0,1,STU_0276,38.892857142857146,4.525714285714286,9.228571428571428,1.1,0.5422857142857143,0.3485102723718324,7,0.13271428571428567,12.0,8
USR_00651,10,1,1.0,113.0,113.0,15.9,0.795,5.0,1,0,0.0,1,STU_0276,31.87142857142857,5.908571428571428,6.428571428571429,1.742857142857143,0.34500000000000003,0.46389249252827935,7,-0.04642857142857143,12.0,8
USR_00651,16,1,1.0,71.0,71.0,21.58,1.0,5.0,1,0,1.0,1,STU_0276,32.2,4.115714285714286,9.142857142857142,1.0,0.5594285714285714,0.3346576805204115,7,0.0487142857142856,12.0,8
USR_00680,4,1,1.0,176.0,176.0,44.58,1.0,5.0,1,0,1.0,1,STU_0388,53.58571428571429,6.642857142857143,4.8428571428571425,4.028571428571429,0.3291428571428572,0.41143705979401257,7,-0.1925714285714285,26.0,86
USR_00680,5,1,1.0,22.0,22.0,9.47,0.9470000000000001,4.0,1,1,0.0,1,STU_0388,51.028571428571425,5.963571428571428,5.571428571428571,3.557142857142857,0.3608571428571428,0.47614256907836017,7,0.03171428571428564,26.0,86
USR_00680,6,1,1.0,6.0,6.0,3.67,0.734,2.0,1,0,0.0,1,STU_0388,47.6,6.38,4.728571428571429,4.5,0.3378571428571429,0.5572693745702518,7,-0.02299999999999991,26.0,86
USR_00680,7,2,1.0,205.0,336.0,26.68,0.772,4.0,2,1,0.0,2,STU_0388,51.58571428571429,5.331428571428572,7.885714285714285,2.7714285714285714,0.5007142857142858,0.45155613817332946,7,0.16285714285714287,26.0,86
USR_00680,8,1,1.0,46.0,46.0,39.18,0.9795,5.0,1,0,1.0,1,STU_0388,61.5,5.229285714285714,8.2,3.4285714285714284,0.5125714285714286,0.3662593368663102,7,0.011857142857142788,26.0,86
USR_00680,9,1,1.0,45.0,45.0,16.63,0.8314999999999999,1.0,1,0,0.0,1,STU_0388,49.89999999999999,6.422142857142857,5.457142857142857,4.228571428571429,0.3297142857142857,0.4701581463793985,7,-0.18285714285714288,26.0,86
USR_00680,16,3,1.0,205.66666666666666,304.0,52.11,0.945,6.0,3,1,0.3333333333333333,3,STU_0388,46.84285714285714,5.456428571428572,7.885714285714286,2.857142857142857,0.5075714285714286,0.4488883735518781,7,0.018285714285714294,26.0,86
USR_00680,18,1,1.0,24.0,24.0,41.29,1.0,5.0,1,0,0.0,1,STU_0388,72.6,6.67,5.0,3.5,0.383,0.4725629910808852,1,0.06342857142857145,26.0,86
USR_00681,7,1,1.0,12.0,12.0,39.95,0.99875,7.0,1,0,0.0,1,STU_0018,59.92857142857143,5.695,7.171428571428572,2.6714285714285713,0.45257142857142857,0.4609909797155559,7,0.125,26.0,31
USR_00681,18,0,0.0,2.0,2.0,0.0,0.0,5.0,1,1,0.0,1,STU_0018,29.2,7.24,5.4,3.1,0.26,0.3170089967410486,1,-0.03199999999999997,26.0,31
USR_00686,3,2,1.0,13.5,22.0,60.629999999999995,0.93975,5.5,1,0,0.5,2,STU_0144,63.17142857142857,5.37,7.364285714285714,3.4,0.4927142857142857,0.4191005405459549,7,0.1801428571428571,29.0,17
USR_00686,7,1,1.0,5.0,5.0,8.11,0.8109999999999999,6.0,1,1,1.0,1,STU_0144,64.82857142857144,5.562857142857142,7.357142857142857,3.2428571428571433,0.45371428571428574,0.4871603674103124,7,0.1077142857142857,29.0,17
USR_00686,8,1,1.0,7.0,7.0,17.01,0.8505,4.0,1,0,0.0,1,STU_0144,73.31428571428572,5.104285714285714,7.021428571428571,2.8714285714285714,0.4952857142857143,0.46163741702124195,7,0.04157142857142854,29.0,17
USR_00686,10,1,1.0,28.0,28.0,17.82,0.891,2.0,1,1,0.0,1,STU_0144,49.68571428571429,7.094285714285715,6.171428571428572,3.857142857142857,0.33671428571428574,0.48052456638906615,7,0.05214285714285716,29.0,17
USR_00686,11,1,1.0,2.0,2.0,8.41,0.841,6.0,1,0,1.0,1,STU_0144,53.07142857142857,6.55,4.914285714285714,3.3285714285714287,0.2997142857142857,0.4359019855408824,7,-0.03700000000000003,29.0,17
USR_00694,4,2,1.0,9.5,11.0,28.240000000000002,0.871,6.0,2,1,0.0,2,STU_0367,51.221428571428575,6.542857142857143,5.114285714285714,3.5714285714285716,0.3201428571428572,0.4978897265793464,7,-0.22299999999999998,27.0,27
USR_00694,10,1,1.0,8.0,8.0,45.31,1.0,1.0,1,0,0.0,1,STU_0367,55.871428571428574,6.251428571428571,4.485714285714286,4.271428571428571,0.3098571428571429,0.46236659995517243,7,-0.030714285714285694,27.0,27
USR_00694,13,1,1.0,84.0,84.0,8.06,0.806,3.0,1,0,0.0,1,STU_0367,50.98571428571428,6.04,4.928571428571429,4.014285714285714,0.375,0.4958724806805375,7,-0.10399999999999998,27.0,27
USR_00694,14,1,1.0,29.0,29.0,40.68,1.0,1.0,1,0,0.0,1,STU_0367,52.55714285714286,5.507142857142857,6.314285714285715,3.814285714285714,0.4288571428571429,0.388945052433231,7,0.05385714285714288,27.0,27
USR_00694,15,0,0.0,9.0,11.0,0.0,0.0,3.5,2,1,0.5,2,STU_0367,53.99285714285714,5.312857142857142,7.3999999999999995,3.0,0.4898571428571429,0.4115333888519276,7,0.061,27.0,27
USR_00694,17,3,1.0,64.66666666666667,137.0,78.57,0.976,4.333333333333333,2,0,0.0,3,STU_0367,52.878571428571426,6.619999999999999,5.385714285714286,4.585714285714286,0.33257142857142863,0.45298657041309187,7,-0.17642857142857138,27.0,27
USR_00696,10,0,0.0,17.0,17.0,0.0,0.0,6.0,1,0,0.0,1,STU_0408,26.514285714285712,5.421428571428572,7.471428571428571,1.542857142857143,0.4468571428571429,0.43072430307124054,7,0.029857142857142915,11.0,10
USR_00696,11,1,1.0,13.0,13.0,21.86,1.0,4.0,1,1,1.0,1,STU_0408,27.071428571428573,5.861428571428571,6.671428571428572,1.3285714285714287,0.38485714285714284,0.4809666492169347,7,-0.062000000000000055,11.0,10
USR_00696,12,1,0.5,8.5,10.0,5.1,0.5,4.0,2,0,0.0,2,STU_0408,39.67142857142857,4.581428571428572,9.528571428571428,1.2428571428571427,0.5794285714285714,0.362172390964679,7,0.19457142857142856,11.0,10
USR_00706,5,2,1.0,67.5,92.0,49.79,0.875,3.0,2,1,0.5,2,STU_0418,48.25714285714285,6.194285714285714,4.742857142857143,3.8285714285714283,0.3267142857142857,0.47988063736016934,7,-0.021142857142857185,20.0,76
USR_00706,9,2,1.0,108.0,126.0,17.59,0.829,4.5,2,1,1.0,2,STU_0418,44.98571428571428,6.484285714285714,5.042857142857144,3.7142857142857144,0.2887142857142857,0.4720926479857063,7,-0.2637142857142857,20.0,76
USR_00706,12,2,1.0,190.5,232.0,29.07,0.94375,5.0,2,0,0.5,2,STU_0418,60.800000000000004,5.167142857142857,7.5,2.6,0.4667142857142857,0.4129077003864368,7,0.14199999999999996,20.0,76
USR_00706,14,1,1.0,156.0,156.0,0.92,0.184,7.0,1,0,0.0,1,STU_0418,57.01428571428572,4.814285714285715,7.928571428571429,2.6571428571428575,0.5377142857142857,0.4489762251316797,7,0.192,20.0,76
USR_00706,17,1,1.0,11.0,11.0,9.37,0.9369999999999999,7.0,1,0,0.0,1,STU_0418,53.214285714285715,6.367142857142857,5.214285714285714,3.6285714285714286,0.34900000000000003,0.506083687250628,7,-0.09957142857142853,20.0,76
USR_00719,5,1,1.0,12.0,12.0,25.02,1.0,10.0,1,0,0.0,1,STU_0191,93.57142857142857,7.331428571428572,3.5,5.3,0.24828571428571428,0.5951100449547394,7,0.024714285714285716,27.0,2
USR_00719,6,1,1.0,50.0,50.0,20.33,1.0,8.0,1,0,0.0,1,STU_0191,90.5,6.835714285714286,3.271428571428572,6.3428571428571425,0.2472857142857143,0.5986664576393057,7,-0.0009999999999999731,27.0,2
USR_00719,7,0,0.0,1.0,1.0,0.0,0.0,5.0,1,0,0.0,1,STU_0191,97.21428571428571,5.7942857142857145,4.957142857142857,4.871428571428572,0.39585714285714285,0.5481540590144196,7,0.14857142857142855,27.0,2
USR_00719,8,1,1.0,194.0,194.0,46.93,1.0,5.0,1,0,1.0,1,STU_0191,99.5,6.021428571428571,4.942857142857143,5.271428571428571,0.38271428571428573,0.5083039113452233,7,-0.013142857142857123,27.0,2
USR_00719,10,0,0.0,114.0,114.0,0.0,0.0,6.0,1,1,0.0,1,STU_0191,79.08571428571429,7.2700000000000005,3.3428571428571425,6.5,0.21842857142857142,0.5624808862857882,7,-0.023428571428571437,27.0,2
USR_00719,12,1,1.0,180.0,180.0,8.31,0.8310000000000001,8.0,1,1,1.0,1,STU_0191,99.91428571428571,5.835714285714286,5.471428571428571,3.9285714285714284,0.3961428571428572,0.5663217857682475,7,0.1284285714285715,27.0,2
USR_00730,6,0,0.0,41.0,41.0,0.0,0.0,8.0,1,0,1.0,1,STU_0114,81.77142857142859,7.6814285714285715,3.457142857142857,4.992857142857143,0.24814285714285716,0.5779914681256828,7,0.01085714285714287,24.0,39
USR_00730,9,1,1.0,24.0,24.0,14.34,1.0,8.0,1,0,0.0,1,STU_0114,81.58571428571429,7.078571428571428,2.814285714285714,5.821428571428571,0.22028571428571428,0.6264419645137016,7,-0.14942857142857144,24.0,39
USR_00730,10,1,1.0,41.0,41.0,15.34,1.0,7.0,1,0,0.0,1,STU_0114,95.37142857142858,7.514285714285714,2.6714285714285713,5.871428571428572,0.23014285714285715,0.6152904188366966,7,0.00985714285714287,24.0,39
USR_00730,17,0,0.0,6.0,6.0,0.0,0.0,8.0,1,0,0.0,1,STU_0114,79.02857142857144,7.0928571428571425,3.542857142857143,5.314285714285715,0.25214285714285717,0.5114239298281098,7,-0.1944285714285714,24.0,39
USR_00742,1,0,0.0,2.0,2.0,0.0,0.0,5.0,1,1,1.0,1,STU_0009,64.05714285714285,4.4714285714285715,7.6000000000000005,1.2571428571428573,0.5092857142857143,0.40129719897860916,7,,31.0,30
USR_00742,11,0,0.0,8.0,8.0,0.0,0.0,8.0,1,0,0.0,1,STU_0009,57.771428571428565,5.322857142857143,8.657142857142857,1.0571428571428572,0.5095714285714286,0.3137284545603702,7,-0.05799999999999994,31.0,30
USR_00756,3,1,1.0,26.0,26.0,6.76,0.6759999999999999,6.0,1,1,0.0,1,STU_0103,37.57142857142857,4.502857142857143,9.514285714285714,1.0,0.5801428571428572,0.40763560005600524,7,0.14471428571428574,28.0,32
USR_00756,4,0,0.0,8.0,8.0,0.0,0.0,8.0,1,0,1.0,1,STU_0103,22.342857142857145,5.72,6.557142857142857,1.2857142857142858,0.38471428571428573,0.4108382069162628,7,-0.19542857142857145,28.0,32
USR_00756,6,0,0.0,13.0,13.0,0.0,0.0,4.0,1,0,1.0,1,STU_0103,22.814285714285713,5.828571428571428,7.792857142857143,1.2,0.4152857142857143,0.44764438383922595,7,-0.022285714285714298,28.0,32
USR_00756,14,0,0.0,4.0,4.0,0.0,0.0,6.0,1,0,1.0,1,STU_0103,38.15714285714286,5.0371428571428565,9.442857142857141,1.0857142857142856,0.5772857142857143,0.4103850250380008,7,0.19871428571428573,28.0,32
USR_00756,15,0,0.0,8.0,8.0,0.0,0.0,2.0,1,0,0.0,1,STU_0103,32.41428571428572,4.217142857142857,9.614285714285714,1.0,0.6024285714285714,0.28406471566081476,7,0.025142857142857133,28.0,32
USR_00760,9,1,0.5,10.0,13.0,6.1,0.5,6.5,2,1,0.5,2,STU_0256,54.68571428571429,4.348571428571429,7.785714285714286,1.1857142857142857,0.5308571428571429,0.468852057652925,7,-0.1308571428571429,12.0,21
USR_00760,11,1,1.0,17.0,17.0,0.0,0.0,7.0,1,1,1.0,1,STU_0256,60.62857142857143,4.880714285714285,7.571428571428571,1.0571428571428572,0.4651428571428572,0.47969851758437987,7,-0.0892857142857143,12.0,21
USR_00760,14,0,0.0,25.0,25.0,0.0,0.0,5.0,1,0,0.0,1,STU_0256,77.67142857142858,3.6942857142857144,8.828571428571427,1.0,0.5975714285714285,0.48693220420840033,7,0.04942857142857138,12.0,21
USR_00760,17,1,0.5,7.0,11.0,4.91,0.491,3.0,2,1,0.5,2,STU_0256,62.728571428571435,5.198571428571428,7.914285714285714,1.0285714285714287,0.5082857142857142,0.4661875079210839,7,-0.13228571428571434,12.0,21
USR_00762,7,1,0.5,5.0,8.0,39.81,0.49762500000000004,7.0,2,1,0.5,2,STU_0184,32.028571428571425,4.418571428571428,9.028571428571428,1.1857142857142857,0.595,0.31907670848691316,7,0.13914285714285712,24.0,39
USR_00762,13,0,0.0,6.0,6.0,0.0,0.0,5.0,1,1,0.0,1,STU_0184,33.457142857142856,5.975714285714285,7.371428571428572,1.5,0.39571428571428574,0.34027148379267197,7,-0.14757142857142852,24.0,39
USR_00762,15,0,0.0,3.0,3.0,0.0,0.0,5.0,1,1,0.0,1,STU_0184,37.028571428571425,4.319999999999999,9.357142857142858,1.157142857142857,0.5318571428571428,0.3929792856318758,7,-0.004285714285714337,24.0,39
USR_00762,18,1,1.0,20.0,20.0,40.84,1.0,5.0,1,0,0.0,1,STU_0184,37.0,5.82,8.1,1.0,0.415,0.4033411976927757,1,0.003999999999999948,24.0,39
USR_00765,6,1,0.5,12.0,13.0,9.98,0.499,5.0,2,0,1.0,2,STU_0273,69.12857142857142,5.255714285714285,8.128571428571428,1.0571428571428572,0.46328571428571425,0.42963818904209866,7,-0.06214285714285722,28.0,24
USR_00765,7,1,1.0,48.0,48.0,8.59,0.859,4.0,1,0,0.0,1,STU_0273,87.57142857142857,3.6557142857142857,9.814285714285715,1.1,0.6867142857142857,0.4654819981039588,7,0.22342857142857148,28.0,24
USR_00765,18,1,1.0,4.0,4.0,11.98,1.0,1.0,1,1,0.0,1,STU_0273,50.3,4.01,9.1,1.0,0.494,0.4732876572667177,1,0.04871428571428571,28.0,24
USR_00766,14,1,1.0,7.0,7.0,42.23,1.0,5.0,1,0,0.0,1,STU_0025,56.228571428571435,5.237142857142857,7.614285714285714,2.857142857142857,0.45671428571428574,0.4609142222399935,7,0.17614285714285716,27.0,8
USR_00766,18,1,1.0,6.0,6.0,0.0,0.0,7.0,1,0,0.0,1,STU_0025,70.0,6.83,5.4,4.8,0.414,0.5845755895983755,1,0.12857142857142856,27.0,8
USR_00773,2,2,0.6666666666666666,48.666666666666664,104.0,41.45,0.6376666666666667,4.0,2,1,0.0,3,STU_0089,23.728571428571428,5.865714285714286,7.028571428571429,1.4428571428571428,0.39185714285714285,0.44972835901167674,7,-0.042285714285714315,29.0,9
USR_00773,3,1,1.0,26.0,26.0,12.31,1.0,6.0,1,1,0.0,1,STU_0089,36.4,4.2057142857142855,9.257142857142856,1.0,0.6072857142857142,0.36962011203726536,7,0.21542857142857136,29.0,9
USR_00773,7,1,1.0,11.0,11.0,23.28,1.0,1.0,1,0,1.0,1,STU_0089,32.68571428571429,4.597142857142857,9.714285714285714,1.0142857142857142,0.5358571428571428,0.31621854918949904,7,0.16985714285714276,29.0,9
USR_00773,9,1,1.0,5.0,5.0,41.22,1.0,5.0,1,0,0.0,1,STU_0089,29.728571428571428,6.0685714285714285,7.5,1.457142857142857,0.42042857142857143,0.4202427262468498,7,-0.15785714285714286,29.0,9
USR_00773,14,1,1.0,12.0,12.0,19.44,0.9720000000000001,1.0,1,0,1.0,1,STU_0089,34.457142857142856,5.005714285714285,9.1,1.0714285714285714,0.5344285714285715,0.3468840899153273,7,0.1542857142857143,29.0,9
USR_00782,5,0,0.0,7.0,7.0,0.0,0.0,10.0,1,0,0.0,1,STU_0055,51.51428571428572,6.114285714285714,5.207142857142857,4.014285714285714,0.33814285714285713,0.5495285375530471,7,0.06528571428571428,25.0,1
USR_00782,8,0,0.0,3.0,4.0,0.0,0.0,6.0,2,1,0.5,2,STU_0055,59.778571428571425,5.038571428571428,7.328571428571428,2.6285714285714286,0.45785714285714285,0.37829960246541516,7,-0.029428571428571415,25.0,1
USR_00782,10,0,0.0,5.0,5.0,0.0,0.0,7.0,1,1,0.0,1,STU_0055,50.892857142857146,6.2942857142857145,5.085714285714286,3.664285714285714,0.31157142857142855,0.4473379356712436,7,0.04157142857142854,25.0,1
USR_00782,14,0,0.0,13.0,13.0,0.0,0.0,5.0,1,0,1.0,1,STU_0055,66.52857142857142,4.992857142857143,7.242857142857143,2.8785714285714286,0.4694285714285714,0.4809019866678416,7,0.17228571428571426,25.0,1
USR_00782,18,1,1.0,2.0,2.0,0.59,0.118,8.0,1,0,1.0,1,STU_0055,43.3,6.74,4.5,5.4,0.293,0.3976695387050284,1,0.0004285714285713893,25.0,1
USR_00784,14,0,0.0,365.0,365.0,0.0,0.0,10.0,1,0,0.0,1,STU_0343,40.57142857142857,4.482857142857143,8.285714285714286,1.3285714285714287,0.5072857142857143,0.4284624844471952,7,0.11900000000000005,36.0,8
USR_00784,17,1,1.0,3.0,3.0,19.1,0.9550000000000001,5.0,1,0,1.0,1,STU_0343,29.428571428571427,6.180714285714286,7.042857142857143,1.4142857142857144,0.3777142857142857,0.3744923118126605,7,-0.19285714285714278,36.0,8
USR_00784,18,1,1.0,1.0,1.0,5.42,1.0,1.0,1,1,0.0,1,STU_0343,39.0,5.76,8.4,1.0,0.471,0.3774951848330805,1,0.09328571428571425,36.0,8
USR_00786,5,1,1.0,11.0,11.0,8.25,0.825,1.0,1,1,0.0,1,STU_0100,80.17857142857143,7.491428571428571,2.914285714285714,5.214285714285714,0.1882857142857143,0.5686848454411741,7,-0.1305714285714286,29.0,81
USR_00786,6,1,1.0,4.0,4.0,22.99,1.0,4.0,1,0,0.0,1,STU_0100,91.91428571428571,7.575714285714286,2.7857142857142856,5.957142857142857,0.21714285714285714,0.6342841164148892,7,0.02885714285714283,29.0,81
USR_00786,13,1,1.0,62.0,62.0,12.83,1.0,10.0,1,1,1.0,1,STU_0100,81.97142857142856,7.228571428571429,3.0285714285714285,5.428571428571429,0.2207142857142857,0.5689733309077686,7,-0.18157142857142855,29.0,81
USR_00786,14,1,1.0,182.0,182.0,40.6,1.0,1.0,1,0,0.0,1,STU_0100,102.73571428571428,6.101428571428571,4.914285714285714,6.185714285714285,0.427,0.5923144477287294,7,0.2062857142857143,29.0,81
USR_00788,8,1,1.0,2.0,2.0,0.0,0.0,3.0,1,0,1.0,1,STU_0323,63.357142857142854,4.871428571428572,6.671428571428572,3.1,0.5045714285714286,0.48896372486915773,7,0.044571428571428595,18.0,9
USR_00788,10,0,0.0,5.5,10.0,0.0,0.0,3.5,2,0,0.5,2,STU_0323,48.15714285714286,6.5685714285714285,5.0,4.042857142857143,0.30271428571428566,0.5027169053725287,7,0.002428571428571391,18.0,9
USR_00788,13,0,0.0,11.0,11.0,0.0,0.0,9.0,1,1,0.0,1,STU_0323,51.32857142857143,6.357142857142857,5.557142857142857,3.257142857142857,0.37042857142857144,0.5356396125821878,7,-0.14271428571428568,18.0,9
USR_00788,15,1,1.0,7.0,7.0,22.58,1.0,7.0,1,1,0.0,1,STU_0323,62.48571428571428,4.967142857142858,6.771428571428571,3.085714285714286,0.4501428571428571,0.46684500793149813,7,-0.06428571428571433,18.0,9
USR_00790,5,0,0.0,19.0,19.0,0.0,0.0,2.0,1,0,1.0,1,STU_0228,18.614285714285717,5.58,7.128571428571428,1.2857142857142858,0.39599999999999996,0.36072188738259303,7,-0.019714285714285795,24.0,62
USR_00790,8,1,1.0,25.0,25.0,19.8,0.99,7.0,1,0,0.0,1,STU_0228,41.5,4.571428571428571,9.157142857142857,1.2285714285714284,0.5468571428571428,0.4318005356176971,7,-0.013142857142857123,24.0,62
USR_00790,11,0,0.0,185.0,185.0,0.0,0.0,9.0,1,0,0.0,1,STU_0228,21.485714285714288,5.1000000000000005,6.928571428571429,1.1142857142857143,0.4215714285714286,0.40884813138341836,7,-0.0005714285714285561,24.0,62
USR_00790,14,1,1.0,12.0,12.0,0.0,0.0,10.0,1,0,0.0,1,STU_0228,38.114285714285714,3.8885714285714283,9.700000000000001,1.1285714285714286,0.6345714285714286,0.34702900294930483,7,0.26999999999999996,24.0,62
USR_00795,2,1,1.0,8.0,8.0,20.84,1.0,5.0,1,0,1.0,1,STU_0031,53.42857142857143,6.582857142857143,4.628571428571428,4.271428571428571,0.2755714285714286,0.5112406503350714,7,-0.11042857142857143,29.0,7
USR_00795,7,1,1.0,43.0,43.0,13.59,0.6795,6.0,1,0,0.0,1,STU_0031,64.41428571428571,5.1085714285714285,7.214285714285714,3.8857142857142857,0.47814285714285715,0.40742397387805845,7,0.17285714285714288,29.0,7
USR_00795,12,1,1.0,4.0,4.0,37.62,0.9404999999999999,6.0,1,0,1.0,1,STU_0031,54.68571428571429,5.175714285714285,7.057142857142857,3.5,0.5128571428571428,0.434214795314083,7,0.19628571428571417,29.0,7
USR_00795,13,1,1.0,34.0,34.0,11.4,1.0,5.0,1,1,0.0,1,STU_0031,52.728571428571435,6.545714285714285,3.7857142857142856,4.457142857142857,0.22414285714285714,0.5086349750310901,7,-0.28871428571428565,29.0,7
USR_00795,18,1,1.0,13.0,13.0,18.01,0.9005000000000001,10.0,1,0,1.0,1,STU_0031,48.7,5.59,5.3,3.8,0.319,0.4679466646411547,1,0.02999999999999997,29.0,7
USR_00799,1,0,0.0,9.0,9.0,0.0,0.0,5.0,1,0,0.0,1,STU_0440,57.57142857142857,6.458571428571429,4.928571428571429,4.642857142857143,0.3061428571428571,0.471561247960377,7,,25.0,39
USR_00799,2,1,1.0,55.0,55.0,25.24,1.0,5.0,1,0,1.0,1,STU_0440,54.34285714285714,6.148571428571429,4.628571428571428,3.314285714285714,0.3147142857142858,0.4673863199944624,7,0.008571428571428674,25.0,39
USR_00799,5,1,1.0,2.0,2.0,8.27,0.827,1.0,1,0,0.0,1,STU_0440,58.271428571428565,6.602857142857142,4.414285714285714,4.4,0.2661428571428571,0.5498299667598917,7,0.017285714285714265,25.0,39
USR_00799,6,1,1.0,25.0,25.0,16.08,0.8039999999999999,4.0,1,0,0.0,1,STU_0440,58.185714285714276,6.482857142857142,4.714285714285714,3.9428571428571426,0.32642857142857146,0.481366393217831,7,0.06028571428571433,25.0,39
USR_00799,7,0,0.0,3.0,3.0,0.0,0.0,3.0,1,1,0.0,1,STU_0440,66.32857142857144,4.345714285714286,7.4142857142857155,2.9714285714285715,0.485,0.4168037237547751,7,0.15857142857142853,25.0,39
USR_00799,12,0,0.0,10.0,10.0,0.0,0.0,8.0,1,0,0.0,1,STU_0440,54.84285714285714,4.651428571428572,7.257142857142857,3.2714285714285714,0.49385714285714283,0.48169434085890156,7,0.19599999999999995,25.0,39
USR_00799,15,1,1.0,21.0,21.0,3.73,0.746,10.0,1,0,0.0,1,STU_0440,59.24285714285714,4.911428571428572,6.8999999999999995,2.742857142857143,0.5611428571428572,0.46962688592588225,7,0.035285714285714254,25.0,39
USR_00799,18,0,0.0,2.0,2.0,0.0,0.0,5.0,1,0,0.0,1,STU_0440,75.6,5.83,4.6,4.7,0.419,0.4934654524530386,1,0.0764285714285714,25.0,39
USR_00808,3,1,1.0,95.0,95.0,20.81,1.0,10.0,1,0,1.0,1,STU_0196,54.800000000000004,4.861428571428571,6.942857142857143,3.7857142857142856,0.505,0.5060398855033074,7,0.19671428571428573,26.0,94
USR_00808,9,1,1.0,8.0,8.0,10.96,1.0,6.0,1,0,1.0,1,STU_0196,47.199999999999996,6.825714285714286,5.057142857142857,3.9,0.2775714285714286,0.49911481374804456,7,-0.21000000000000002,26.0,94
USR_00808,13,1,1.0,107.0,107.0,10.63,1.0,9.0,1,0,0.0,1,STU_0196,46.31428571428571,6.034285714285715,5.085714285714286,4.557142857142857,0.36114285714285715,0.508407609909738,7,-0.12185714285714283,26.0,94
USR_00808,15,1,1.0,3.0,3.0,4.8,0.96,10.0,1,1,0.0,1,STU_0196,66.01428571428572,4.909999999999999,7.3,2.9,0.48542857142857143,0.48456834834836815,7,-0.02571428571428569,26.0,94
USR_00808,18,1,1.0,50.0,50.0,25.38,1.0,5.0,1,0,0.0,1,STU_0196,65.7,5.93,5.4,3.3,0.321,0.5140049109985231,1,-0.0014285714285714457,26.0,94
USR_00810,1,1,1.0,3.0,3.0,37.91,0.9477499999999999,5.0,1,0,0.0,1,STU_0463,47.228571428571435,6.04,4.614285714285714,4.071428571428571,0.31428571428571433,0.5059088028500873,7,,28.0,18
USR_00810,9,1,1.0,58.0,58.0,15.73,0.7865,9.0,1,0,1.0,1,STU_0463,50.44285714285714,6.115714285714286,4.871428571428572,4.271428571428571,0.27742857142857147,0.5277588636734352,7,-0.22785714285714276,28.0,18
USR_00810,18,1,1.0,21.0,21.0,26.34,1.0,9.0,1,1,0.0,1,STU_0463,52.1,6.8,6.3,4.4,0.318,0.5256672429596965,1,-0.02400000000000002,28.0,18
USR_00832,1,1,1.0,20.0,20.0,40.09,1.0,7.0,1,0,0.0,1,STU_0458,50.9,6.3914285714285715,5.428571428571429,3.585714285714286,0.326,0.43034620781369126,7,,29.0,2
USR_00832,6,0,0.0,2.0,2.0,0.0,0.0,5.0,1,0,1.0,1,STU_0458,46.471428571428575,6.7700000000000005,5.0,4.0,0.27871428571428575,0.45409113280160235,7,-0.03142857142857136,29.0,2
USR_00832,10,1,1.0,17.0,17.0,13.48,1.0,2.0,1,0,1.0,1,STU_0458,43.114285714285714,5.8,4.5,4.085714285714285,0.30342857142857144,0.4391013628794854,7,0.00028571428571433355,29.0,2
USR_00832,12,0,0.0,2.0,2.0,0.0,0.0,10.0,1,1,0.0,1,STU_0458,64.24285714285715,4.632857142857143,7.3,2.6,0.5214285714285715,0.4981804223058255,7,0.1572857142857143,29.0,2
USR_00832,16,1,1.0,12.0,12.0,20.16,1.0,5.0,1,0,0.0,1,STU_0458,58.471428571428575,4.865714285714286,7.085714285714286,3.814285714285714,0.49214285714285716,0.42445972858291625,7,0.02557142857142858,29.0,2
USR_00832,18,1,1.0,6.0,6.0,19.36,0.968,5.0,1,1,1.0,1,STU_0458,35.0,5.52,3.4,4.9,0.219,0.4659409152415306,1,-0.04042857142857145,29.0,2
USR_00841,5,1,1.0,1.0,1.0,1.88,0.376,6.0,1,1,0.0,1,STU_0491,20.67142857142857,5.678571428571429,5.971428571428571,1.8142857142857143,0.3434285714285714,0.41375968048548317,7,-0.06971428571428573,23.0,29
USR_00841,8,1,1.0,14.0,14.0,40.8,1.0,9.0,1,0,1.0,1,STU_0491,37.228571428571435,4.0600000000000005,8.614285714285716,1.1285714285714286,0.5701428571428572,0.41140312080328323,7,0.028000000000000025,23.0,29
USR_00841,11,1,1.0,113.0,113.0,5.81,0.581,2.0,1,0,1.0,1,STU_0491,27.37142857142857,5.518571428571429,7.185714285714285,1.457142857142857,0.4032857142857143,0.39318581769464733,7,-0.0005714285714285561,23.0,29
USR_00841,16,1,1.0,1.0,1.0,38.31,0.9577500000000001,5.0,1,0,1.0,1,STU_0491,40.91428571428571,4.521428571428571,8.642857142857142,1.2857142857142858,0.5095714285714286,0.387077804290236,7,-0.025428571428571467,23.0,29
USR_00841,17,1,1.0,5.0,5.0,16.83,0.8414999999999999,6.0,1,0,1.0,1,STU_0491,30.185714285714287,5.114285714285714,7.485714285714286,1.3,0.4554285714285714,0.37006713807091174,7,-0.05414285714285716,23.0,29
USR_00843,3,1,1.0,46.0,46.0,23.23,1.0,5.0,1,0,1.0,1,STU_0275,58.2,5.081428571428572,7.857142857142857,2.6571428571428575,0.5442857142857143,0.41071389206678,7,0.2148571428571428,41.0,23
USR_00843,7,1,1.0,67.0,67.0,41.68,1.0,5.0,1,0,0.0,1,STU_0275,68.67142857142856,4.967142857142856,8.028571428571428,3.1,0.5447142857142857,0.4186563194966791,7,0.252,41.0,23
USR_00843,13,1,1.0,10.0,10.0,2.69,0.538,6.0,1,0,1.0,1,STU_0275,48.98571428571429,6.54,4.814285714285715,3.8714285714285714,0.3032857142857143,0.49415760393282265,7,-0.19671428571428567,41.0,23
USR_00843,16,1,1.0,39.0,39.0,8.61,0.861,1.0,1,0,1.0,1,STU_0275,61.92857142857143,5.082857142857143,7.371428571428572,3.014285714285714,0.5168571428571428,0.4721634250700549,7,0.06114285714285711,41.0,23
USR_00845,8,0,0.0,32.0,32.0,0.0,0.0,5.0,1,1,1.0,1,STU_0297,83.14285714285714,3.212857142857143,9.314285714285715,1.157142857142857,0.6675714285714286,0.44425402557319443,7,0.01814285714285724,15.0,37
USR_00845,9,1,1.0,15.0,15.0,18.53,0.9265000000000001,9.0,1,0,1.0,1,STU_0297,65.11428571428571,4.965714285714285,8.242857142857144,1.1285714285714286,0.5401428571428571,0.4168862981611591,7,-0.12742857142857145,15.0,37
USR_00845,12,1,1.0,95.0,95.0,16.35,0.8175000000000001,6.0,1,0,0.0,1,STU_0297,71.05,3.007142857142857,9.842857142857143,1.0,0.673,0.49003527614716763,7,0.17528571428571432,15.0,37
USR_00845,17,1,1.0,37.0,37.0,20.98,1.0,5.0,1,0,0.0,1,STU_0297,58.26428571428572,4.782857142857144,8.357142857142858,1.0142857142857142,0.5221428571428571,0.4593240594355493,7,-0.14042857142857146,15.0,37
USR_00845,18,1,0.5,31.0,43.0,8.91,0.4455,6.5,2,0,0.0,2,STU_0297,86.0,4.93,9.0,1.0,0.573,0.347325357465651,1,0.05085714285714282,15.0,37
USR_00846,2,1,1.0,2.0,2.0,42.77,1.0,4.0,1,1,0.0,1,STU_0119,51.471428571428575,6.130000000000001,6.2,3.0142857142857147,0.3894285714285714,0.37961058488236826,7,0.05071428571428571,12.0,29
USR_00846,9,2,1.0,1.0,1.0,15.78,0.75,6.5,2,0,0.0,2,STU_0119,37.84285714285714,6.624285714285714,4.807142857142857,3.7714285714285714,0.26542857142857146,0.518680401024831,7,-0.17871428571428566,12.0,29
USR_00846,12,1,1.0,2.0,2.0,25.61,1.0,4.0,1,0,1.0,1,STU_0119,68.05714285714285,4.890000000000001,7.414285714285714,3.5142857142857147,0.517,0.4968057654204019,7,0.20700000000000002,12.0,29
USR_00846,14,0,0.0,3.0,3.0,0.0,0.0,9.0,1,0,0.0,1,STU_0119,63.62857142857143,5.481428571428572,7.757142857142857,2.8428571428571425,0.47557142857142853,0.3822783902308789,7,0.16571428571428565,12.0,29
USR_00846,15,0,0.0,2.0,2.0,0.0,0.0,4.0,1,0,1.0,1,STU_0119,54.42857142857143,5.074285714285714,6.857142857142857,3.3000000000000003,0.4492857142857143,0.4928675191137227,7,-0.026285714285714246,12.0,29
USR_00846,16,1,1.0,1.0,1.0,35.09,0.8772500000000001,5.0,1,0,0.0,1,STU_0119,59.07142857142857,4.567142857142858,7.557142857142857,2.7,0.5241428571428571,0.46013036242931477,7,0.07485714285714284,12.0,29
USR_00846,17,0,0.0,1.0,1.0,0.0,0.0,2.0,1,0,0.0,1,STU_0119,40.1,6.7942857142857145,4.857142857142857,3.8285714285714283,0.2664285714285714,0.5230522665536833,7,-0.25771428571428573,12.0,29
USR_00846,18,0,0.0,1.0,1.0,0.0,0.0,10.0,1,0,0.0,1,STU_0119,52.1,7.75,7.4,3.3,0.33,0.5268312245878763,1,0.06357142857142861,12.0,29
USR_00858,11,0,0.0,2.0,2.0,0.0,0.0,1.0,1,1,0.0,1,STU_0247,90.22857142857143,7.318571428571429,2.857142857142857,5.8,0.21557142857142855,0.5833384595009123,7,0.019857142857142823,31.0,6
USR_00858,12,0,0.0,3.5,4.0,0.0,0.0,7.0,2,0,0.5,2,STU_0247,91.02857142857144,5.517142857142858,5.285714285714286,4.557142857142857,0.4654285714285714,0.5657816186847621,7,0.24985714285714286,31.0,6
USR_00863,14,2,1.0,10.0,15.0,34.26,1.0,3.5,2,1,1.0,2,STU_0120,33.957142857142856,4.088571428571429,9.014285714285714,1.0,0.5675714285714285,0.34965468681650913,7,0.20957142857142846,37.0,27
USR_00875,9,1,1.0,72.0,72.0,7.58,0.758,6.0,1,0,0.0,1,STU_0054,51.98571428571428,6.104285714285715,4.914285714285714,3.942857142857143,0.3258571428571429,0.500011567351582,7,-0.16271428571428564,27.0,37
USR_00875,10,1,1.0,34.0,34.0,20.59,1.0,10.0,1,0,0.0,1,STU_0054,40.81428571428571,6.822857142857143,5.3,3.1571428571428575,0.3067142857142858,0.5380242748150147,7,-0.019142857142857128,27.0,37
USR_00875,11,2,1.0,36.0,71.0,44.21,0.5,3.0,1,0,0.5,2,STU_0054,51.88571428571429,6.514285714285714,4.7,4.057142857142857,0.31057142857142855,0.5301738166341081,7,0.0038571428571427813,27.0,37
USR_00875,13,1,1.0,6.0,6.0,23.62,1.0,8.0,1,0,0.0,1,STU_0054,47.18571428571429,6.554285714285714,4.085714285714286,4.457142857142857,0.29442857142857143,0.45330568153098155,7,-0.18671428571428578,27.0,37
USR_00875,14,2,1.0,112.5,196.0,31.85,1.0,5.5,2,0,1.0,2,STU_0054,68.01428571428572,5.371428571428572,7.528571428571429,3.0,0.506,0.4451654721159447,7,0.21157142857142858,27.0,37
USR_00875,16,1,1.0,137.0,137.0,38.15,0.95375,5.0,1,1,0.0,1,STU_0054,66.64285714285714,5.095714285714286,7.971428571428572,2.9857142857142853,0.49571428571428566,0.46423155749161127,7,0.00971428571428562,27.0,37
USR_00880,3,1,1.0,154.0,154.0,8.53,0.853,5.0,1,1,1.0,1,STU_0456,65.5,5.194285714285714,7.228571428571429,3.4571428571428577,0.4917142857142857,0.5201112522603795,7,0.1552857142857143,25.0,33
USR_00880,6,0,0.0,57.0,57.0,0.0,0.0,2.0,1,0,0.0,1,STU_0456,49.785714285714285,6.075714285714286,4.442857142857143,4.242857142857143,0.31442857142857145,0.5172433306536791,7,-0.017285714285714293,25.0,33
USR_00880,9,0,0.0,18.0,18.0,0.0,0.0,5.0,1,0,0.0,1,STU_0456,55.08571428571429,6.732857142857142,5.171428571428572,4.514285714285714,0.30757142857142855,0.4795232903931967,7,-0.19271428571428567,25.0,33
USR_00880,10,0,0.0,39.0,39.0,0.0,0.0,5.0,1,1,1.0,1,STU_0456,53.285714285714285,6.305714285714286,4.857142857142857,3.4857142857142853,0.35314285714285715,0.46141551159934474,7,0.045571428571428596,25.0,33
USR_00880,15,1,1.0,23.0,23.0,17.62,0.881,7.0,1,1,0.0,1,STU_0456,70.54285714285714,5.114285714285714,7.385714285714286,2.7714285714285714,0.5222857142857144,0.352578590152319,7,0.05557142857142866,25.0,33
USR_00882,7,0,0.0,36.0,36.0,0.0,0.0,3.0,1,1,1.0,1,STU_0225,36.107142857142854,4.425,9.485714285714286,1.1142857142857143,0.5509999999999999,0.3399695354059848,7,0.1885714285714285,11.0,34
USR_00882,8,0,0.0,15.0,15.0,0.0,0.0,6.0,1,1,0.0,1,STU_0225,38.800000000000004,4.372857142857143,8.285714285714286,1.6857142857142857,0.5394285714285714,0.4029189410126063,7,-0.011571428571428566,11.0,34
USR_00882,12,1,1.0,3.0,3.0,18.11,0.9055,8.0,1,1,0.0,1,STU_0225,40.6,4.243571428571428,8.542857142857143,1.1428571428571428,0.5559999999999999,0.3852467584825551,7,0.1284285714285714,11.0,34
USR_00882,14,2,1.0,14.0,17.0,44.94,0.5,6.0,2,1,0.5,2,STU_0225,31.114285714285717,3.3942857142857146,9.071428571428571,1.0,0.5782857142857143,0.3462353194515768,7,0.19471428571428573,11.0,34
USR_00882,16,0,0.0,29.0,29.0,0.0,0.0,4.0,1,1,1.0,1,STU_0225,33.371428571428574,4.089285714285714,8.314285714285715,1.3571428571428572,0.5474285714285714,0.4015621403321502,7,-0.029571428571428582,11.0,34
USR_00882,17,1,1.0,29.0,29.0,9.48,0.9480000000000001,6.0,1,0,0.0,1,STU_0225,25.842857142857145,5.316428571428571,7.021428571428571,1.4857142857142858,0.40185714285714286,0.39132745150841813,7,-0.14557142857142852,11.0,34
USR_00898,8,1,1.0,77.0,77.0,0.0,0.0,6.0,1,0,0.0,1,STU_0242,57.957142857142856,5.688571428571429,7.5,2.914285714285714,0.42714285714285716,0.4246087606630965,7,-0.07071428571428567,20.0,86
USR_00898,9,1,1.0,59.0,59.0,15.49,1.0,3.0,1,0,0.0,1,STU_0242,58.61428571428571,6.428571428571429,4.357142857142857,5.014285714285714,0.27514285714285713,0.4597545254367546,7,-0.15200000000000002,20.0,86
USR_00898,12,1,1.0,60.0,60.0,20.55,1.0,5.0,1,0,0.0,1,STU_0242,63.885714285714286,4.395714285714286,6.557142857142857,3.5714285714285716,0.44585714285714284,0.4845736393103803,7,0.12071428571428572,20.0,86
USR_00898,14,1,1.0,35.0,35.0,10.83,1.0,10.0,1,0,1.0,1,STU_0242,54.114285714285714,4.68,7.5,2.7714285714285714,0.49000000000000005,0.4088581356079595,7,0.13642857142857145,20.0,86
USR_00898,16,1,1.0,55.0,55.0,20.73,1.0,6.0,1,1,0.0,1,STU_0242,65.52857142857142,4.9071428571428575,7.328571428571428,2.8000000000000003,0.4898571428571429,0.4419375682452754,7,0.01514285714285718,20.0,86
USR_00898,17,4,1.0,30.75,86.0,76.52,0.849,6.5,2,0,0.75,4,STU_0242,46.82857142857143,5.728571428571429,5.7,3.814285714285714,0.3588571428571429,0.4044307189960315,7,-0.131,20.0,86
USR_00898,18,1,1.0,43.0,43.0,22.07,1.0,5.0,1,1,0.0,1,STU_0242,50.5,6.2,5.4,1.6,0.356,0.5370038249178278,1,-0.0028571428571428914,20.0,86
USR_00901,7,1,1.0,67.0,67.0,37.77,0.94425,9.0,1,0,0.0,1,STU_0058,37.75714285714286,4.284285714285715,9.157142857142857,1.2714285714285716,0.5878571428571429,0.34361486140410397,7,0.18514285714285716,30.0,12
USR_00901,14,2,1.0,57.0,70.0,28.83,1.0,5.5,2,2,0.0,2,STU_0058,41.65714285714286,4.378571428571428,9.742857142857144,1.1857142857142857,0.5860000000000001,0.45527285617065616,7,0.18157142857142866,30.0,12
USR_00901,16,1,1.0,6.0,6.0,0.0,0.0,9.0,1,0,1.0,1,STU_0058,37.971428571428575,3.7671428571428573,9.142857142857142,1.0857142857142856,0.6007142857142858,0.3953384079638429,7,0.0005714285714286671,30.0,12
USR_00904,7,1,1.0,10.0,10.0,8.43,0.843,6.0,1,0,1.0,1,STU_0377,52.92857142857143,4.682857142857143,8.185714285714285,2.6,0.5245714285714286,0.48092980108601197,7,0.24542857142857144,33.0,27
USR_00904,10,0,0.0,1.0,1.0,0.0,0.0,6.0,1,0,0.0,1,STU_0377,42.035714285714285,6.344285714285713,5.228571428571429,3.8857142857142857,0.35000000000000003,0.496359499543544,7,0.05857142857142861,33.0,27
USR_00904,14,0,0.0,4.0,4.0,0.0,0.0,9.0,1,1,0.0,1,STU_0377,59.028571428571425,5.218571428571429,7.971428571428571,2.957142857142857,0.5111428571428572,0.4688733141976288,7,0.20400000000000013,33.0,27
USR_00904,17,1,1.0,10.0,10.0,10.87,1.0,6.0,1,1,0.0,1,STU_0377,54.80714285714286,6.667142857142857,4.571428571428571,4.307142857142857,0.2622857142857143,0.5170306219571111,7,-0.2645714285714285,33.0,27
USR_00908,13,1,1.0,2.0,2.0,5.96,0.596,6.0,1,1,1.0,1,STU_0067,60.785714285714285,5.361428571428571,7.3,1.0,0.4524285714285714,0.47390483368262554,7,-0.2022857142857143,21.0,27
USR_00908,18,1,1.0,5.0,5.0,3.58,0.716,1.0,1,0,0.0,1,STU_0067,68.2,5.0,7.2,1.0,0.416,0.3712716890676797,1,-0.11028571428571438,21.0,27
USR_00912,1,1,0.5,5.5,7.0,11.14,0.5,3.0,2,1,1.0,2,STU_0417,38.142857142857146,6.485714285714286,4.457142857142857,4.414285714285714,0.2571428571428572,0.460029147314927,7,,26.0,21
USR_00912,3,1,1.0,8.0,8.0,11.15,1.0,5.0,1,0,1.0,1,STU_0417,55.22857142857142,4.9071428571428575,7.542857142857143,2.8857142857142857,0.48442857142857143,0.4583877085840305,7,0.16400000000000003,26.0,21
USR_00912,4,1,1.0,14.0,14.0,4.41,0.882,6.0,1,0,0.0,1,STU_0417,52.67142857142858,6.497142857142856,5.171428571428572,3.314285714285714,0.3151428571428571,0.47839098981017375,7,-0.16928571428571432,26.0,21
USR_00912,5,1,0.5,2.5,3.0,15.37,0.5,5.0,2,1,0.5,2,STU_0417,49.371428571428574,6.278571428571429,5.3,4.314285714285714,0.33428571428571424,0.48336527778373944,7,0.019142857142857128,26.0,21
USR_00913,5,1,0.5,12.5,14.0,8.82,0.441,7.5,2,1,0.5,2,STU_0299,50.01428571428572,6.308571428571428,5.214285714285714,4.085714285714286,0.321,0.5250335269042857,7,-0.0038571428571428368,19.0,1
USR_00913,10,1,0.5,17.0,21.0,42.06,0.5,5.0,2,0,0.5,2,STU_0299,44.271428571428565,6.042857142857143,4.3,4.071428571428571,0.2894285714285714,0.4563047032682765,7,-0.012285714285714289,19.0,1
USR_00913,11,1,1.0,2.0,2.0,37.92,0.9480000000000001,6.0,1,0,1.0,1,STU_0299,46.24285714285714,5.604285714285715,5.471428571428571,3.871428571428571,0.3685714285714286,0.49496856104443276,7,0.07914285714285718,19.0,1
USR_00928,1,0,0.0,2.0,2.0,0.0,0.0,10.0,1,1,0.0,1,STU_0224,75.65714285714286,7.0600000000000005,2.914285714285714,6.2,0.232,0.5136234246088899,7,,26.0,14
USR_00928,8,0,0.0,2.0,2.0,0.0,0.0,5.0,1,1,1.0,1,STU_0224,98.27142857142857,5.578571428571428,6.3999999999999995,4.4714285714285715,0.4827142857142857,0.5320677769073388,7,0.0922857142857143,26.0,14
USR_00928,16,1,1.0,2.0,2.0,14.23,1.0,7.0,1,1,0.0,1,STU_0224,88.48571428571428,5.597142857142857,5.2,4.457142857142857,0.40628571428571425,0.5325012375919526,7,-0.02057142857142863,26.0,14
USR_00930,3,0,0.0,8.0,8.0,0.0,0.0,8.0,1,0,1.0,1,STU_0060,66.58571428571427,5.332857142857143,6.6000000000000005,3.492857142857143,0.4734285714285714,0.4486024960049325,7,0.11499999999999999,29.0,11
USR_00930,5,0,0.0,11.0,11.0,0.0,0.0,3.0,1,0,0.0,1,STU_0060,52.98571428571428,6.369999999999999,4.985714285714286,4.057142857142857,0.3157142857142857,0.47823047317516426,7,-0.07014285714285712,29.0,11
USR_00930,13,0,0.0,3.0,3.0,0.0,0.0,1.0,1,0,0.0,1,STU_0060,47.699999999999996,6.114285714285714,5.642857142857143,3.1214285714285714,0.3467142857142857,0.45078346323179297,7,-0.20657142857142857,29.0,11
USR_00943,4,0,0.0,4.0,4.0,0.0,0.0,5.0,1,1,0.0,1,STU_0341,51.521428571428565,6.272857142857143,4.871428571428572,3.6357142857142857,0.35485714285714287,0.4903243009401634,7,-0.15500000000000003,34.0,38
USR_00943,12,0,0.0,2.0,2.0,0.0,0.0,5.0,1,0,1.0,1,STU_0341,64.14285714285714,5.277142857142857,7.542857142857143,3.0,0.44871428571428573,0.40622759080802107,7,0.14100000000000001,34.0,38
USR_00943,16,1,1.0,1.0,1.0,44.98,1.0,2.0,1,0,0.0,1,STU_0341,66.60714285714286,5.277142857142857,7.171428571428571,3.4285714285714284,0.47585714285714287,0.5088655470747633,7,-0.06399999999999995,34.0,38
USR_00946,8,1,1.0,10.0,10.0,21.05,1.0,4.0,1,1,1.0,1,STU_0121,71.04285714285713,3.4635714285714285,10.0,1.0,0.6924285714285714,0.42063957688595455,7,0.023714285714285688,18.0,32
USR_00946,11,1,1.0,20.0,20.0,8.23,1.0,5.0,1,1,0.0,1,STU_0121,70.25714285714285,5.009285714285714,8.028571428571428,1.0,0.518,0.4473305744383986,7,0.007428571428571451,18.0,32
USR_00946,16,1,1.0,31.0,31.0,45.41,1.0,5.0,1,0,0.0,1,STU_0121,74.56428571428572,3.781428571428571,9.485714285714286,1.0,0.643,0.46890062848476344,7,-0.0754285714285714,18.0,32
USR_00946,18,1,1.0,37.0,37.0,16.58,0.829,5.0,1,0,0.0,1,STU_0121,70.2,5.02,8.0,1.0,0.522,0.4121265556988796,1,-0.046428571428571375,18.0,32
USR_00979,1,0,0.0,19.0,19.0,0.0,0.0,5.0,1,1,0.0,1,STU_0420,25.37142857142857,6.071428571428571,7.328571428571428,1.7428571428571427,0.42857142857142855,0.3664925998935817,7,,18.0,18
USR_00979,7,0,0.0,3.0,3.0,0.0,0.0,5.0,1,0,1.0,1,STU_0420,34.32857142857143,4.801428571428572,9.357142857142858,1.0571428571428572,0.5642857142857143,0.3630314955724084,7,0.14499999999999996,18.0,18
USR_00979,15,1,1.0,6.0,6.0,25.15,1.0,9.0,1,1,1.0,1,STU_0420,31.25,4.0285714285714285,9.285714285714286,1.1428571428571428,0.5697142857142857,0.38211756622899434,7,-0.007428571428571451,18.0,18
USR_00979,18,1,1.0,13.0,13.0,0.0,0.0,4.0,1,1,0.0,1,STU_0420,36.9,5.4350000000000005,7.8,2.0,0.393,0.395054183234828,1,0.017142857142857126,18.0,18
USR_00999,8,2,1.0,50.0,89.0,8.01,0.40049999999999997,5.0,2,1,0.0,2,STU_0328,72.85714285714286,3.3842857142857143,9.414285714285715,1.0,0.6701428571428572,0.35211151349282144,7,0.021428571428571352,30.0,83
USR_00999,16,2,1.0,85.0,98.0,44.08,0.99375,3.0,2,0,0.5,2,STU_0328,70.81428571428572,3.7714285714285714,9.957142857142857,1.0,0.6438571428571428,0.40591931571766665,7,0.017714285714285682,30.0,83
USR_00999,18,1,1.0,13.0,13.0,14.67,1.0,10.0,1,0,1.0,1,STU_0328,70.2,5.55,8.6,1.0,0.493,0.4535832709251746,1,-0.061999999999999944,30.0,83
USR_01002,9,1,0.3333333333333333,11.333333333333334,28.0,21.02,0.3333333333333333,3.3333333333333335,2,0,1.0,3,STU_0466,47.385714285714286,5.9957142857142856,4.142857142857143,4.571428571428571,0.28200000000000003,0.4370155552683997,7,-0.18071428571428566,23.0,26
USR_01002,10,1,1.0,5.0,5.0,23.64,1.0,6.0,1,0,0.0,1,STU_0466,49.17142857142857,6.92,5.271428571428571,3.6285714285714286,0.3467142857142857,0.5311578707865797,7,0.06471428571428567,23.0,26
USR_01002,17,0,0.0,4.0,4.0,0.0,0.0,1.0,1,0,0.0,1,STU_0466,59.67142857142857,6.4314285714285715,4.885714285714286,4.628571428571428,0.32399999999999995,0.5500094406718724,7,-0.16771428571428576,23.0,26
USR_01006,2,1,0.5,5.5,8.0,18.51,0.46275000000000005,3.0,2,1,0.5,2,STU_0400,48.528571428571425,6.3100000000000005,5.242857142857143,3.342857142857143,0.3282857142857143,0.45546272660099046,7,0.030428571428571416,24.0,2
USR_01006,4,0,0.0,22.0,22.0,0.0,0.0,5.0,1,0,0.0,1,STU_0400,52.357142857142854,6.1899999999999995,5.285714285714286,3.8000000000000003,0.3221428571428571,0.4882126858873549,7,-0.18042857142857144,24.0,2
USR_01006,5,0,0.0,14.0,14.0,0.0,0.0,5.0,1,1,0.0,1,STU_0400,48.01428571428572,6.837142857142857,4.5285714285714285,3.6142857142857143,0.29057142857142854,0.49404093269282134,7,-0.031571428571428584,24.0,2
USR_01006,7,0,0.0,10.0,10.0,0.0,0.0,8.0,1,0,0.0,1,STU_0400,60.84285714285714,5.465714285714285,7.614285714285714,3.257142857142857,0.47828571428571426,0.43546461338603304,7,0.14900000000000002,24.0,2
USR_01006,9,0,0.0,11.0,11.0,0.0,0.0,6.0,1,1,1.0,1,STU_0400,47.17142857142857,6.042142857142857,5.057142857142857,4.0285714285714285,0.29642857142857143,0.49336460772995244,7,-0.2225714285714286,24.0,2
USR_01006,10,0,0.0,24.0,24.0,0.0,0.0,5.0,1,0,0.0,1,STU_0400,50.65714285714286,6.095,5.242857142857143,3.7857142857142856,0.34757142857142853,0.4257255717079208,7,0.0511428571428571,24.0,2
USR_01006,14,1,1.0,37.0,37.0,49.91,1.0,5.0,1,0,1.0,1,STU_0400,73.35714285714286,5.131428571428572,7.5,2.857142857142857,0.49942857142857144,0.48101219011300395,7,0.16485714285714287,24.0,2
USR_01006,18,1,1.0,4.0,4.0,8.48,0.8480000000000001,7.0,1,0,0.0,1,STU_0400,55.2,6.7,5.0,4.3,0.323,0.1489338788786074,1,0.025000000000000022,24.0,2
USR_01026,14,1,1.0,9.0,9.0,20.28,1.0,5.0,1,0,0.0,1,STU_0099,57.05714285714286,5.102857142857142,7.542857142857143,2.7714285714285714,0.4684285714285714,0.44354321826077836,7,0.15857142857142853,18.0,33
USR_01026,15,0,0.0,6.0,6.0,0.0,0.0,6.0,1,0,0.0,1,STU_0099,48.51428571428572,5.215714285714285,7.442857142857143,2.9285714285714284,0.4562857142857143,0.4592872865173038,7,-0.012142857142857122,18.0,33
USR_01026,17,0,0.0,9.0,9.0,0.0,0.0,7.0,1,0,0.0,1,STU_0099,59.51428571428572,6.595714285714286,5.828571428571428,3.1999999999999997,0.32785714285714285,0.47520418147060833,7,-0.2052857142857143,18.0,33
USR_01028,1,1,1.0,4.0,4.0,5.63,0.563,5.0,1,0,0.0,1,STU_0287,88.48571428571428,7.3828571428571435,3.014285714285714,5.785714285714286,0.23900000000000002,0.5950665316409641,7,,19.0,14
USR_01028,3,1,1.0,10.0,10.0,8.73,1.0,9.0,1,0,0.0,1,STU_0287,97.62857142857142,5.340000000000001,5.2,5.185714285714285,0.41914285714285715,0.49713139644031157,7,0.13042857142857145,19.0,14
USR_01028,13,1,1.0,4.0,4.0,11.36,1.0,6.0,1,0,1.0,1,STU_0287,81.77142857142857,7.281428571428571,3.257142857142857,5.535714285714286,0.26057142857142856,0.5218055307106679,7,-0.13357142857142856,19.0,14
USR_01035,11,2,1.0,39.0,55.0,38.67,0.9075,7.5,2,0,0.5,2,STU_0188,49.98571428571428,6.63,5.014285714285714,3.6714285714285713,0.3108571428571429,0.5529572255499147,7,-0.01014285714285712,33.0,16
USR_01035,15,1,1.0,11.0,11.0,12.75,0.6375,5.0,1,0,0.0,1,STU_0188,60.885714285714286,4.485714285714286,6.885714285714286,3.8714285714285714,0.5092857142857142,0.5245023948296053,7,0.018571428571428517,33.0,16
USR_01042,6,0,0.0,18.0,18.0,0.0,0.0,7.0,1,1,0.0,1,STU_0045,20.47142857142857,5.71,6.928571428571429,1.4285714285714286,0.3831428571428571,0.38267021675763735,7,-0.03557142857142859,20.0,35
USR_01042,8,0,0.0,6.0,6.0,0.0,0.0,5.0,1,0,0.0,1,STU_0045,29.47142857142857,4.139285714285714,9.357142857142858,1.0,0.5595714285714285,0.32436809025070773,7,0.010714285714285676,20.0,35
USR_01042,11,1,1.0,9.0,9.0,15.55,0.7775000000000001,5.0,1,1,1.0,1,STU_0045,29.414285714285715,5.964285714285714,7.228571428571428,1.3285714285714287,0.4027142857142857,0.44918567202288046,7,0.01657142857142857,20.0,35
USR_01042,14,1,1.0,8.0,8.0,38.78,0.9695,7.0,1,0,1.0,1,STU_0045,30.12857142857143,4.5200000000000005,9.228571428571428,1.1857142857142857,0.5712857142857143,0.34866351548587066,7,0.2431428571428571,20.0,35
USR_01042,16,1,1.0,25.0,25.0,10.89,1.0,7.0,1,0,1.0,1,STU_0045,36.54285714285714,4.605714285714286,9.557142857142859,1.0142857142857142,0.5984285714285714,0.33765607173565343,7,0.10442857142857137,20.0,35
USR_01042,18,1,1.0,42.0,42.0,20.32,1.0,5.0,1,0,0.0,1,STU_0045,35.0,5.28,5.0,4.3,0.312,0.5281846154213264,1,-0.052428571428571435,20.0,35
USR_01045,3,1,1.0,110.0,110.0,10.55,1.0,10.0,1,0,0.0,1,STU_0498,65.3,5.038571428571429,7.385714285714286,2.857142857142857,0.5162857142857142,0.4926424450644787,7,0.24057142857142855,39.0,90
USR_01045,9,1,1.0,11.0,11.0,12.91,0.6455,5.0,1,0,1.0,1,STU_0498,50.971428571428575,6.472857142857143,5.214285714285714,4.078571428571428,0.3435714285714286,0.4983516248990134,7,-0.14414285714285707,39.0,90
USR_01045,14,1,1.0,48.0,48.0,40.69,1.0,4.0,1,0,0.0,1,STU_0498,53.5,5.131428571428572,7.157142857142857,3.242857142857143,0.4855714285714286,0.48722819349823776,7,0.12757142857142856,39.0,90
USR_01048,4,0,0.0,40.0,40.0,0.0,0.0,3.0,1,0,0.0,1,STU_0252,67.55714285714285,4.835714285714286,7.585714285714286,1.1142857142857143,0.4998571428571429,0.4480577149046616,7,-0.2024285714285714,36.0,12
USR_01048,6,1,1.0,29.0,29.0,20.99,1.0,4.0,1,0,0.0,1,STU_0252,70.25714285714285,5.0200000000000005,8.435714285714285,1.0,0.5481428571428572,0.3885446167695745,7,0.0377142857142857,36.0,12
USR_01048,10,1,1.0,53.0,53.0,42.21,1.0,9.0,1,0,0.0,1,STU_0252,64.9857142857143,4.992857142857143,8.1,1.0,0.5258571428571429,0.4175344283726981,7,0.015285714285714347,36.0,12
USR_01048,13,1,1.0,84.0,84.0,10.87,1.0,8.0,1,1,0.0,1,STU_0252,66.57142857142857,4.722857142857143,8.142857142857142,1.0,0.5311428571428571,0.5544158282790258,7,-0.1595714285714286,36.0,12
USR_01048,15,1,1.0,76.0,76.0,13.58,1.0,7.0,1,1,1.0,1,STU_0252,73.71428571428571,2.89,9.771428571428572,1.0714285714285714,0.6782857142857143,0.38306130604379024,7,-0.03785714285714281,36.0,12
USR_01056,1,1,1.0,3.0,3.0,14.15,1.0,6.0,1,0,0.0,1,STU_0223,20.62857142857143,5.511428571428572,6.685714285714285,1.3714285714285714,0.39442857142857146,0.5142872413436991,7,,26.0,35
USR_01056,2,0,0.0,4.0,4.0,0.0,0.0,10.0,1,1,0.0,1,STU_0223,24.314285714285717,6.151428571428572,6.728571428571429,1.2857142857142858,0.3762857142857143,0.4184445177238433,7,-0.018142857142857183,26.0,35
USR_01056,8,0,0.0,13.0,13.0,0.0,0.0,10.0,1,0,0.0,1,STU_0223,32.714285714285715,4.648571428571429,9.428571428571429,1.1285714285714286,0.5481428571428572,0.4146555864050134,7,-0.03700000000000003,26.0,35
USR_01056,10,0,0.0,8.0,8.0,0.0,0.0,5.0,1,0,1.0,1,STU_0223,23.528571428571432,5.595714285714286,6.871428571428572,1.1,0.42714285714285716,0.3974732727239859,7,0.00914285714285712,26.0,35
USR_01056,17,1,1.0,2.0,2.0,3.27,0.654,5.0,1,1,0.0,1,STU_0223,29.157142857142855,5.55,7.028571428571429,1.8142857142857145,0.399,0.47083455944523805,7,-0.1508571428571429,26.0,35
USR_01058,2,0,0.0,1.0,1.0,0.0,0.0,1.0,1,1,0.0,1,STU_0011,92.36428571428571,7.505714285714285,2.7714285714285714,5.985714285714286,0.24657142857142858,0.658488334972193,7,0.005857142857142866,26.0,21
USR_01058,3,0,0.0,5.0,5.0,0.0,0.0,2.0,1,1,0.0,1,STU_0011,94.31428571428572,5.598571428571428,5.25,4.728571428571429,0.4014285714285714,0.5554511827249972,7,0.15485714285714283,26.0,21
USR_01058,4,1,1.0,4.0,4.0,20.5,1.0,10.0,1,1,0.0,1,STU_0011,86.47142857142856,7.338571428571428,2.814285714285714,5.171428571428572,0.20585714285714288,0.640251274191779,7,-0.19557142857142853,26.0,21
USR_01058,5,0,0.0,4.0,4.0,0.0,0.0,4.0,1,0,0.0,1,STU_0011,86.17142857142858,7.3100000000000005,2.4,6.214285714285714,0.19828571428571426,0.6197549159262227,7,-0.007571428571428618,26.0,21
USR_01058,9,1,1.0,2.0,2.0,25.47,1.0,1.0,1,1,1.0,1,STU_0011,89.20714285714287,6.827142857142857,2.0,6.0,0.2382857142857143,0.5164065892943551,7,-0.22628571428571428,26.0,21
USR_01058,10,2,1.0,13.0,16.0,21.94,0.5,3.5,2,0,0.5,2,STU_0011,76.44285714285715,7.621428571428572,2.7285714285714286,5.685714285714285,0.2372857142857143,0.5634190962119787,7,-0.0010000000000000009,26.0,21
USR_01058,11,1,1.0,3.0,3.0,7.31,0.731,6.0,1,0,0.0,1,STU_0011,76.52857142857144,7.432857142857143,2.142857142857143,5.528571428571429,0.193,0.5897332963767247,7,-0.04428571428571429,26.0,21
USR_01058,12,1,1.0,5.0,5.0,15.28,1.0,8.0,1,1,0.0,1,STU_0011,102.45,5.905714285714285,5.585714285714286,4.785714285714286,0.4468571428571429,0.6062494552418691,7,0.2538571428571429,26.0,21
USR_01058,15,1,1.0,9.0,9.0,10.33,1.0,6.0,1,0,0.0,1,STU_0011,100.05714285714285,5.935714285714285,6.7,4.6000000000000005,0.4817142857142857,0.5485738009200963,7,0.046428571428571375,26.0,21
USR_01058,16,0,0.0,3.0,3.0,0.0,0.0,5.0,1,0,0.0,1,STU_0011,85.78571428571429,5.0,5.414285714285714,4.242857142857143,0.4715714285714286,0.4889768792521781,7,-0.01014285714285712,26.0,21
USR_01058,17,0,0.0,25.0,25.0,0.0,0.0,7.0,1,0,0.0,1,STU_0011,81.14999999999999,7.3100000000000005,2.8000000000000003,5.685714285714285,0.1762857142857143,0.5679618411742368,7,-0.29528571428571426,26.0,21
USR_01065,3,1,1.0,3.0,3.0,9.3,0.93,7.0,1,0,0.0,1,STU_0210,99.7,5.835714285714286,5.971428571428571,3.914285714285714,0.44085714285714284,0.512410218713831,7,0.17757142857142855,22.0,21
USR_01065,8,0,0.0,1.0,1.0,0.0,0.0,10.0,1,0,0.0,1,STU_0210,93.24285714285715,5.797142857142857,6.185714285714285,4.8,0.4572857142857143,0.5307419014061646,7,0.06628571428571428,22.0,21
USR_01065,10,1,1.0,2.0,2.0,21.31,1.0,1.0,1,0,1.0,1,STU_0210,76.37142857142858,7.278571428571429,2.685714285714286,6.328571428571428,0.22342857142857145,0.5531654918265663,7,-0.07771428571428571,22.0,21
USR_01065,14,0,0.0,1.0,1.0,0.0,0.0,9.0,1,0,0.0,1,STU_0210,98.08571428571429,5.711428571428572,5.385714285714286,4.814285714285715,0.39942857142857147,0.5474163683846862,7,0.13457142857142862,22.0,21
USR_01065,15,0,0.0,7.0,7.0,0.0,0.0,4.0,1,1,0.0,1,STU_0210,79.89999999999999,5.925714285714285,5.071428571428571,5.028571428571429,0.44871428571428573,0.545100596566081,7,0.049285714285714266,22.0,21
USR_01065,18,1,1.0,11.0,11.0,38.61,0.9652499999999999,3.0,1,0,0.0,1,STU_0210,79.8,7.62,2.4,5.8,0.129,0.567426290208845,1,-0.1372857142857143,22.0,21
USR_01074,2,1,1.0,100.0,100.0,21.58,1.0,5.0,1,0,0.0,1,STU_0461,74.37142857142858,4.542857142857143,7.728571428571429,1.1285714285714286,0.5161428571428571,0.4696733637223704,7,-0.017857142857142905,28.0,34
USR_01074,4,1,1.0,6.0,6.0,18.02,0.901,7.0,1,0,0.0,1,STU_0461,70.08571428571429,5.18,8.4,1.1142857142857143,0.538,0.46628783691757025,7,-0.09628571428571431,28.0,34
USR_01074,5,1,1.0,8.0,8.0,18.14,0.907,3.0,1,0,0.0,1,STU_0461,74.62857142857142,4.684285714285714,7.528571428571429,1.0285714285714287,0.5387142857142857,0.49530642395358654,7,0.0007142857142856673,28.0,34
USR_01074,7,1,1.0,31.0,31.0,19.78,0.9890000000000001,5.0,1,0,0.0,1,STU_0461,79.77142857142857,3.7842857142857147,9.742857142857144,1.0,0.6689999999999999,0.4249989708803516,7,0.1528571428571428,28.0,34
USR_01074,10,1,1.0,54.0,54.0,19.08,0.954,6.0,1,1,1.0,1,STU_0461,61.128571428571426,4.701428571428572,7.928571428571429,1.1,0.5102857142857143,0.48605197737632366,7,-0.008857142857142786,28.0,34
USR_01074,15,1,1.0,7.0,7.0,10.4,1.0,8.0,1,1,0.0,1,STU_0461,73.52857142857144,3.485714285714286,9.385714285714286,1.0,0.6947142857142857,0.44040100892178297,7,0.0028571428571428914,28.0,34
USR_01074,18,1,1.0,2.0,2.0,9.6,0.96,3.0,1,1,1.0,1,STU_0461,62.5,6.93,8.7,1.0,0.372,0.3718199304507834,1,-0.1854285714285715,28.0,34
USR_01079,2,1,1.0,68.0,68.0,9.34,0.9339999999999999,3.0,1,0,0.0,1,STU_0428,23.442857142857143,5.8149999999999995,6.228571428571429,1.8571428571428572,0.37214285714285716,0.42261030118195697,7,0.007285714285714284,29.0,22
USR_01079,4,1,1.0,83.0,83.0,18.86,0.943,3.0,1,0,0.0,1,STU_0428,25.357142857142858,6.096428571428571,7.385714285714286,1.542857142857143,0.4257142857142857,0.439527025346882,7,-0.1737142857142857,29.0,22
USR_01079,5,2,1.0,12.0,17.0,47.49,1.0,7.5,2,0,1.0,2,STU_0428,16.47142857142857,5.874285714285714,7.442857142857143,1.2285714285714284,0.43,0.4094798759996953,7,0.004285714285714282,29.0,22
USR_01079,6,2,1.0,73.5,137.0,46.29,0.9457499999999999,6.5,2,1,0.5,2,STU_0428,28.985714285714288,5.597142857142857,7.114285714285714,1.957142857142857,0.40514285714285714,0.4195612390068803,7,-0.024857142857142855,29.0,22
USR_01079,10,1,1.0,31.0,31.0,13.01,1.0,6.0,1,1,1.0,1,STU_0428,18.8,5.5928571428571425,7.021428571428571,1.5285714285714285,0.37871428571428567,0.41958728323954597,7,-0.006714285714285728,29.0,22
USR_01081,1,1,1.0,9.0,9.0,6.51,1.0,6.0,1,0,0.0,1,STU_0001,70.77142857142857,4.944285714285714,7.628571428571428,1.0285714285714287,0.5028571428571429,0.46963202158360623,7,,29.0,39
USR_01081,4,1,1.0,8.0,8.0,16.11,0.8055,4.0,1,0,1.0,1,STU_0001,60.800000000000004,5.217142857142856,8.614285714285714,1.0,0.5271428571428571,0.4605537315428375,7,-0.12028571428571433,29.0,39
USR_01081,6,1,1.0,3.0,3.0,1.21,0.242,9.0,1,0,0.0,1,STU_0001,74.54285714285713,4.8428571428571425,8.014285714285714,1.1285714285714286,0.5278571428571428,0.4768998439489471,7,0.04928571428571421,29.0,39
USR_01081,7,1,1.0,19.0,19.0,6.29,1.0,1.0,1,1,0.0,1,STU_0001,81.12857142857142,4.002857142857143,9.742857142857144,1.1285714285714286,0.676,0.374987266637581,7,0.14814285714285724,29.0,39
USR_01081,8,0,0.0,2.0,2.0,0.0,0.0,7.0,1,0,0.0,1,STU_0001,78.62857142857142,3.924285714285714,9.742857142857144,1.0,0.6837142857142856,0.4591408752058913,7,0.0077142857142855625,29.0,39
USR_01081,10,1,1.0,16.0,16.0,17.95,0.8975,2.0,1,0,0.0,1,STU_0001,70.88571428571429,5.041428571428571,7.8428571428571425,1.0,0.5004285714285714,0.5039598496611082,7,-0.06799999999999995,29.0,39
USR_01081,13,0,0.0,13.0,13.0,0.0,0.0,2.0,1,0,0.0,1,STU_0001,61.92857142857143,5.188571428571429,8.428571428571429,1.0,0.5224285714285715,0.40708290440303063,7,-0.13114285714285712,29.0,39
USR_01081,15,0,0.0,9.0,9.0,0.0,0.0,6.0,1,0,1.0,1,STU_0001,77.62857142857142,3.3628571428571425,9.842857142857143,1.0,0.6745714285714286,0.4371690685336088,7,-0.0377142857142857,29.0,39
USR_01085,1,1,1.0,61.0,61.0,42.78,1.0,5.0,1,0,1.0,1,STU_0204,65.27142857142857,4.99,8.357142857142858,1.0285714285714287,0.533,0.41580693190120155,7,,41.0,74
USR_01085,4,1,1.0,34.0,34.0,21.05,1.0,5.0,1,0,1.0,1,STU_0204,56.91428571428571,4.567142857142857,8.385714285714286,1.0,0.5297142857142857,0.3941158107471618,7,-0.1517142857142857,41.0,74
USR_01085,6,1,1.0,118.0,118.0,41.45,1.0,10.0,1,0,0.0,1,STU_0204,57.628571428571426,4.89,7.857142857142857,1.0571428571428572,0.5067142857142858,0.43623482022922,7,0.024000000000000077,41.0,74
USR_01085,13,2,1.0,105.5,200.0,34.8,0.87,5.5,2,1,0.5,2,STU_0204,67.82857142857144,4.8028571428571425,7.9142857142857155,1.0714285714285714,0.5277142857142857,0.45377411420224556,7,-0.11214285714285721,41.0,74
USR_01091,1,1,1.0,33.0,33.0,39.58,0.9894999999999999,8.0,1,1,0.0,1,STU_0195,27.714285714285715,5.204285714285715,7.057142857142857,1.4714285714285715,0.42228571428571426,0.36073270878917124,7,,27.0,73
USR_01091,3,1,1.0,55.0,55.0,13.95,0.6975,5.0,1,0,0.0,1,STU_0195,38.84285714285714,4.841428571428572,9.757142857142856,1.0,0.5802857142857143,0.3916677551546079,7,0.179,27.0,73
USR_01091,8,1,1.0,167.0,167.0,21.63,1.0,6.0,1,1,0.0,1,STU_0195,33.58571428571429,4.901428571428572,8.571428571428571,1.0571428571428572,0.5271428571428571,0.4674497074564726,7,-0.09500000000000008,27.0,73
USR_01091,16,1,1.0,42.0,42.0,17.6,0.8800000000000001,9.0,1,0,0.0,1,STU_0195,30.885714285714283,4.162857142857143,9.085714285714285,1.2,0.59,0.387278833819801,7,0.042714285714285705,27.0,73
USR_01091,18,1,1.0,36.0,36.0,12.87,1.0,6.0,1,0,0.0,1,STU_0195,23.6,4.62,6.2,1.3,0.417,0.4127521813134648,1,0.028000000000000025,27.0,73
USR_01095,16,2,1.0,57.0,89.0,20.33,0.5,5.0,2,1,0.0,2,STU_0427,60.471428571428575,5.118571428571428,7.1571428571428575,2.8428571428571425,0.4968571428571429,0.4836824557294182,7,-0.04399999999999993,30.0,27
USR_01095,17,1,1.0,28.0,28.0,8.66,0.866,5.0,1,0,0.0,1,STU_0427,46.128571428571426,6.401428571428572,4.757142857142857,3.814285714285714,0.292,0.4594329450875593,7,-0.2048571428571429,30.0,27
USR_01095,18,0,0.0,45.0,45.0,0.0,0.0,2.0,1,1,0.0,1,STU_0427,32.3,6.13,5.6,5.6,0.398,0.3109585609073387,1,0.10600000000000004,30.0,27
USR_01103,18,2,1.0,76.0,141.0,41.41,1.0,4.5,2,0,0.5,2,STU_0180,30.8,6.52,5.9,2.2,0.376,0.293091998278141,1,-0.02657142857142858,25.0,89
USR_01104,15,1,1.0,87.0,87.0,11.58,1.0,6.0,1,1,1.0,1,STU_0272,96.31428571428572,5.315714285714286,5.25,4.514285714285714,0.4695714285714286,0.5749754921789426,7,0.016000000000000014,22.0,62
USR_01104,18,1,1.0,89.0,89.0,35.95,0.89875,10.0,1,0,1.0,1,STU_0272,97.5,6.77,3.7,5.0,0.171,0.6252614891458809,1,-0.07499999999999998,22.0,62
USR_01106,2,1,1.0,120.0,120.0,23.86,1.0,10.0,1,0,0.0,1,STU_0167,23.099999999999998,5.898571428571429,7.1571428571428575,1.4857142857142858,0.41100000000000003,0.3992472918985884,7,-0.0071428571428571175,40.0,39
USR_01106,6,1,1.0,10.0,10.0,6.48,1.0,6.0,1,0,1.0,1,STU_0167,37.51428571428572,5.511428571428572,7.114285714285715,1.4000000000000001,0.45914285714285713,0.41824537271578155,7,0.0397142857142857,40.0,39
USR_01106,8,1,1.0,66.0,66.0,9.49,0.9490000000000001,6.0,1,1,0.0,1,STU_0167,37.1,4.887142857142857,9.442857142857141,1.0571428571428572,0.5795714285714286,0.40014151282257515,7,0.017857142857142905,40.0,39
USR_01106,15,2,1.0,137.0,170.0,58.89,1.0,5.5,2,1,0.0,2,STU_0167,32.17857142857143,4.6814285714285715,9.514285714285714,1.0285714285714287,0.5582857142857143,0.3881616346563338,7,-0.04971428571428571,40.0,39
USR_01107,2,1,1.0,3.0,3.0,7.49,0.749,7.0,1,0,1.0,1,STU_0206,82.01428571428572,7.181428571428571,3.457142857142857,6.385714285714286,0.2598571428571429,0.6488443550595141,7,0.0408571428571429,33.0,4
USR_01107,11,1,1.0,5.0,5.0,17.55,0.8775000000000001,3.0,1,0,0.0,1,STU_0206,84.08571428571429,7.764285714285714,2.857142857142857,5.385714285714286,0.1967142857142857,0.6528282128778861,7,-0.04242857142857143,33.0,4
USR_01107,15,0,0.0,8.0,8.0,0.0,0.0,1.0,1,1,1.0,1,STU_0206,91.29285714285713,6.072857142857143,5.314285714285715,5.128571428571428,0.4297142857142857,0.5785143970374342,7,0.07942857142857146,33.0,4
USR_01117,1,2,1.0,60.0,92.0,32.63,0.7424999999999999,6.0,2,0,0.0,2,STU_0285,80.94285714285715,6.654285714285714,3.057142857142857,5.442857142857143,0.29314285714285715,0.4893231638884661,7,,23.0,22
USR_01117,7,1,1.0,9.0,9.0,17.96,0.898,9.0,1,0,0.0,1,STU_0285,92.77142857142857,5.864285714285714,5.271428571428571,4.228571428571429,0.4097142857142857,0.5829248321926327,7,0.1644285714285714,23.0,22
USR_01117,12,1,1.0,61.0,61.0,24.08,1.0,7.0,1,0,0.0,1,STU_0285,78.3,5.6571428571428575,5.557142857142857,4.4,0.4461428571428571,0.5673670520644881,7,0.20157142857142854,23.0,22
USR_01117,13,1,1.0,81.0,81.0,5.51,0.5509999999999999,1.0,1,0,1.0,1,STU_0285,80.40714285714286,6.704285714285715,2.5,6.1000000000000005,0.23199999999999998,0.6607864109734721,7,-0.21414285714285713,23.0,22
USR_01117,14,2,1.0,70.5,72.0,22.11,0.9745,5.5,2,0,1.0,2,STU_0285,149.65714285714284,5.602857142857142,5.328571428571428,4.728571428571429,0.41271428571428576,0.5785060138134133,7,0.18071428571428577,23.0,22
USR_01117,15,2,1.0,82.0,145.0,25.07,0.884,3.0,2,0,0.5,2,STU_0285,101.22857142857143,5.755714285714285,6.442857142857143,5.1571428571428575,0.4502857142857143,0.5347586966966029,7,0.03757142857142853,23.0,22
USR_01117,16,1,0.5,16.0,20.0,25.78,0.5,5.5,1,1,0.5,2,STU_0285,88.71428571428571,5.5600000000000005,6.071428571428571,5.228571428571429,0.49214285714285716,0.48577151660081147,7,0.04185714285714287,23.0,22
USR_01117,17,1,1.0,34.0,34.0,40.08,1.0,1.0,1,0,0.0,1,STU_0285,79.53571428571429,6.934285714285714,3.057142857142857,5.5,0.23385714285714285,0.5650384391590724,7,-0.25828571428571434,23.0,22
USR_01118,3,1,1.0,33.0,33.0,21.02,1.0,5.0,1,0,0.0,1,STU_0197,65.3,4.785714285714286,6.585714285714286,3.2285714285714286,0.49971428571428567,0.4295300996463278,7,0.1881428571428571,26.0,98
USR_01118,5,1,1.0,365.0,365.0,19.98,0.999,4.0,1,0,0.0,1,STU_0197,56.385714285714286,6.871428571428572,5.028571428571429,4.414285714285714,0.3005714285714286,0.5785290222247303,7,-0.050999999999999934,26.0,98
USR_01118,8,1,1.0,59.0,59.0,22.1,1.0,6.0,1,1,1.0,1,STU_0197,57.971428571428575,5.132857142857143,8.028571428571428,3.114285714285714,0.5695714285714286,0.38389522396622205,7,0.11414285714285716,26.0,98
USR_01118,11,1,1.0,11.0,11.0,21.65,1.0,5.0,1,1,0.0,1,STU_0197,45.18571428571429,6.612857142857143,4.8999999999999995,4.328571428571428,0.31142857142857144,0.45101178353552906,7,-0.012714285714285734,26.0,98
USR_01118,13,1,1.0,3.0,3.0,8.6,0.86,3.0,1,0,0.0,1,STU_0197,54.357142857142854,6.417142857142857,5.957142857142857,3.257142857142857,0.34314285714285714,0.5895446021116585,7,-0.13514285714285712,26.0,98
USR_01118,15,1,1.0,108.0,108.0,6.09,1.0,4.0,1,0,0.0,1,STU_0197,63.02857142857143,5.244285714285715,7.2,3.6999999999999997,0.48614285714285715,0.45425586068263274,7,-0.0071428571428571175,26.0,98
USR_01118,17,1,1.0,189.0,189.0,43.15,1.0,5.0,1,1,1.0,1,STU_0197,43.4,6.441428571428572,4.928571428571429,3.8857142857142857,0.33199999999999996,0.385988732032884,7,-0.1487142857142858,26.0,98
USR_01118,18,1,1.0,184.0,184.0,37.74,0.9435,3.0,1,0,0.0,1,STU_0197,51.3,6.89,3.7,3.9,0.244,0.447504535501502,1,-0.08799999999999997,26.0,98
USR_01124,4,0,0.0,2.0,2.0,0.0,0.0,10.0,1,0,1.0,1,STU_0185,45.471428571428575,6.451428571428571,5.428571428571429,3.7714285714285714,0.3447142857142857,0.5238289796899946,7,-0.1417142857142858,18.0,16
USR_01124,5,0,0.0,1.0,1.0,0.0,0.0,9.0,1,0,0.0,1,STU_0185,56.6,6.757142857142857,4.871428571428572,3.5428571428571423,0.3167142857142857,0.5127509506878358,7,-0.02799999999999997,18.0,16
USR_01124,8,1,1.0,6.0,6.0,8.58,0.858,3.0,1,0,1.0,1,STU_0185,51.107142857142854,5.064285714285715,6.892857142857143,3.557142857142857,0.46,0.49641274459413876,7,-0.0028571428571427804,18.0,16
USR_01124,15,0,0.0,12.0,12.0,0.0,0.0,10.0,1,1,0.0,1,STU_0185,59.67142857142857,5.164285714285714,7.557142857142857,2.814285714285714,0.5274285714285715,0.4437682367158476,7,0.062142857142857166,18.0,16
USR_01124,16,0,0.0,3.0,3.0,0.0,0.0,10.0,1,0,1.0,1,STU_0185,52.728571428571435,5.161428571428572,7.2,3.242857142857143,0.4745714285714286,0.38846660033085867,7,-0.05285714285714288,18.0,16
USR_01124,17,0,0.0,11.0,11.0,0.0,0.0,9.0,1,1,0.0,1,STU_0185,51.285714285714285,6.837142857142857,5.214285714285714,3.3428571428571425,0.2997142857142857,0.49015791127634395,7,-0.17485714285714288,18.0,16
USR_01124,18,1,1.0,21.0,21.0,19.65,0.9824999999999999,5.0,1,0,0.0,1,STU_0185,95.4,5.91,7.2,3.0,0.501,0.5558819920946874,1,0.2012857142857143,18.0,16
USR_01135,2,0,0.0,9.0,9.0,0.0,0.0,2.0,1,0,1.0,1,STU_0319,49.378571428571426,7.071428571428571,4.328571428571428,3.8000000000000003,0.274,0.5196658769710767,7,-0.04742857142857143,18.0,15
USR_01135,8,0,0.0,6.0,6.0,0.0,0.0,4.0,1,0,0.0,1,STU_0319,71.14285714285714,5.291428571428571,8.142857142857142,3.3714285714285714,0.5052857142857142,0.4534271989227409,7,0.00014285714285711126,18.0,15
USR_01135,12,0,0.0,11.0,11.0,0.0,0.0,6.0,1,0,0.0,1,STU_0319,62.785714285714285,4.9557142857142855,7.485714285714286,2.6142857142857143,0.47214285714285714,0.4339951360436666,7,0.14071428571428574,18.0,15
USR_01152,4,1,1.0,19.0,19.0,14.76,0.738,7.0,1,0,1.0,1,STU_0484,67.38571428571429,5.468571428571429,7.471428571428571,1.342857142857143,0.4635714285714286,0.43698182791487417,7,-0.23585714285714282,21.0,37
USR_01152,5,1,1.0,11.0,11.0,19.82,0.991,6.0,1,0,0.0,1,STU_0484,51.82857142857142,4.86,8.185714285714285,1.0,0.49385714285714283,0.4284891182487554,7,0.03028571428571425,21.0,37
USR_01152,10,0,0.0,6.0,6.0,0.0,0.0,9.0,1,0,1.0,1,STU_0484,63.285714285714285,4.844285714285713,8.071428571428571,1.1,0.5204285714285714,0.43901937184493034,7,-0.004571428571428671,21.0,37
USR_01152,11,2,1.0,16.0,28.0,62.17999999999999,0.99925,6.0,1,0,0.5,2,STU_0484,51.728571428571435,4.628571428571428,8.0,1.0,0.5364285714285714,0.4475321761515759,7,0.016000000000000014,21.0,37
USR_01152,13,1,1.0,16.0,16.0,45.3,1.0,3.0,1,1,1.0,1,STU_0484,65.75714285714285,4.627142857142857,8.285714285714286,1.0,0.5412857142857143,0.4469191982029691,7,-0.10842857142857143,21.0,37
USR_01152,15,1,1.0,9.0,9.0,23.51,1.0,1.0,1,0,1.0,1,STU_0484,82.67142857142858,3.312857142857143,9.87142857142857,1.0,0.709,0.4352324371637119,7,0.03028571428571425,21.0,37
USR_01152,17,0,0.0,8.0,8.0,0.0,0.0,10.0,1,0,0.0,1,STU_0484,60.98571428571428,5.022857142857143,7.771428571428571,1.0,0.5201428571428571,0.47137670918968705,7,-0.16685714285714293,21.0,37
USR_01162,2,1,1.0,1.0,1.0,12.83,1.0,8.0,1,0,0.0,1,STU_0111,18.02857142857143,5.750714285714286,6.3428571428571425,1.9428571428571428,0.368,0.45284830454247743,7,0.05257142857142855,19.0,19
USR_01162,5,1,1.0,18.0,18.0,10.97,1.0,6.0,1,0,1.0,1,STU_0111,24.785714285714285,5.677857142857143,7.442857142857143,1.3714285714285714,0.41414285714285715,0.34770342491836276,7,0.012285714285714289,19.0,19
USR_01162,6,1,1.0,4.0,4.0,11.03,1.0,6.0,1,0,1.0,1,STU_0111,21.585714285714285,5.861428571428571,7.8,1.0714285714285714,0.4025714285714286,0.40152912283098907,7,-0.011571428571428566,19.0,19
USR_01162,11,1,1.0,5.0,5.0,45.09,1.0,1.0,1,0,0.0,1,STU_0111,25.400000000000002,6.432857142857143,6.8999999999999995,1.2714285714285716,0.34771428571428575,0.40646992538054366,7,-0.027285714285714247,19.0,19
USR_01162,13,1,1.0,17.0,17.0,14.25,0.7125,10.0,1,1,1.0,1,STU_0111,26.314285714285713,5.36,7.3,1.8714285714285714,0.42757142857142855,0.42109244891944486,7,-0.1095714285714286,19.0,19
USR_01175,6,1,1.0,8.0,8.0,20.4,1.0,2.0,1,0,1.0,1,STU_0201,22.599999999999998,6.522857142857142,6.714285714285714,1.7714285714285716,0.3627142857142857,0.4373195900757573,7,-0.09357142857142858,21.0,5
USR_01175,8,1,1.0,1.0,1.0,11.99,1.0,9.0,1,0,1.0,1,STU_0201,37.6,4.742857142857143,9.35,1.0,0.5535714285714286,0.38793256604153614,7,-0.028857142857142803,21.0,5
USR_01175,11,0,0.0,12.0,12.0,0.0,0.0,1.0,1,1,1.0,1,STU_0201,37.285714285714285,5.518571428571429,7.007142857142857,1.5857142857142856,0.4438571428571429,0.41117784727190415,7,0.010857142857142954,21.0,5
USR_01175,12,1,1.0,4.0,4.0,40.77,1.0,5.0,1,1,1.0,1,STU_0201,35.957142857142856,4.361428571428571,9.028571428571428,1.2285714285714284,0.5211428571428571,0.44370101191906214,7,0.07728571428571424,21.0,5
USR_01178,8,1,1.0,40.0,40.0,38.79,0.96975,5.0,1,0,0.0,1,STU_0092,84.88571428571429,4.312857142857143,9.657142857142857,1.0,0.6398571428571429,0.4475359653625236,7,-0.04128571428571426,40.0,12
USR_01178,13,1,1.0,82.0,82.0,0.0,0.0,5.0,1,1,0.0,1,STU_0092,74.25714285714285,5.3914285714285715,8.642857142857142,1.0,0.5271428571428571,0.48649231615253175,7,-0.13114285714285712,40.0,12
USR_01178,15,1,1.0,27.0,27.0,13.19,1.0,1.0,1,0,1.0,1,STU_0092,71.34285714285714,3.4857142857142853,9.857142857142858,1.0,0.6618571428571428,0.47094664202852543,7,0.014428571428571346,40.0,12
USR_01179,16,1,1.0,5.0,5.0,22.58,1.0,10.0,1,0,0.0,1,STU_0354,147.68571428571428,5.424285714285714,5.557142857142857,4.885714285714285,0.4337142857142857,0.5403975858912997,7,0.013571428571428623,13.0,13
USR_01179,17,0,0.0,2.0,2.0,0.0,0.0,7.0,1,1,1.0,1,STU_0354,83.38571428571429,7.2299999999999995,2.7142857142857144,6.042857142857143,0.219,0.5794619575425984,7,-0.21471428571428572,13.0,13
USR_01191,5,1,1.0,22.0,22.0,45.13,1.0,8.0,1,0,1.0,1,STU_0403,58.44285714285714,5.246428571428572,7.014285714285714,1.2857142857142858,0.4561428571428571,0.4363398402303629,7,-0.1294285714285715,28.0,4
USR_01191,12,1,1.0,28.0,28.0,45.74,1.0,1.0,1,0,0.0,1,STU_0403,75.51428571428572,2.858571428571428,9.4,1.1428571428571428,0.6818571428571428,0.36525548909209765,7,0.16499999999999992,28.0,4
USR_01191,14,1,1.0,9.0,9.0,25.04,1.0,8.0,1,0,0.0,1,STU_0403,71.68571428571428,3.9464285714285716,9.814285714285715,1.0857142857142856,0.6488571428571428,0.4078725625339393,7,0.11485714285714277,28.0,4
USR_01193,4,0,0.0,7.0,7.0,0.0,0.0,10.0,1,1,0.0,1,STU_0010,43.94285714285714,6.947142857142857,5.457142857142857,4.1,0.28114285714285714,0.33561051274844017,7,-0.173,32.0,9
USR_01193,6,1,1.0,6.0,6.0,39.09,0.9772500000000001,5.0,1,0,0.0,1,STU_0010,38.08571428571429,6.587142857142857,4.4,3.914285714285714,0.2697142857142857,0.5264939554844144,7,-0.035714285714285754,32.0,9
USR_01196,10,1,1.0,8.0,8.0,15.55,1.0,10.0,1,0,0.0,1,STU_0176,46.42857142857143,6.511428571428572,4.885714285714286,3.814285714285714,0.27671428571428575,0.4201361935899643,7,-0.018571428571428572,28.0,33
USR_01196,12,1,1.0,4.0,4.0,38.05,0.9512499999999999,2.0,1,0,0.0,1,STU_0176,70.28571428571429,4.785714285714286,6.8999999999999995,3.2285714285714286,0.47014285714285714,0.4049257707501198,7,0.18085714285714288,28.0,33
USR_01201,6,0,0.0,41.0,41.0,0.0,0.0,4.0,1,1,1.0,1,STU_0033,27.17142857142857,4.734285714285714,7.314285714285715,1.2285714285714284,0.40928571428571425,0.37346325461898333,7,0.02071428571428574,22.0,39
USR_01201,8,1,1.0,17.0,17.0,39.28,0.982,5.0,1,0,0.0,1,STU_0033,43.55714285714286,4.45,9.471428571428572,1.0,0.6020000000000001,0.4035553090019473,7,0.0267142857142858,22.0,39
USR_01201,10,1,1.0,9.0,9.0,19.33,0.9664999999999999,7.0,1,0,1.0,1,STU_0033,21.157142857142855,5.917142857142857,7.257142857142857,1.5142857142857142,0.41557142857142854,0.3874426488435293,7,0.009999999999999953,22.0,39
USR_01201,17,1,1.0,11.0,11.0,11.97,1.0,6.0,1,1,1.0,1,STU_0033,25.75714285714286,5.861428571428571,7.2,1.6428571428571428,0.38785714285714284,0.4873156554224189,7,-0.1422857142857143,22.0,39
USR_01211,17,0,0.0,7.0,11.0,0.0,0.0,7.0,2,0,0.5,2,STU_0326,43.028571428571425,5.627142857142857,5.3999999999999995,4.357142857142857,0.3677142857142857,0.45233879630846346,7,-0.20414285714285713,27.0,6
USR_01212,14,0,0.0,4.0,4.0,0.0,0.0,2.0,1,0,0.0,1,STU_0250,79.57142857142857,3.251428571428572,9.785714285714286,1.0,0.7125714285714285,0.4067804737035411,7,0.1755714285714285,20.0,27
USR_01212,17,0,0.0,13.0,13.0,0.0,0.0,3.0,1,0,0.0,1,STU_0250,49.48571428571429,4.588571428571429,7.714285714285714,1.0714285714285714,0.5171428571428571,0.4319373603982938,7,-0.1527142857142857,20.0,27
USR_01217,18,1,1.0,27.0,27.0,37.81,0.94525,9.0,1,1,1.0,1,STU_0153,33.0,5.62,6.3,2.1,0.317,0.4144595470943688,1,-0.09742857142857148,27.0,30
USR_01223,1,1,1.0,1.0,1.0,2.32,0.46399999999999997,2.0,1,0,0.0,1,STU_0007,87.52857142857144,7.400714285714286,3.057142857142857,6.042857142857143,0.24485714285714286,0.5650614576350937,7,,28.0,30
USR_01223,4,0,0.0,4.5,6.0,0.0,0.0,7.5,2,1,0.5,2,STU_0007,77.14285714285714,7.525714285714286,2.7714285714285714,5.3428571428571425,0.21257142857142858,0.49877482100721443,7,-0.2495714285714286,28.0,30
USR_01223,8,0,0.0,3.0,3.0,0.0,0.0,10.0,1,0,1.0,1,STU_0007,89.92857142857143,6.490714285714286,5.442857142857143,4.928571428571429,0.38185714285714284,0.639940431431269,7,-0.01885714285714285,28.0,30
USR_01223,11,1,1.0,23.0,23.0,19.26,0.9630000000000001,1.0,1,0,1.0,1,STU_0007,76.5,7.255714285714285,3.014285714285714,5.757142857142857,0.19614285714285715,0.5964261394917829,7,-0.09357142857142856,28.0,30
USR_01223,14,0,0.0,7.666666666666667,9.0,0.0,0.0,5.0,3,0,0.3333333333333333,3,STU_0007,97.37142857142858,5.944285714285714,5.8999999999999995,4.928571428571429,0.459,0.560111871229944,7,0.18957142857142856,28.0,30
USR_01227,3,0,0.0,2.0,2.0,0.0,0.0,9.0,1,0,0.0,1,STU_0085,59.871428571428574,4.718571428571429,7.014285714285714,3.242857142857143,0.5128571428571428,0.45175365199361167,7,0.22157142857142847,20.0,38
USR_01227,4,1,1.0,3.0,3.0,11.25,1.0,6.0,1,0,0.0,1,STU_0085,45.98571428571428,6.401428571428572,5.45,3.7857142857142856,0.347,0.5246444408416255,7,-0.16585714285714281,20.0,38
USR_01227,5,1,1.0,5.0,5.0,22.22,1.0,2.0,1,0,0.0,1,STU_0085,36.028571428571425,6.402857142857143,4.6571428571428575,3.9857142857142853,0.26857142857142857,0.4761433580765558,7,-0.0784285714285714,20.0,38
USR_01227,8,1,1.0,6.0,6.0,20.73,1.0,9.0,1,0,0.0,1,STU_0085,58.228571428571435,4.714285714285714,8.085714285714285,3.242857142857143,0.5392857142857143,0.3958828014194838,7,0.04014285714285715,20.0,38
USR_01227,10,1,1.0,3.0,3.0,23.61,1.0,9.0,1,0,0.0,1,STU_0085,53.285714285714285,6.737142857142857,5.3428571428571425,3.9857142857142853,0.3618571428571428,0.4007603114210078,7,0.02999999999999997,20.0,38
USR_01227,13,1,0.5,6.5,11.0,19.81,0.49524999999999997,5.0,2,0,0.5,2,STU_0085,51.75714285714286,6.831428571428572,5.171428571428572,4.071428571428571,0.34371428571428575,0.5243702084502606,7,-0.12857142857142856,20.0,38
USR_01231,2,1,1.0,17.0,17.0,2.06,0.41200000000000003,6.0,1,0,0.0,1,STU_0168,16.614285714285714,5.371428571428572,7.085714285714286,1.542857142857143,0.388,0.36337203079403463,7,-0.00785714285714284,40.0,78
USR_01231,5,1,1.0,192.0,192.0,9.46,0.9460000000000001,7.0,1,0,1.0,1,STU_0168,20.52857142857143,5.362857142857143,7.228571428571429,1.8285714285714287,0.41485714285714287,0.38461579831851606,7,0.010714285714285787,40.0,78
USR_01231,7,1,1.0,352.0,352.0,8.97,0.897,7.0,1,0,1.0,1,STU_0168,27.74285714285714,4.978571428571429,8.985714285714286,1.0571428571428572,0.5141428571428571,0.42380449796590053,7,0.050428571428571434,40.0,78
USR_01231,13,1,1.0,74.0,74.0,5.4,1.0,9.0,1,1,0.0,1,STU_0168,28.285714285714285,5.359999999999999,6.114285714285715,1.5999999999999999,0.3854285714285714,0.4847643918262831,7,-0.19742857142857145,40.0,78
USR_01231,15,1,1.0,3.0,3.0,23.64,1.0,6.0,1,1,0.0,1,STU_0168,48.957142857142856,4.457142857142857,9.157142857142857,1.2,0.5547142857142857,0.39422073057446366,7,-0.018571428571428572,40.0,78
USR_01232,4,0,0.0,81.0,81.0,0.0,0.0,10.0,1,0,0.0,1,STU_0460,76.81428571428572,6.9071428571428575,2.7142857142857144,6.171428571428572,0.2394285714285714,0.6039727213774947,7,-0.16585714285714284,35.0,21
USR_01232,14,1,1.0,15.0,15.0,43.76,1.0,2.0,1,0,1.0,1,STU_0460,99.01428571428572,5.467142857142856,6.0,4.3428571428571425,0.458,0.5384888112790885,7,0.15000000000000002,35.0,21
USR_01232,16,1,1.0,4.0,4.0,9.22,0.922,8.0,1,1,1.0,1,STU_0460,90.15714285714286,5.961428571428572,5.457142857142857,4.314285714285714,0.40071428571428575,0.5578811156152151,7,-0.04471428571428565,35.0,21
USR_01242,6,0,0.0,2.0,2.0,0.0,0.0,4.0,1,1,0.0,1,STU_0258,25.74285714285714,6.03,7.528571428571429,1.4428571428571428,0.4412857142857143,0.40856926902372326,7,0.05128571428571427,30.0,3
USR_01242,7,0,0.0,12.0,12.0,0.0,0.0,10.0,1,0,0.0,1,STU_0258,44.01428571428572,4.2299999999999995,9.328571428571427,1.0285714285714287,0.6078571428571429,0.34350454578652095,7,0.1665714285714286,30.0,3
USR_01242,12,1,1.0,12.0,12.0,46.77,1.0,7.0,1,0,0.0,1,STU_0258,36.528571428571425,4.694285714285714,8.542857142857143,1.0714285714285714,0.5078571428571429,0.3462324300957596,7,0.09728571428571431,30.0,3
USR_01262,14,2,0.6666666666666666,5.0,8.0,84.95,0.6595,7.666666666666667,2,1,0.3333333333333333,3,STU_0476,66.12857142857142,4.987142857142857,7.728571428571429,2.414285714285714,0.5194285714285715,0.47556955472111495,7,0.19314285714285723,26.0,31
USR_01264,7,1,1.0,5.0,5.0,18.91,0.9455,9.0,1,0,1.0,1,STU_0350,62.98571428571428,5.187857142857142,7.2,2.8714285714285714,0.5134285714285715,0.4049096055479051,7,0.17714285714285716,28.0,38
USR_01264,13,1,1.0,4.0,4.0,5.53,1.0,8.0,1,1,1.0,1,STU_0350,55.67142857142857,7.311428571428571,4.8999999999999995,4.2,0.28085714285714286,0.515765735583636,7,-0.20214285714285718,28.0,38
USR_01264,14,0,0.0,1.0,1.0,0.0,0.0,7.0,1,1,0.0,1,STU_0350,61.84285714285714,5.607857142857142,7.371428571428572,2.8857142857142857,0.4841428571428571,0.42184627400069236,7,0.20328571428571424,28.0,38
USR_01264,17,0,0.0,1.0,1.0,0.0,0.0,1.0,1,0,1.0,1,STU_0350,48.699999999999996,6.251428571428571,5.128571428571428,3.3428571428571425,0.34885714285714287,0.4431232766916621,7,-0.13785714285714284,28.0,38
USR_01269,4,1,1.0,365.0,365.0,3.53,0.706,1.0,1,0,1.0,1,STU_0175,49.685714285714276,6.541428571428571,4.614285714285714,3.8714285714285714,0.3048571428571428,0.4953380697561243,7,-0.23371428571428576,34.0,13
USR_01269,10,1,1.0,5.0,5.0,37.18,0.9295,6.0,1,1,0.0,1,STU_0175,44.142857142857146,6.319285714285714,4.557142857142857,4.0,0.318,0.5142681793059176,7,-0.0238571428571428,34.0,13
USR_01269,12,1,1.0,20.0,20.0,24.26,1.0,3.0,1,1,1.0,1,STU_0175,68.1,5.561428571428571,8.142857142857142,3.2714285714285714,0.4748571428571428,0.4897388473385899,7,0.14428571428571424,34.0,13
USR_01269,15,0,0.0,8.0,8.0,0.0,0.0,4.0,1,0,0.0,1,STU_0175,58.385714285714286,4.999285714285714,7.185714285714285,3.3714285714285714,0.47771428571428576,0.4165993340996095,7,-0.058428571428571385,34.0,13
USR_01270,7,0,0.0,1.0,1.0,0.0,0.0,6.0,1,0,0.0,1,STU_0425,61.542857142857144,3.835714285714286,9.928571428571429,1.0,0.6314285714285715,0.3883762042864197,7,0.10342857142857143,32.0,22
USR_01270,15,1,1.0,10.0,10.0,20.46,1.0,5.0,1,1,1.0,1,STU_0425,74.75714285714285,2.799285714285714,9.442857142857141,1.0,0.6757142857142858,0.41684647548168113,7,0.03285714285714292,32.0,22
USR_01270,16,1,0.5,4.0,5.0,20.38,0.5,6.5,2,1,0.5,2,STU_0425,66.64285714285714,3.564285714285714,9.257142857142856,1.0,0.6507142857142857,0.4219266687173748,7,-0.025000000000000133,32.0,22
USR_01271,13,1,1.0,12.0,12.0,23.75,1.0,5.0,1,0,0.0,1,STU_0222,54.41428571428571,6.967142857142856,4.5285714285714285,4.757142857142857,0.29014285714285715,0.46458549145954187,7,-0.25728571428571423,16.0,16
USR_01271,14,1,1.0,1.0,1.0,0.0,0.0,2.0,1,1,1.0,1,STU_0222,54.74285714285714,5.291428571428571,7.971428571428571,3.085714285714286,0.4775714285714286,0.42406271721683364,7,0.18742857142857144,16.0,16
USR_01271,16,1,1.0,22.0,22.0,48.28,1.0,5.0,1,0,1.0,1,STU_0222,52.05714285714286,5.6571428571428575,6.835714285714286,3.085714285714286,0.41385714285714287,0.4649205415811122,7,-0.060285714285714276,16.0,16
USR_01271,17,0,0.0,22.0,22.0,0.0,0.0,5.0,1,0,0.0,1,STU_0222,56.32142857142857,6.428571428571429,5.414285714285714,4.185714285714285,0.28814285714285715,0.47001744380241595,7,-0.12571428571428572,16.0,16
USR_01273,6,1,1.0,1.0,1.0,42.95,1.0,5.0,1,0,0.0,1,STU_0303,57.75714285714286,6.698571428571428,5.214285714285714,4.0928571428571425,0.33971428571428575,0.4289755544505759,7,-0.031857142857142806,12.0,2
USR_01273,7,0,0.0,13.0,13.0,0.0,0.0,6.0,1,0,0.0,1,STU_0303,58.92857142857143,5.2299999999999995,7.114285714285715,2.8857142857142857,0.4454285714285714,0.48478810266376043,7,0.10571428571428565,12.0,2
USR_01273,13,1,1.0,5.0,5.0,10.75,1.0,9.0,1,1,0.0,1,STU_0303,52.857142857142854,6.114285714285714,5.035714285714286,3.6285714285714286,0.3524285714285714,0.5025792448245705,7,-0.11385714285714282,12.0,2
USR_01274,12,1,1.0,9.0,9.0,19.92,0.9960000000000001,9.0,1,0,1.0,1,STU_0265,52.885714285714286,5.1899999999999995,7.271428571428571,2.8285714285714287,0.4645714285714285,0.5352552504709961,7,0.14614285714285707,26.0,26
USR_01274,15,1,1.0,25.0,25.0,0.0,0.0,4.0,1,0,1.0,1,STU_0265,64.15714285714286,5.277142857142857,7.228571428571429,2.942857142857143,0.45242857142857146,0.5141990177893565,7,-0.046428571428571375,26.0,26
USR_01274,18,0,0.0,43.0,43.0,0.0,0.0,2.0,1,0,0.0,1,STU_0265,35.8,5.75,3.0,4.5,0.242,0.6633353181560678,1,-0.03242857142857142,26.0,26
USR_01299,6,0,0.0,6.0,6.0,0.0,0.0,5.0,1,1,0.0,1,STU_0261,24.114285714285717,5.524285714285715,7.242857142857143,1.2,0.4162857142857143,0.39596474424005873,7,0.0465714285714286,31.0,37
USR_01299,10,1,1.0,24.0,24.0,22.39,1.0,3.0,1,1,1.0,1,STU_0261,10.471428571428572,5.5042857142857144,7.114285714285714,1.5857142857142859,0.3925714285714286,0.38750278578315883,7,0.019571428571428573,31.0,37
USR_01299,12,1,1.0,2.0,2.0,17.81,0.8905,5.0,1,0,0.0,1,STU_0261,36.4,4.33,9.078571428571427,1.157142857142857,0.5914285714285714,0.3914018857517184,7,0.18342857142857144,31.0,37
USR_01299,18,2,1.0,15.0,20.0,41.34,1.0,3.5,2,1,1.0,2,STU_0261,21.7,5.38,7.0,1.0,0.376,0.3852112887068553,1,0.0341428571428572,31.0,37
USR_01300,2,1,1.0,7.0,7.0,4.04,0.404,8.0,1,0,0.0,1,STU_0006,48.542857142857144,6.602857142857142,5.042857142857143,3.8857142857142857,0.3355714285714285,0.5230313251224665,7,0.017428571428571404,22.0,35
USR_01300,10,0,0.0,8.0,8.0,0.0,0.0,4.0,1,0,0.0,1,STU_0006,42.32857142857143,6.111428571428571,5.085714285714286,3.057142857142857,0.323,0.48914796605250205,7,0.029000000000000026,22.0,35
USR_01300,12,0,0.0,5.0,5.0,0.0,0.0,5.0,1,0,0.0,1,STU_0006,51.714285714285715,5.085714285714286,7.671428571428572,2.642857142857143,0.4747142857142857,0.4126851589480366,7,0.12657142857142856,22.0,35
USR_01300,18,1,1.0,1.0,1.0,25.56,1.0,1.0,1,0,0.0,1,STU_0006,51.1,7.9,5.1,3.8,0.233,0.5535179547437227,1,-0.1074285714285714,22.0,35
USR_01308,2,1,1.0,21.0,21.0,21.74,1.0,1.0,1,0,0.0,1,STU_0410,26.485714285714288,5.661428571428572,7.0,1.2857142857142858,0.43557142857142855,0.33131209234914294,7,0.05271428571428566,11.0,2
USR_01308,6,1,1.0,19.0,19.0,39.08,0.977,9.0,1,1,1.0,1,STU_0410,27.942857142857143,6.1242857142857146,7.442857142857143,1.342857142857143,0.3907142857142857,0.4203046942394772,7,0.002857142857142836,11.0,2
USR_01308,9,1,1.0,8.0,8.0,7.01,0.701,6.0,1,1,0.0,1,STU_0410,24.02857142857143,5.874285714285714,7.542857142857143,1.042857142857143,0.4295714285714286,0.4037640866951674,7,-0.08899999999999997,11.0,2
USR_01317,18,0,0.0,2.0,2.0,0.0,0.0,9.0,1,0,1.0,1,STU_0384,58.4,5.82,4.1,4.7,0.2,0.4427987147255498,1,-0.15028571428571424,31.0,31
USR_01322,1,1,1.0,33.0,33.0,20.07,1.0,2.0,1,0,0.0,1,STU_0203,88.74285714285715,7.067142857142857,3.2142857142857144,6.014285714285714,0.2712857142857143,0.6016379918753058,7,,32.0,27
USR_01322,3,1,1.0,2.0,2.0,18.31,0.9155,5.0,1,0,0.0,1,STU_0203,105.2,5.7057142857142855,5.571428571428571,4.814285714285715,0.40914285714285714,0.5668619050655898,7,0.15714285714285714,32.0,27
USR_01322,4,1,1.0,13.0,13.0,6.49,0.649,9.0,1,1,1.0,1,STU_0203,89.48571428571428,7.517142857142857,3.4,5.728571428571429,0.26657142857142857,0.5541853228255217,7,-0.14257142857142857,32.0,27
USR_01322,5,1,1.0,20.0,20.0,19.55,0.9775,8.0,1,1,0.0,1,STU_0203,86.3,7.031428571428571,2.5,5.957142857142857,0.22157142857142856,0.5459519690018568,7,-0.04500000000000001,32.0,27
USR_01322,6,1,1.0,11.0,11.0,14.87,1.0,4.0,1,1,0.0,1,STU_0203,86.94285714285715,7.247142857142857,3.5714285714285716,5.8428571428571425,0.2601428571428571,0.5205775960121307,7,0.03857142857142856,32.0,27
USR_01322,7,1,1.0,17.0,17.0,38.66,0.9664999999999999,5.0,1,0,1.0,1,STU_0203,93.04285714285713,5.49,5.3999999999999995,4.371428571428572,0.42828571428571427,0.5657407558983186,7,0.16814285714285715,32.0,27
USR_01322,8,1,1.0,61.0,61.0,5.21,1.0,8.0,1,1,0.0,1,STU_0203,95.3,5.557142857142857,5.328571428571428,5.2,0.41914285714285715,0.4894474076514045,7,-0.00914285714285712,32.0,27
USR_01322,10,1,1.0,5.0,5.0,0.0,0.0,6.0,1,0,0.0,1,STU_0203,141.68571428571428,6.692857142857143,3.6571428571428575,5.5,0.27214285714285713,0.5076693375729101,7,0.016285714285714292,32.0,27
USR_01322,15,1,1.0,61.0,61.0,36.46,0.9115,7.0,1,0,0.0,1,STU_0203,87.88571428571429,5.79,5.7,4.8999999999999995,0.43942857142857145,0.5615369993349157,7,-0.02157142857142852,32.0,27
USR_01323,6,1,1.0,10.0,10.0,36.56,0.914,5.0,1,0,0.0,1,STU_0422,54.32857142857143,6.369999999999999,4.985714285714286,4.757142857142857,0.3091428571428571,0.54379341011345,7,-0.05242857142857149,17.0,46
USR_01323,12,1,1.0,110.0,110.0,43.86,1.0,9.0,1,1,0.0,1,STU_0422,64.02857142857142,5.260714285714286,7.271428571428571,3.2142857142857144,0.4288571428571428,0.5052702413660145,7,0.06985714285714284,17.0,46
USR_01323,13,1,1.0,190.0,190.0,7.95,0.795,7.0,1,1,1.0,1,STU_0422,52.1,6.751428571428571,5.185714285714285,4.128571428571428,0.3087142857142857,0.4254871869597489,7,-0.1201428571428571,17.0,46
USR_01323,15,1,1.0,3.0,3.0,4.57,0.457,4.0,1,1,0.0,1,STU_0422,53.4,5.4592857142857145,6.628571428571428,2.957142857142857,0.4452857142857143,0.3998540924943176,7,-0.06414285714285717,17.0,46
USR_01323,16,1,1.0,70.0,70.0,20.53,1.0,9.0,1,0,1.0,1,STU_0422,61.857142857142854,5.152857142857143,7.428571428571429,2.8857142857142857,0.49142857142857144,0.4475162234074629,7,0.04614285714285715,17.0,46
USR_01337,10,1,1.0,70.0,70.0,42.98,1.0,2.0,1,0,0.0,1,STU_0220,44.0,6.327142857142857,4.8999999999999995,3.5571428571428574,0.32471428571428573,0.5026829111671886,7,-0.004428571428571393,43.0,8
USR_01337,15,2,1.0,14.0,25.0,54.32,0.898625,5.5,2,1,0.5,2,STU_0220,69.02857142857142,5.4071428571428575,7.128571428571428,3.9857142857142853,0.4848571428571429,0.40590545228138536,7,0.01657142857142857,43.0,8
USR_01337,18,1,1.0,6.0,6.0,16.92,0.8460000000000001,10.0,1,1,0.0,1,STU_0220,67.2,5.52,6.1,2.6,0.425,0.4921391422365144,1,0.12885714285714284,43.0,8
USR_01346,1,1,1.0,5.0,5.0,16.31,1.0,9.0,1,0,0.0,1,STU_0406,79.64285714285714,6.691428571428572,3.1999999999999997,5.371428571428572,0.23885714285714285,0.5342245755526676,7,,23.0,12
USR_01346,4,1,1.0,3.0,3.0,12.6,1.0,5.0,1,0,1.0,1,STU_0406,82.84285714285714,7.385714285714286,3.0714285714285716,5.242857142857143,0.24642857142857144,0.5747323554651758,7,-0.1605714285714286,23.0,12
USR_01346,7,0,0.0,12.0,12.0,0.0,0.0,5.0,1,0,1.0,1,STU_0406,104.5,5.2542857142857144,6.1000000000000005,4.3428571428571425,0.4818571428571429,0.5292866989285442,7,0.2465714285714286,23.0,12
USR_01346,10,0,0.0,11.0,11.0,0.0,0.0,10.0,1,0,1.0,1,STU_0406,74.74285714285715,7.268571428571428,2.457142857142857,5.5,0.19999999999999998,0.603017095724154,7,-0.052142857142857185,23.0,12
USR_01346,12,1,1.0,1.0,1.0,18.6,0.93,1.0,1,0,1.0,1,STU_0406,97.8,6.104285714285715,5.942857142857142,4.557142857142857,0.43685714285714283,0.5599200461309338,7,0.219,23.0,12
USR_01346,13,0,0.0,8.0,8.0,0.0,0.0,4.0,1,0,0.0,1,STU_0406,82.78571428571429,6.981428571428571,3.1,5.671428571428572,0.238,0.5945924640201437,7,-0.19885714285714284,23.0,12
USR_01346,16,1,1.0,12.0,12.0,37.98,0.9494999999999999,5.0,1,0,1.0,1,STU_0406,90.57142857142857,5.4071428571428575,6.485714285714286,4.5285714285714285,0.44357142857142856,0.5469230705616317,7,0.10499999999999998,23.0,12
USR_01352,5,1,1.0,4.0,4.0,7.3,0.73,7.0,1,1,0.0,1,STU_0008,75.35714285714286,7.055714285714286,3.2714285714285714,5.8999999999999995,0.25599999999999995,0.5838897928022879,7,0.030714285714285666,36.0,2
USR_01352,9,1,1.0,5.0,5.0,45.78,1.0,10.0,1,0,1.0,1,STU_0008,83.62142857142858,7.097142857142857,3.242857142857143,5.614285714285714,0.23457142857142857,0.5659417389531882,7,-0.21142857142857144,36.0,2
USR_01352,11,1,1.0,11.0,11.0,10.6,1.0,6.0,1,0,1.0,1,STU_0008,86.90714285714286,7.596428571428572,3.4,5.6000000000000005,0.2621428571428571,0.6187378859123237,7,0.03314285714285711,36.0,2
USR_01352,17,1,1.0,21.0,21.0,39.92,0.998,5.0,1,0,1.0,1,STU_0008,91.85714285714286,6.57,3.0142857142857147,5.257142857142857,0.2872857142857143,0.7020409055158235,7,-0.11028571428571426,36.0,2
USR_01360,6,1,1.0,9.0,9.0,19.42,0.9710000000000001,7.0,1,1,0.0,1,STU_0170,23.12857142857143,5.434285714285714,7.557142857142857,1.5142857142857142,0.42642857142857143,0.39448730160921686,7,0.07114285714285712,26.0,8
USR_01360,7,0,0.0,8.0,8.0,0.0,0.0,1.0,1,1,0.0,1,STU_0170,35.5,4.39,8.9,1.2,0.5481428571428572,0.36975463403215514,7,0.12171428571428572,26.0,8
USR_01360,8,1,1.0,6.0,6.0,8.8,0.8800000000000001,6.0,1,1,1.0,1,STU_0170,35.614285714285714,4.195714285714286,8.799999999999999,1.2571428571428573,0.5627142857142857,0.3431114549367407,7,0.014571428571428569,26.0,8
USR_01360,9,1,0.5,11.0,18.0,6.97,0.3485,3.5,2,0,0.0,2,STU_0170,20.74285714285714,5.708571428571429,7.385714285714286,1.4000000000000001,0.42742857142857144,0.35433210186313674,7,-0.1352857142857143,26.0,8
USR_01360,14,1,0.5,8.0,11.0,4.47,0.44699999999999995,6.0,2,0,0.5,2,STU_0170,37.65714285714286,4.1085714285714285,9.542857142857143,1.2428571428571427,0.5538571428571428,0.36590718955241835,7,0.13499999999999995,26.0,8
USR_01360,16,0,0.0,1.0,1.0,0.0,0.0,10.0,1,0,0.0,1,STU_0170,41.31428571428571,4.251428571428571,9.428571428571429,1.0,0.593,0.3696923038406303,7,0.050999999999999934,26.0,8
USR_01360,17,1,1.0,5.0,5.0,37.89,0.94725,8.0,1,0,0.0,1,STU_0170,20.314285714285713,5.832857142857143,6.885714285714286,1.2,0.35214285714285715,0.4577120836069922,7,-0.24085714285714283,26.0,8
USR_01361,3,1,1.0,151.0,151.0,20.98,1.0,8.0,1,0,1.0,1,STU_0102,71.25714285714285,4.095714285714285,9.385714285714286,1.042857142857143,0.6261428571428571,0.43029188657156964,7,0.09871428571428564,15.0,94
USR_01361,5,0,0.0,10.0,10.0,0.0,0.0,8.0,1,0,1.0,1,STU_0102,59.42857142857143,5.072857142857143,7.285714285714286,1.1428571428571428,0.4582857142857143,0.3827127946102598,7,-0.0505714285714286,15.0,94
USR_01361,9,1,1.0,11.0,11.0,6.72,0.6719999999999999,4.0,1,0,1.0,1,STU_0102,61.385714285714286,4.72,8.2,1.0,0.5201428571428571,0.3722199368418889,7,-0.12542857142857144,15.0,94
USR_01361,11,1,1.0,86.0,86.0,40.13,1.0,6.0,1,0,1.0,1,STU_0102,64.42857142857143,5.035714285714286,8.242857142857144,1.0,0.5567142857142857,0.44097260833437524,7,0.04714285714285715,15.0,94
USR_01361,12,1,1.0,11.0,11.0,10.06,1.0,9.0,1,0,0.0,1,STU_0102,77.62857142857142,3.79,8.528571428571428,1.0,0.6222857142857142,0.4824689027325615,7,0.0655714285714285,15.0,94
USR_01361,13,1,1.0,87.0,87.0,8.1,1.0,1.0,1,1,1.0,1,STU_0102,73.5,4.855714285714286,8.242857142857144,1.0,0.5477142857142857,0.42950535056514766,7,-0.07457142857142851,15.0,94
USR_01361,15,2,1.0,150.5,151.0,50.54,0.827,5.5,2,1,0.0,2,STU_0102,71.5142857142857,3.3771428571428572,9.542857142857143,1.0,0.6512857142857144,0.4630067922864349,7,0.01557142857142857,15.0,94
USR_01361,16,1,1.0,9.0,9.0,14.98,0.749,3.0,1,0,0.0,1,STU_0102,71.47142857142858,3.687142857142857,9.828571428571427,1.0,0.6847142857142857,0.42733426774007155,7,0.03342857142857136,15.0,94
USR_01362,5,1,1.0,10.0,10.0,11.74,1.0,4.0,1,0,0.0,1,STU_0028,43.871428571428574,6.458571428571429,5.085714285714286,3.9285714285714284,0.33428571428571424,0.42370125057895475,7,-0.04400000000000004,16.0,28
USR_01362,8,1,1.0,12.0,12.0,13.05,1.0,6.0,1,0,0.0,1,STU_0028,62.01428571428572,4.811428571428571,7.371428571428572,2.7571428571428567,0.504,0.4611319810455402,7,0.013714285714285679,16.0,28
USR_01362,9,1,1.0,132.0,132.0,8.82,0.882,6.0,1,0,1.0,1,STU_0028,43.642857142857146,5.687142857142858,4.935714285714285,4.414285714285715,0.3752857142857143,0.4649066434712329,7,-0.12871428571428573,16.0,28
USR_01362,12,1,1.0,9.0,9.0,36.0,0.9,6.0,1,0,1.0,1,STU_0028,65.35714285714286,5.1571428571428575,7.564285714285715,2.6,0.5124285714285713,0.4319454324504906,7,0.17857142857142844,16.0,28
USR_01362,16,0,0.0,107.0,107.0,0.0,0.0,10.0,1,1,0.0,1,STU_0028,70.8,5.474285714285714,7.264285714285714,3.5714285714285716,0.45371428571428574,0.4556188534912571,7,-0.008571428571428508,16.0,28
USR_01363,2,2,1.0,8.5,15.0,40.53,0.96325,6.5,2,0,1.0,2,STU_0358,57.628571428571426,5.977142857142857,4.828571428571428,3.9,0.32071428571428573,0.5279128996072935,7,-0.028142857142857136,27.0,22
USR_01363,3,0,0.0,18.0,18.0,0.0,0.0,9.0,1,1,0.0,1,STU_0358,49.614285714285714,5.285714285714286,8.1,2.1571428571428575,0.505,0.38343747732938915,7,0.18428571428571427,27.0,22
USR_01363,7,1,1.0,2.0,2.0,0.0,0.0,9.0,1,0,0.0,1,STU_0358,66.55714285714285,4.708571428571429,6.914285714285714,3.6571428571428575,0.4627142857142857,0.41208437775434187,7,0.14528571428571424,27.0,22
USR_01363,13,1,0.5,17.0,19.0,0.0,0.0,5.5,2,0,1.0,2,STU_0358,50.871428571428574,6.4071428571428575,4.571428571428571,3.8285714285714287,0.2942857142857143,0.43897618748614303,7,-0.18414285714285716,27.0,22
USR_01365,10,1,1.0,2.0,2.0,25.08,1.0,10.0,1,0,1.0,1,STU_0493,49.94285714285714,6.1814285714285715,4.8428571428571425,4.071428571428571,0.29614285714285715,0.5075567276401983,7,-0.024571428571428577,33.0,22
USR_01365,12,0,0.0,6.0,6.0,0.0,0.0,8.0,1,0,0.0,1,STU_0493,58.857142857142854,4.961428571428571,7.585714285714286,3.2142857142857144,0.5122857142857143,0.4436346407930278,7,0.20114285714285723,33.0,22
USR_01365,13,0,0.0,6.5,8.0,0.0,0.0,9.5,2,0,0.5,2,STU_0493,44.24285714285714,6.613571428571428,5.671428571428572,3.3714285714285714,0.32557142857142857,0.43546864594367624,7,-0.18671428571428578,33.0,22
USR_01365,18,1,1.0,5.0,5.0,0.0,0.0,2.0,1,0,0.0,1,STU_0493,60.4,6.06,5.1,2.5,0.317,0.3731387661402127,1,-0.03385714285714286,33.0,22
USR_01375,1,1,1.0,35.0,35.0,40.09,1.0,5.0,1,0,1.0,1,STU_0389,48.1,6.502857142857144,4.971428571428571,3.5285714285714285,0.30628571428571433,0.4391845843937124,7,,21.0,15
USR_01375,5,1,1.0,103.0,103.0,40.88,1.0,5.0,1,0,1.0,1,STU_0389,62.471428571428575,6.077142857142857,5.014285714285714,4.128571428571428,0.3757142857142857,0.5221640356377406,7,0.05671428571428572,21.0,15
USR_01375,6,1,1.0,88.0,88.0,8.38,0.8380000000000001,10.0,1,1,0.0,1,STU_0389,49.75714285714286,6.251428571428571,4.5,4.214285714285714,0.3017142857142857,0.4927351753947317,7,-0.07400000000000001,21.0,15
USR_01378,2,0,0.0,6.0,6.0,0.0,0.0,8.0,1,0,0.0,1,STU_0262,23.585714285714285,6.2871428571428565,6.442857142857143,1.5999999999999999,0.3615714285714286,0.3933836690330237,7,-0.015285714285714236,33.0,26
USR_01378,6,1,1.0,2.0,2.0,34.82,0.8705,5.0,1,0,1.0,1,STU_0262,20.5,5.601428571428571,7.314285714285715,1.4714285714285715,0.4122857142857143,0.3827567136269752,7,0.023428571428571465,33.0,26
USR_01378,11,1,1.0,10.0,10.0,18.92,0.9460000000000001,7.0,1,1,1.0,1,STU_0262,27.085714285714285,5.992857142857143,7.257142857142857,1.5,0.3945714285714286,0.4113678280754972,7,0.005714285714285727,33.0,26
USR_01378,16,0,0.0,1.0,1.0,0.0,0.0,1.0,1,0,1.0,1,STU_0262,35.32857142857143,3.8742857142857146,8.72857142857143,1.4142857142857144,0.5567142857142857,0.3429898660828357,7,-0.017857142857142905,33.0,26
USR_01386,4,0,0.0,2.0,2.0,0.0,0.0,5.0,1,0,1.0,1,STU_0264,85.58571428571429,7.218571428571429,2.942857142857143,5.814285714285714,0.24700000000000003,0.5683761378532444,7,-0.20614285714285716,25.0,9
USR_01386,10,1,0.5,10.5,11.0,42.68,0.5,6.5,1,0,0.5,2,STU_0264,74.52857142857144,7.351428571428571,4.185714285714286,5.642857142857143,0.28300000000000003,0.5603030030620871,7,-0.027857142857142858,25.0,9
USR_01386,11,1,0.5,5.0,9.0,17.02,0.4255,5.5,2,1,1.0,2,STU_0264,85.31428571428572,7.307142857142857,2.914285714285714,5.1000000000000005,0.24914285714285714,0.5792671632007517,7,-0.03385714285714289,25.0,9
USR_01386,12,1,1.0,4.0,4.0,18.65,0.9324999999999999,6.0,1,0,1.0,1,STU_0264,87.7,6.331428571428572,5.171428571428572,4.928571428571429,0.3522857142857143,0.5838108739877095,7,0.10314285714285717,25.0,9
USR_01386,13,0,0.0,6.0,6.0,0.0,0.0,5.0,1,0,0.0,1,STU_0264,95.17142857142858,7.3028571428571425,2.9857142857142853,5.457142857142857,0.226,0.6323282655441601,7,-0.1262857142857143,25.0,9
USR_01386,17,2,1.0,6.0,6.0,57.97,0.970375,9.0,1,0,1.0,2,STU_0264,84.28571428571429,7.168571428571428,2.857142857142857,6.042857142857143,0.24157142857142858,0.6286642262808073,7,-0.17800000000000002,25.0,9
USR_01393,2,0,0.0,16.0,16.0,0.0,0.0,3.0,1,1,1.0,1,STU_0316,24.714285714285715,5.5600000000000005,7.242857142857143,1.1428571428571428,0.42714285714285716,0.46209297092836266,7,0.020714285714285685,28.0,9
USR_01393,10,1,1.0,80.0,80.0,12.73,1.0,6.0,1,0,1.0,1,STU_0316,21.12857142857143,5.7942857142857145,7.228571428571429,1.5571428571428572,0.4055714285714286,0.34110808151294697,7,0.00014285714285716677,28.0,9
USR_01393,11,2,1.0,32.5,33.0,79.3,0.967875,1.5,2,1,0.5,2,STU_0316,29.085714285714285,5.5200000000000005,7.385714285714286,1.3,0.4438571428571429,0.39359763589685415,7,0.03828571428571431,28.0,9
USR_01393,16,1,0.5,63.0,70.0,0.0,0.0,7.0,2,1,1.0,2,STU_0316,32.18571428571429,5.132857142857143,9.242857142857144,1.4142857142857144,0.5165714285714286,0.4224879042183902,7,-0.04157142857142859,28.0,9
USR_01394,2,0,0.0,12.0,12.0,0.0,0.0,5.0,1,0,0.0,1,STU_0333,84.54285714285713,7.130714285714285,3.942857142857143,5.6000000000000005,0.2842857142857143,0.5583780999455265,7,0.04428571428571429,27.0,27
USR_01394,6,0,0.0,7.0,7.0,0.0,0.0,4.0,1,0,1.0,1,STU_0333,63.44285714285714,7.6292857142857144,2.4857142857142853,5.6000000000000005,0.15728571428571428,0.5538633197720624,7,-0.08299999999999999,27.0,27
USR_01394,7,0,0.0,17.0,17.0,0.0,0.0,9.0,1,1,0.0,1,STU_0333,92.5,5.894285714285714,5.828571428571428,4.928571428571429,0.42928571428571427,0.5380349652881351,7,0.272,27.0,27
USR_01394,8,0,0.0,4.0,4.0,0.0,0.0,2.0,1,1,1.0,1,STU_0333,89.78571428571429,5.7299999999999995,5.471428571428571,4.771428571428571,0.4562857142857143,0.5706053584927865,7,0.027000000000000024,27.0,27
USR_01394,10,1,1.0,3.0,3.0,21.33,1.0,5.0,1,0,1.0,1,STU_0333,81.2,7.011428571428572,3.414285714285714,6.2,0.2754285714285714,0.5617760397111514,7,0.0397142857142857,27.0,27
USR_01394,11,1,1.0,5.0,5.0,0.0,0.0,6.0,1,0,0.0,1,STU_0333,83.41428571428571,7.295714285714285,2.5,6.185714285714285,0.19757142857142856,0.5672324628529817,7,-0.07785714285714285,27.0,27
USR_01394,16,1,1.0,1.0,1.0,7.3,0.73,6.0,1,0,0.0,1,STU_0333,101.21428571428571,5.771428571428571,6.285714285714286,4.742857142857143,0.44757142857142856,0.5668983499361182,7,0.04014285714285715,27.0,27
USR_01394,18,1,0.5,4.0,5.0,39.46,0.49325,6.5,2,0,0.5,2,STU_0333,72.9,7.16,3.4,5.4,0.201,0.7568170130531298,1,-0.05328571428571427,27.0,27
USR_01408,6,0,0.0,9.0,9.0,0.0,0.0,3.0,1,0,0.0,1,STU_0477,22.900000000000002,5.921428571428572,7.242857142857143,1.542857142857143,0.3734285714285714,0.44583249260712005,7,-0.0495714285714286,40.0,13
USR_01408,10,1,1.0,5.0,5.0,3.67,0.734,8.0,1,0,1.0,1,STU_0477,21.099999999999998,6.405714285714287,7.585714285714286,1.0857142857142856,0.4185714285714286,0.4302364931103834,7,0.012285714285714344,40.0,13
USR_01408,11,2,1.0,10.5,17.0,60.790000000000006,0.9085,4.0,1,1,0.5,2,STU_0477,30.785714285714285,4.424285714285714,7.1571428571428575,2.2,0.4615714285714286,0.3445577070900328,7,0.04299999999999998,40.0,13
USR_01408,17,1,0.5,16.5,19.0,19.3,0.48250000000000004,3.5,1,0,0.0,2,STU_0477,26.3,5.954285714285715,6.7,1.7142857142857142,0.36528571428571427,0.40738958325044866,7,-0.2267142857142857,40.0,13
USR_01412,9,1,1.0,13.0,13.0,9.51,0.951,9.0,1,1,0.0,1,STU_0152,32.542857142857144,5.8742857142857146,7.428571428571429,1.4285714285714286,0.40771428571428575,0.4531125776577444,7,-0.17285714285714288,25.0,22
USR_01412,11,1,1.0,40.0,40.0,19.41,0.9705,1.0,1,0,1.0,1,STU_0152,25.385714285714283,5.565714285714286,7.114285714285714,1.9714285714285715,0.39185714285714285,0.4216806325490123,7,-0.014857142857142847,25.0,22
USR_01412,16,2,1.0,27.0,41.0,31.509999999999998,1.0,8.5,2,0,0.5,2,STU_0152,38.699999999999996,4.284285714285715,9.228571428571428,1.1857142857142857,0.5864285714285715,0.394502933166559,7,0.0018571428571428905,25.0,22
USR_01412,18,2,1.0,44.5,49.0,33.43,0.83575,3.0,2,0,0.5,2,STU_0152,40.2,4.95,6.0,1.2,0.35,0.6466672037930453,1,-0.04171428571428576,25.0,22
USR_01413,14,1,1.0,11.0,11.0,25.78,1.0,5.0,1,0,0.0,1,STU_0363,59.22857142857142,5.4871428571428575,7.628571428571428,2.8000000000000003,0.48542857142857143,0.42160812674285947,7,0.13885714285714285,20.0,34
USR_01413,16,0,0.0,8.0,8.0,0.0,0.0,3.0,1,1,0.0,1,STU_0363,58.628571428571426,5.55,8.057142857142857,2.857142857142857,0.4842857142857143,0.39758507395919107,7,-0.023285714285714243,20.0,34
USR_01413,18,1,1.0,1.0,1.0,14.6,0.73,9.0,1,0,0.0,1,STU_0363,35.2,5.45,5.8,4.2,0.343,0.5493251661078487,1,0.04842857142857149,20.0,34
USR_01422,9,0,0.0,11.0,11.0,0.0,0.0,4.0,1,0,1.0,1,STU_0355,56.857142857142854,4.651428571428572,7.871428571428572,1.0,0.5084285714285715,0.3969550447788753,7,-0.14542857142857135,22.0,12
USR_01422,10,1,1.0,1.0,1.0,6.41,1.0,6.0,1,0,0.0,1,STU_0355,59.042857142857144,4.934285714285714,8.3,1.0,0.48714285714285716,0.4396732303062981,7,-0.021285714285714297,22.0,12
USR_01422,16,0,0.0,3.0,3.0,0.0,0.0,6.0,1,1,0.0,1,STU_0355,83.34285714285714,3.717142857142857,9.971428571428572,1.0,0.6615714285714286,0.4815685190929929,7,0.03885714285714292,22.0,12
USR_01422,17,1,0.5,7.5,13.0,19.74,0.49349999999999994,6.0,1,0,0.0,2,STU_0355,70.72857142857143,5.062857142857142,8.471428571428572,1.0,0.5168571428571428,0.4293254294048628,7,-0.1447142857142858,22.0,12
USR_01422,18,2,1.0,5.5,7.0,27.47,0.7665,5.5,2,1,0.0,2,STU_0355,65.5,5.64,10.0,1.0,0.589,0.382324398600275,1,0.07214285714285718,22.0,12
USR_01430,3,1,1.0,6.0,6.0,20.8,1.0,4.0,1,1,0.0,1,STU_0431,54.728571428571435,4.9628571428571435,7.214285714285714,3.2714285714285714,0.4804285714285715,0.43821798681222823,7,0.15828571428571436,25.0,95
USR_01430,8,1,1.0,37.0,37.0,10.79,1.0,3.0,1,0,1.0,1,STU_0431,57.385714285714286,4.902857142857143,7.557142857142857,2.6571428571428575,0.4801428571428571,0.5285737255627351,7,-0.04385714285714293,25.0,95
USR_01430,13,1,1.0,11.0,11.0,0.0,0.0,6.0,1,0,1.0,1,STU_0431,46.028571428571425,6.461428571428571,5.042857142857143,3.857142857142857,0.3325714285714286,0.4991337169995055,7,-0.14857142857142858,25.0,95
USR_01430,17,0,0.0,46.0,46.0,0.0,0.0,4.0,1,0,1.0,1,STU_0431,49.15714285714286,6.248571428571429,5.357142857142857,4.128571428571428,0.325,0.43144166542925316,7,-0.1657142857142857,25.0,95
USR_01430,18,0,0.0,92.0,92.0,0.0,0.0,8.0,1,1,1.0,1,STU_0431,65.0,7.38,3.5,4.3,0.209,0.4472556148492917,1,-0.11600000000000002,25.0,95
USR_01438,3,1,1.0,22.0,22.0,18.1,0.905,6.0,1,1,0.0,1,STU_0232,44.957142857142856,4.315714285714286,8.7,1.1857142857142857,0.6052857142857143,0.38741515042351826,7,0.18542857142857144,19.0,35
USR_01438,6,1,1.0,7.0,7.0,11.57,1.0,1.0,1,0,0.0,1,STU_0232,19.5,5.341428571428572,7.428571428571429,1.4857142857142858,0.4398571428571429,0.3338905432757818,7,0.0,19.0,35
USR_01438,7,1,1.0,5.0,5.0,16.59,0.8295,1.0,1,0,0.0,1,STU_0232,33.114285714285714,4.41,8.700000000000001,1.1714285714285713,0.5579999999999999,0.3760219177473279,7,0.11814285714285705,19.0,35
USR_01438,10,0,0.0,22.0,22.0,0.0,0.0,10.0,1,0,1.0,1,STU_0232,27.25714285714286,5.685714285714285,7.8999999999999995,1.4714285714285715,0.4441428571428571,0.3792429888396899,7,0.012714285714285678,19.0,35
USR_01438,13,1,1.0,17.0,17.0,11.16,1.0,2.0,1,0,1.0,1,STU_0232,21.82857142857143,5.818571428571429,6.8999999999999995,1.5857142857142856,0.35571428571428576,0.4462444742296627,7,-0.2062857142857143,19.0,35
USR_01438,17,0,0.0,2.0,2.0,0.0,0.0,8.0,1,1,0.0,1,STU_0232,22.214285714285715,5.7371428571428575,6.828571428571428,1.7285714285714284,0.34514285714285714,0.3916398957506546,7,-0.21914285714285714,19.0,35
USR_01443,10,1,1.0,44.0,44.0,6.37,0.637,3.0,1,0,0.0,1,STU_0257,44.614285714285714,5.751428571428571,5.014285714285714,4.628571428571428,0.34085714285714286,0.4585575036875989,7,0.019571428571428573,27.0,25
USR_01443,13,1,1.0,13.0,13.0,0.0,0.0,3.0,1,0,1.0,1,STU_0257,44.771428571428565,5.95,5.485714285714286,3.757142857142857,0.34685714285714286,0.4514484059503543,7,-0.14214285714285713,27.0,25
USR_01476,8,0,0.0,6.0,6.0,0.0,0.0,2.0,1,1,1.0,1,STU_0434,55.82857142857143,4.987142857142857,7.171428571428572,3.542857142857143,0.495,0.48808327019973774,7,0.04999999999999999,34.0,17
USR_01476,9,1,1.0,15.0,15.0,21.48,1.0,3.0,1,0,0.0,1,STU_0434,44.957142857142856,6.498571428571429,5.214285714285714,3.142857142857143,0.372,0.46823781768770545,7,-0.123,34.0,17
USR_01476,11,1,1.0,5.0,5.0,38.68,0.967,8.0,1,0,0.0,1,STU_0434,51.07142857142857,6.83,4.728571428571429,3.4714285714285715,0.32871428571428574,0.49698396527792477,7,0.0031428571428571694,34.0,17
USR_01476,13,1,1.0,2.0,2.0,0.0,0.0,9.0,1,0,0.0,1,STU_0434,51.371428571428574,6.0807142857142855,4.642857142857143,3.5142857142857147,0.3332857142857143,0.506306815019969,7,-0.13614285714285712,34.0,17
USR_01489,10,0,0.0,3.0,3.0,0.0,0.0,5.0,1,1,0.0,1,STU_0448,70.71428571428571,4.317142857142857,8.714285714285714,1.2142857142857142,0.5954285714285714,0.4921879701896645,7,0.08685714285714285,19.0,22
USR_01492,7,1,1.0,1.0,1.0,20.7,1.0,8.0,1,0,1.0,1,STU_0162,37.028571428571425,4.221428571428571,9.4,1.0714285714285714,0.584,0.3283593709972416,7,0.20399999999999996,21.0,29
USR_01492,9,1,1.0,6.0,6.0,23.15,1.0,10.0,1,0,1.0,1,STU_0162,24.657142857142862,5.951428571428571,6.957142857142856,1.0,0.3697142857142857,0.3782780194023612,7,-0.22585714285714292,21.0,29
USR_01492,10,1,1.0,7.0,7.0,21.08,1.0,6.0,1,0,1.0,1,STU_0162,22.414285714285715,5.498571428571429,7.014285714285714,1.0142857142857142,0.4268571428571429,0.3683639420225032,7,0.05714285714285716,21.0,29
USR_01498,3,1,1.0,11.0,11.0,7.74,0.774,6.0,1,0,0.0,1,STU_0240,52.25714285714286,4.8028571428571425,7.514285714285714,2.9285714285714284,0.4517142857142857,0.42506943273312714,7,0.14900000000000002,22.0,19
USR_01498,16,0,0.0,11.0,11.0,0.0,0.0,9.0,1,0,0.0,1,STU_0240,61.41428571428571,4.961428571428571,6.4142857142857155,3.9,0.4481428571428571,0.5185270738157751,7,-0.026285714285714357,22.0,19
USR_01498,17,1,1.0,3.0,3.0,9.69,0.969,10.0,1,1,0.0,1,STU_0240,53.42857142857143,6.132857142857143,5.228571428571429,4.114285714285715,0.2842857142857143,0.5512561163404194,7,-0.1638571428571428,22.0,19
USR_01503,7,2,0.6666666666666666,47.0,118.0,40.18,0.6401666666666667,5.0,3,2,1.0,3,STU_0165,58.271428571428565,5.642857142857143,8.242857142857144,3.0500000000000003,0.485,0.41726990878698883,7,0.18042857142857138,35.0,7
USR_01503,10,1,1.0,128.0,128.0,20.09,1.0,3.0,1,0,0.0,1,STU_0165,50.48571428571428,6.546428571428572,5.392857142857143,4.0285714285714285,0.34085714285714286,0.48576317091054644,7,0.04342857142857143,35.0,7
USR_01503,15,1,1.0,21.0,21.0,18.36,0.9179999999999999,4.0,1,1,0.0,1,STU_0165,69.77142857142857,4.854285714285715,7.171428571428572,3.271428571428572,0.5025714285714286,0.4390328514844077,7,-0.022571428571428576,35.0,7
USR_01503,16,1,1.0,2.0,2.0,40.46,1.0,2.0,1,0,0.0,1,STU_0165,70.47142857142858,5.203571428571428,8.0,3.507142857142857,0.581857142857143,0.4725691560099188,7,0.0792857142857144,35.0,7
USR_01510,1,1,1.0,24.0,24.0,21.6,1.0,3.0,1,1,0.0,1,STU_0030,59.1,4.17,8.557142857142859,1.042857142857143,0.5714285714285714,0.4539996396900217,7,,24.0,32
USR_01510,2,1,1.0,7.0,7.0,11.41,1.0,1.0,1,0,1.0,1,STU_0030,63.72857142857142,5.028571428571429,7.757142857142857,1.0,0.5187142857142857,0.4557909840627747,7,-0.052714285714285714,24.0,32
USR_01510,6,0,0.0,2.0,2.0,0.0,0.0,8.0,1,0,1.0,1,STU_0030,59.22857142857142,4.681428571428571,8.342857142857143,1.0,0.5635714285714285,0.4662150817758607,7,0.06085714285714272,24.0,32
USR_01510,11,1,1.0,5.0,5.0,13.92,1.0,5.0,1,0,0.0,1,STU_0030,60.67142857142858,5.337142857142857,8.1,1.2,0.49014285714285716,0.4716382447953545,7,-0.005571428571428505,24.0,32
USR_01510,14,0,0.0,3.0,3.0,0.0,0.0,9.0,1,1,0.0,1,STU_0030,77.94285714285715,3.69,10.0,1.0,0.6799999999999999,0.445824846738846,7,0.13514285714285712,24.0,32
USR_01510,15,0,0.0,1.0,1.0,0.0,0.0,3.0,1,0,0.0,1,STU_0030,75.71428571428571,3.644285714285714,9.385714285714286,1.0,0.6542857142857142,0.3802870622563261,7,-0.02571428571428569,24.0,32
USR_01510,17,1,1.0,3.0,3.0,20.15,1.0,10.0,1,1,1.0,1,STU_0030,68.44285714285715,4.604285714285714,7.442857142857143,1.0,0.5097142857142857,0.46722287966477305,7,-0.12571428571428578,24.0,32
USR_01513,2,1,1.0,202.0,202.0,6.12,0.612,7.0,1,0,1.0,1,STU_0419,94.3,7.855714285714286,2.142857142857143,5.635714285714286,0.1672857142857143,0.5747251003742717,7,-0.010428571428571426,25.0,30
USR_01513,8,2,1.0,138.0,154.0,55.2,0.913375,4.0,2,0,0.5,2,STU_0419,93.25714285714285,5.97,6.042857142857143,4.314285714285714,0.41742857142857137,0.5160649360352939,7,-0.04400000000000004,25.0,30
USR_01513,11,3,1.0,82.66666666666667,229.0,21.29,0.566,6.333333333333333,3,1,0.3333333333333333,3,STU_0419,90.42857142857143,6.9871428571428575,2.6999999999999997,5.971428571428571,0.2611428571428571,0.6089752111970597,7,0.01671428571428568,25.0,30
USR_01513,13,1,1.0,12.0,12.0,3.74,0.748,4.0,1,0,0.0,1,STU_0419,88.21428571428571,7.001428571428571,3.5714285714285716,6.021428571428571,0.2582857142857143,0.625134711394968,7,-0.11728571428571427,25.0,30
USR_01534,2,1,0.5,3.0,5.0,9.56,0.47800000000000004,5.5,1,0,0.5,2,STU_0429,52.81428571428571,6.408571428571428,4.4714285714285715,4.328571428571428,0.2877142857142857,0.5056715862984842,7,0.030000000000000027,19.0,21
USR_01534,3,0,0.0,7.0,7.0,0.0,0.0,4.0,1,0,1.0,1,STU_0429,58.17142857142858,4.58,7.457142857142857,2.5714285714285716,0.523,0.4081006412649492,7,0.23528571428571432,19.0,21
USR_01534,5,0,0.0,3.0,3.0,0.0,0.0,5.0,1,0,0.0,1,STU_0429,60.05714285714286,6.822857142857143,4.771428571428571,4.0,0.30128571428571427,0.5472703485689198,7,-0.007714285714285785,19.0,21
USR_01534,7,0,0.0,2.0,2.0,0.0,0.0,7.0,1,0,0.0,1,STU_0429,58.642857142857146,5.074285714285715,7.471428571428571,2.7857142857142856,0.47800000000000004,0.5175274035942556,7,0.13914285714285718,19.0,21
USR_01534,8,0,0.0,7.0,7.0,0.0,0.0,6.0,1,1,0.0,1,STU_0429,67.65714285714286,5.168571428571428,7.971428571428571,3.442857142857143,0.4855714285714286,0.4621038851011209,7,0.007571428571428562,19.0,21
USR_01534,14,0,0.0,12.0,12.0,0.0,0.0,1.0,1,0,0.0,1,STU_0429,60.84285714285714,4.910000000000001,7.8,3.0285714285714285,0.48228571428571426,0.4384099137672858,7,0.18028571428571427,19.0,21
USR_01534,15,0,0.0,5.0,5.0,0.0,0.0,4.0,1,1,0.0,1,STU_0429,53.91428571428571,5.017142857142858,6.442857142857143,3.457142857142857,0.45685714285714285,0.4858637691238699,7,-0.02542857142857141,19.0,21
USR_01534,16,0,0.0,4.0,4.0,0.0,0.0,7.0,1,1,1.0,1,STU_0429,54.142857142857146,5.76,6.985714285714286,3.0142857142857147,0.45157142857142857,0.5278556316346514,7,-0.0052857142857142825,19.0,21
USR_01537,2,1,1.0,54.0,54.0,10.3,1.0,6.0,1,0,0.0,1,STU_0148,89.10000000000001,7.464285714285714,3.1999999999999997,5.721428571428571,0.2537142857142857,0.573751426865476,7,-0.018571428571428572,10.0,29
USR_01537,6,0,0.0,54.0,54.0,0.0,0.0,8.0,1,1,0.0,1,STU_0148,81.07142857142857,7.115714285714286,3.3428571428571425,5.55,0.23814285714285716,0.5617889069807135,7,-0.012285714285714289,10.0,29
USR_01537,7,0,0.0,46.0,46.0,0.0,0.0,1.0,1,0,0.0,1,STU_0148,102.44285714285715,5.978571428571429,5.385714285714286,4.728571428571429,0.43414285714285716,0.5696574585376835,7,0.196,10.0,29
USR_01537,8,2,1.0,35.5,57.0,22.87,0.915,5.5,2,0,0.5,2,STU_0148,83.47142857142856,5.974285714285714,6.185714285714285,5.478571428571429,0.4695714285714286,0.5285113057976082,7,0.03542857142857142,10.0,29
USR_01537,9,1,1.0,16.0,16.0,3.14,0.628,6.0,1,0,0.0,1,STU_0148,78.39999999999999,7.725714285714285,2.9,6.171428571428572,0.19485714285714284,0.5165567743035895,7,-0.27471428571428574,10.0,29
USR_01537,14,0,0.0,20.0,20.0,0.0,0.0,4.0,1,1,1.0,1,STU_0148,91.25714285714285,5.954285714285715,5.5,5.264285714285714,0.4421428571428571,0.5412463746476152,7,0.17585714285714282,10.0,29
USR_01548,1,1,1.0,2.0,2.0,4.67,0.9339999999999999,2.0,1,0,1.0,1,STU_0137,47.971428571428575,6.7942857142857145,5.314285714285715,3.8428571428571425,0.2942857142857143,0.3931852461329544,7,,30.0,32
USR_01548,3,1,1.0,1.0,1.0,19.78,0.9890000000000001,5.0,1,0,1.0,1,STU_0137,57.15714285714286,5.0442857142857145,7.8,2.6,0.4975714285714286,0.44727053067141825,7,0.11028571428571432,30.0,32
USR_01548,4,1,1.0,28.0,28.0,40.5,1.0,5.0,1,1,0.0,1,STU_0137,46.98571428571428,6.228571428571429,4.985714285714286,4.071428571428571,0.30514285714285716,0.5196707915614505,7,-0.19242857142857145,30.0,32
USR_01548,6,0,0.0,8.0,8.0,0.0,0.0,6.0,1,0,1.0,1,STU_0137,47.385714285714286,6.707142857142856,5.042857142857143,3.685714285714286,0.2887142857142857,0.44114557706999197,7,-0.04171428571428576,30.0,32
USR_01548,7,1,1.0,3.0,3.0,9.58,0.958,7.0,1,0,0.0,1,STU_0137,67.72857142857143,4.984285714285714,7.114285714285714,3.3000000000000003,0.4795714285714286,0.46493870837937284,7,0.1908571428571429,30.0,32
USR_01548,8,0,0.0,1.0,1.0,0.0,0.0,3.0,1,0,1.0,1,STU_0137,64.57142857142857,4.761428571428572,7.1000000000000005,3.642857142857143,0.4918571428571429,0.506741472604142,7,0.012285714285714289,30.0,32
USR_01548,9,1,1.0,18.0,18.0,16.8,0.8400000000000001,5.0,1,0,0.0,1,STU_0137,50.699999999999996,6.074285714285715,5.8428571428571425,3.8428571428571425,0.3994285714285714,0.4477925975129528,7,-0.09242857142857147,30.0,32
USR_01548,11,0,0.0,7.0,7.0,0.0,0.0,3.0,1,0,0.0,1,STU_0137,43.228571428571435,6.731428571428571,4.8,4.214285714285714,0.22685714285714287,0.43069619395097486,7,-0.10599999999999998,30.0,32
USR_01548,12,2,0.6666666666666666,10.0,11.0,35.489999999999995,0.6666666666666666,6.666666666666667,3,0,0.0,3,STU_0137,59.65714285714286,5.2,7.271428571428571,3.042857142857143,0.4865714285714286,0.40546909039916373,7,0.25971428571428573,30.0,32
USR_01552,4,1,1.0,1.0,1.0,19.46,0.9730000000000001,8.0,1,0,0.0,1,STU_0446,27.714285714285715,5.818571428571429,7.142857142857143,1.1857142857142857,0.411,0.3703892875537439,7,-0.14185714285714285,25.0,34
USR_01552,6,0,0.0,13.0,13.0,0.0,0.0,9.0,1,0,0.0,1,STU_0446,28.785714285714285,5.647142857142858,6.985714285714286,1.2714285714285716,0.39914285714285713,0.4197624650973001,7,-0.018857142857142906,25.0,34
USR_01552,7,1,1.0,12.0,12.0,20.96,1.0,5.0,1,0,0.0,1,STU_0446,36.41428571428571,4.501428571428572,9.178571428571429,1.3571428571428572,0.5541428571428572,0.3322310367315197,7,0.15500000000000003,25.0,34
USR_01552,15,0,0.0,1.0,1.0,0.0,0.0,8.0,1,1,1.0,1,STU_0446,34.41428571428572,4.67,9.614285714285714,1.0,0.5937142857142857,0.3798790284108243,7,0.05985714285714283,25.0,34
USR_01552,16,0,0.0,17.0,17.0,0.0,0.0,10.0,1,0,0.0,1,STU_0446,43.628571428571426,4.44,9.328571428571427,1.1,0.5852857142857143,0.44360780244161263,7,-0.008428571428571452,25.0,34
USR_01554,1,1,1.0,8.0,8.0,0.0,0.0,7.0,1,0,1.0,1,STU_0286,18.514285714285712,6.0442857142857145,6.114285714285714,2.142857142857143,0.3615714285714286,0.414467650139039,7,,19.0,77
USR_01554,3,2,1.0,238.5,365.0,49.94,1.0,5.0,2,0,0.0,2,STU_0286,92.51428571428572,4.497142857142857,9.185714285714285,1.2,0.5575714285714286,0.43588462751770457,7,0.15985714285714292,19.0,77
USR_01554,6,1,1.0,95.0,95.0,6.56,1.0,9.0,1,1,0.0,1,STU_0286,27.02857142857143,6.072857142857143,6.585714285714286,1.5714285714285714,0.3862857142857143,0.35539298002605973,7,0.001571428571428557,19.0,77
USR_01557,7,1,1.0,11.0,11.0,5.6,1.0,10.0,1,0,1.0,1,STU_0280,59.278571428571425,5.161428571428572,7.392857142857143,2.6142857142857143,0.4817142857142857,0.40149332645268965,7,0.1625714285714286,35.0,3
USR_01557,11,1,0.5,10.5,15.0,7.71,0.3855,7.5,2,0,0.0,2,STU_0280,60.285714285714285,6.177142857142857,5.435714285714285,3.6999999999999997,0.35328571428571426,0.46540884415922196,7,0.02242857142857141,35.0,3
USR_01557,14,0,0.0,47.0,47.0,0.0,0.0,6.0,1,0,0.0,1,STU_0280,67.58571428571429,4.898571428571429,7.6571428571428575,3.0285714285714285,0.5058571428571429,0.45397308579836426,7,0.1888571428571429,35.0,3
USR_01558,15,1,1.0,3.0,3.0,19.88,0.994,7.0,1,0,0.0,1,STU_0436,59.5,4.731428571428572,7.971428571428572,2.8000000000000003,0.5,0.4652509478356384,7,-0.05400000000000005,16.0,2
USR_01560,1,1,1.0,96.0,96.0,42.64,1.0,1.0,1,0,0.0,1,STU_0146,43.80714285714286,6.324285714285714,4.814285714285715,4.171428571428572,0.2632857142857143,0.43191339465960066,7,,20.0,87
USR_01560,6,1,1.0,74.0,74.0,45.85,1.0,5.0,1,0,0.0,1,STU_0146,46.55714285714286,6.417142857142857,5.271428571428571,3.8285714285714283,0.29185714285714287,0.4019396984615045,7,0.00028571428571433355,20.0,87
USR_01560,7,1,1.0,16.0,16.0,46.04,1.0,4.0,1,0,0.0,1,STU_0146,58.785714285714285,5.384285714285714,7.471428571428571,2.9714285714285715,0.48314285714285715,0.37041516313775824,7,0.19128571428571428,20.0,87
USR_01560,11,1,1.0,192.0,192.0,18.3,0.915,2.0,1,1,0.0,1,STU_0146,52.57857142857143,6.8428571428571425,5.3999999999999995,3.5142857142857147,0.3311428571428571,0.4133465431805005,7,-0.0017142857142857237,20.0,87
USR_01560,13,1,1.0,93.0,93.0,17.03,0.8515,3.0,1,1,0.0,1,STU_0146,49.292857142857144,6.845714285714286,5.671428571428572,3.5714285714285716,0.28985714285714287,0.48871038947762485,7,-0.23485714285714282,20.0,87
USR_01560,15,1,1.0,67.0,67.0,35.17,0.8792500000000001,4.0,1,0,0.0,1,STU_0146,66.56428571428572,4.951428571428571,6.514285714285714,2.9571428571428577,0.47714285714285715,0.48573716135479017,7,-0.006714285714285728,20.0,87
USR_01560,18,1,1.0,94.0,94.0,17.6,0.8800000000000001,5.0,1,1,0.0,1,STU_0146,79.0,6.0,3.5,6.3,0.314,0.6011126413002237,1,0.07985714285714285,20.0,87
USR_01563,1,0,0.0,1.0,1.0,0.0,0.0,5.0,1,0,1.0,1,STU_0340,21.071428571428573,5.397142857142858,7.314285714285715,1.3285714285714287,0.419,0.33085654443721857,7,,33.0,35
USR_01563,7,0,0.0,11.5,15.0,0.0,0.0,7.0,1,0,0.0,2,STU_0340,35.05714285714286,4.272857142857143,9.385714285714286,1.1428571428571428,0.6024285714285714,0.3755425928421027,7,0.2385714285714286,33.0,35
USR_01563,12,0,0.0,4.0,4.0,0.0,0.0,5.0,1,0,0.0,1,STU_0340,26.599999999999998,4.551428571428572,7.957142857142857,1.1142857142857143,0.534,0.43599789248464116,7,0.1398571428571429,33.0,35
USR_01567,3,0,0.0,5.0,5.0,0.0,0.0,5.0,1,1,1.0,1,STU_0073,43.05714285714286,4.595714285714286,7.6571428571428575,2.857142857142857,0.48471428571428576,0.29970515264692915,7,0.15628571428571436,25.0,11
USR_01567,7,1,1.0,1.0,1.0,8.2,0.82,8.0,1,0,1.0,1,STU_0073,74.92142857142858,5.102857142857142,8.014285714285714,2.357142857142857,0.5137142857142857,0.5003601573463129,7,0.2307142857142857,25.0,11
USR_01567,9,1,1.0,22.0,22.0,9.89,0.9890000000000001,2.0,1,0,0.0,1,STU_0073,53.971428571428575,6.652857142857143,5.271428571428571,3.6714285714285713,0.3375714285714286,0.46943184519686254,7,-0.13871428571428573,25.0,11
USR_01567,10,1,1.0,2.0,2.0,36.63,0.9157500000000001,6.0,1,0,0.0,1,STU_0073,52.128571428571426,6.417142857142857,5.057142857142857,4.0,0.3028571428571429,0.5072359548573493,7,-0.0347142857142857,25.0,11
USR_01567,11,1,1.0,2.0,2.0,18.39,0.9195,10.0,1,0,1.0,1,STU_0073,33.857142857142854,6.128571428571428,5.2,4.1571428571428575,0.31614285714285717,0.4953262520902334,7,0.01328571428571429,25.0,11
USR_01567,12,0,0.0,6.0,6.0,0.0,0.0,9.0,1,1,0.0,1,STU_0073,60.699999999999996,4.768571428571429,7.442857142857143,3.5714285714285716,0.5208571428571428,0.41705384671298545,7,0.20471428571428563,25.0,11
USR_01567,13,1,1.0,7.0,7.0,10.63,1.0,4.0,1,0,0.0,1,STU_0073,52.142857142857146,6.878571428571428,5.457142857142857,3.742857142857143,0.33714285714285713,0.5043509667197508,7,-0.18371428571428566,25.0,11
USR_01567,16,0,0.0,16.0,16.0,0.0,0.0,6.0,1,1,0.0,1,STU_0073,67.24285714285715,5.298571428571429,7.1571428571428575,3.1,0.4531428571428571,0.4813729160169995,7,-0.07757142857142857,25.0,11
USR_01567,18,1,1.0,28.0,28.0,7.6,0.76,9.0,1,0,0.0,1,STU_0073,45.0,6.61,5.6,2.7,0.36,0.4044549957554019,1,0.06957142857142856,25.0,11
USR_01568,3,1,1.0,37.0,37.0,11.19,1.0,4.0,1,0,1.0,1,STU_0107,54.52857142857143,4.876428571428571,7.557142857142857,3.4714285714285715,0.5147142857142857,0.4220235738037622,7,0.19214285714285712,29.0,32
USR_01568,6,1,1.0,40.0,40.0,37.04,0.9259999999999999,7.0,1,0,1.0,1,STU_0107,55.728571428571435,6.300714285714286,3.557142857142857,4.642857142857143,0.22728571428571429,0.5899095916176972,7,-0.053428571428571464,29.0,32
USR_01568,16,1,1.0,11.0,11.0,21.99,1.0,6.0,1,0,0.0,1,STU_0107,60.457142857142856,5.131428571428572,8.585714285714285,2.5,0.5214285714285715,0.4776031131022395,7,0.008571428571428674,29.0,32
USR_01568,18,1,1.0,24.0,24.0,11.63,1.0,1.0,1,0,0.0,1,STU_0107,73.5,5.2,3.7,3.2,0.32,0.4120430672440678,1,0.04942857142857143,29.0,32
USR_01570,11,0,0.0,1.0,1.0,0.0,0.0,2.0,1,0,1.0,1,STU_0071,48.42857142857143,6.83,5.485714285714286,4.614285714285714,0.29014285714285715,0.46160200515094096,7,-0.061428571428571443,25.0,31
USR_01570,18,1,0.5,7.5,11.0,18.09,0.45225,2.0,2,1,0.5,2,STU_0071,75.5,7.55,4.7,4.2,0.271,0.6043246625907106,1,0.014571428571428624,25.0,31
USR_01578,8,0,0.0,8.5,13.0,0.0,0.0,4.0,2,1,1.0,2,STU_0485,51.52857142857143,5.357857142857143,7.457142857142857,3.142857142857143,0.4455714285714286,0.40294204020747487,7,-0.08642857142857141,29.0,9
USR_01578,9,2,1.0,10.5,17.0,66.97,0.99275,5.5,2,0,0.0,2,STU_0485,39.285714285714285,6.382857142857143,4.928571428571429,3.957142857142857,0.2927142857142857,0.45336382510732237,7,-0.1528571428571429,29.0,9
USR_01578,10,1,1.0,15.0,15.0,18.94,0.9470000000000001,10.0,1,1,1.0,1,STU_0485,51.68571428571429,6.375,5.357142857142857,3.314285714285714,0.325,0.4931402471829188,7,0.032285714285714306,29.0,9
USR_01578,13,0,0.0,12.0,13.0,0.0,0.0,3.5,2,1,0.0,2,STU_0485,57.91428571428571,6.346428571428571,5.128571428571428,3.742857142857143,0.31985714285714284,0.5678432040825887,7,-0.1652857142857143,29.0,9
USR_01578,16,1,1.0,2.0,2.0,19.99,0.9994999999999999,10.0,1,0,0.0,1,STU_0485,55.55714285714286,4.511428571428572,7.3,2.6571428571428575,0.4837142857142857,0.44303844754848215,7,-0.01471428571428568,29.0,9
USR_01578,17,0,0.0,9.0,9.0,0.0,0.0,3.0,1,1,1.0,1,STU_0485,61.042857142857144,6.014285714285714,4.3428571428571425,4.328571428571428,0.34285714285714286,0.4575031589403592,7,-0.14085714285714285,29.0,9
USR_01578,18,1,1.0,11.0,11.0,19.65,0.9824999999999999,3.0,1,0,0.0,1,STU_0485,38.6,5.65,2.9,4.3,0.252,0.652891707656181,1,-0.09085714285714286,29.0,9
USR_01579,1,1,1.0,5.0,5.0,9.88,0.9880000000000001,6.0,1,0,1.0,1,STU_0321,90.54285714285713,7.2299999999999995,3.4285714285714284,5.457142857142857,0.263,0.5845414358769155,7,,17.0,16
USR_01579,3,0,0.0,17.0,17.0,0.0,0.0,10.0,1,0,1.0,1,STU_0321,98.02857142857144,5.651428571428572,5.885714285714286,4.785714285714286,0.442,0.529293196515364,7,0.16685714285714282,17.0,16
USR_01579,4,1,1.0,46.0,46.0,7.6,0.76,4.0,1,0,0.0,1,STU_0321,83.12857142857142,7.132857142857143,3.4714285714285715,5.371428571428572,0.21657142857142858,0.5463976513854728,7,-0.22542857142857142,17.0,16
USR_01579,10,1,1.0,14.0,14.0,5.97,0.597,3.0,1,0,0.0,1,STU_0321,93.14285714285714,7.351428571428571,2.7714285714285714,6.571428571428571,0.222,0.5960427906633914,7,-0.028571428571428553,17.0,16
USR_01579,12,0,0.0,33.0,33.0,0.0,0.0,1.0,1,0,1.0,1,STU_0321,84.33571428571429,5.631428571428572,4.3428571428571425,4.885714285714286,0.3758571428571429,0.5500090132084251,7,0.09214285714285719,17.0,16
USR_01579,15,1,1.0,2.0,2.0,11.87,1.0,6.0,1,0,0.0,1,STU_0321,88.92857142857143,5.89,5.457142857142857,4.7,0.415,0.5630668573510198,7,0.03157142857142853,17.0,16
USR_01583,5,0,0.0,16.0,16.0,0.0,0.0,10.0,1,0,0.0,1,STU_0037,54.542857142857144,6.292857142857143,5.692857142857143,4.042857142857143,0.3465714285714286,0.5021734482263058,7,0.04871428571428571,32.0,4
USR_01583,12,0,0.0,17.5,24.0,0.0,0.0,3.5,2,1,0.0,2,STU_0037,59.028571428571425,4.532857142857143,8.014285714285714,4.0285714285714285,0.5575714285714286,0.5037751780082721,7,0.22814285714285715,32.0,4
USR_01583,18,1,1.0,7.0,7.0,21.54,1.0,1.0,1,0,0.0,1,STU_0037,36.7,7.07,6.4,1.3,0.311,0.5169917422919879,1,-0.03957142857142859,32.0,4
USR_01584,4,0,0.0,7.0,7.0,0.0,0.0,6.0,1,0,0.0,1,STU_0149,48.6,6.414285714285714,5.028571428571429,4.371428571428572,0.31057142857142855,0.4530185314966508,7,-0.21300000000000002,31.0,38
USR_01584,8,1,1.0,4.0,4.0,7.85,0.7849999999999999,3.0,1,0,0.0,1,STU_0149,58.0,5.32,6.542857142857143,3.814285714285714,0.453,0.46124162446813116,7,-0.04157142857142859,31.0,38
USR_01584,9,1,1.0,2.0,2.0,19.48,0.974,2.0,1,0,1.0,1,STU_0149,53.542857142857144,6.487142857142857,4.614285714285714,4.142857142857143,0.31157142857142855,0.5157780692615932,7,-0.14142857142857146,31.0,38
USR_01587,16,1,1.0,5.0,5.0,17.01,0.8505,3.0,1,0,0.0,1,STU_0282,61.857142857142854,4.797142857142857,7.1000000000000005,3.0714285714285716,0.4831428571428571,0.4902252808983631,7,-0.04528571428571426,34.0,21
USR_01587,17,0,0.0,11.0,11.0,0.0,0.0,7.0,1,0,0.0,1,STU_0282,54.628571428571426,6.7871428571428565,4.971428571428571,4.014285714285714,0.3211428571428571,0.5080842038998401,7,-0.16199999999999998,34.0,21
USR_01601,2,1,1.0,24.0,24.0,0.0,0.0,6.0,1,0,0.0,1,STU_0313,29.842857142857138,5.591428571428572,6.757142857142857,1.3142857142857143,0.40771428571428575,0.4618675102396338,7,-0.05285714285714277,29.0,1
USR_01601,3,1,1.0,6.0,6.0,40.77,1.0,6.0,1,0,1.0,1,STU_0313,42.4,3.9985714285714287,8.471428571428572,1.0285714285714287,0.5619999999999999,0.35808005229855977,7,0.1542857142857142,29.0,1
USR_01601,5,1,1.0,59.0,59.0,8.33,1.0,10.0,1,0,0.0,1,STU_0313,24.642857142857142,5.297142857142857,7.814285714285715,1.1,0.47414285714285714,0.3813382637856342,7,0.12842857142857145,29.0,1
USR_01601,6,1,1.0,35.0,35.0,20.61,1.0,6.0,1,1,0.0,1,STU_0313,34.7,6.041428571428571,7.714285714285714,1.342857142857143,0.4531428571428571,0.3373792458610646,7,-0.02100000000000002,29.0,1
USR_01601,10,1,1.0,18.0,18.0,41.57,1.0,5.0,1,1,0.0,1,STU_0313,23.157142857142855,5.752857142857143,7.185714285714285,1.7428571428571427,0.3802857142857143,0.37537209431717017,7,0.004857142857142838,29.0,1
USR_01601,14,2,1.0,18.5,26.0,49.77,0.982375,6.5,2,1,0.5,2,STU_0313,35.42857142857143,4.41,9.385714285714286,1.0714285714285714,0.5725714285714286,0.3842695099010878,7,0.1511428571428572,29.0,1
USR_01601,15,1,1.0,16.0,16.0,40.1,1.0,10.0,1,0,1.0,1,STU_0313,30.042857142857144,4.727142857142858,9.471428571428572,1.0857142857142856,0.581857142857143,0.3531595744128836,7,0.009285714285714342,29.0,1
USR_01601,17,1,1.0,11.0,11.0,11.18,1.0,9.0,1,0,0.0,1,STU_0313,30.37142857142857,5.97,7.128571428571428,1.9857142857142858,0.42142857142857143,0.35901206467830343,7,-0.1561428571428572,29.0,1
USR_01601,18,1,1.0,11.0,11.0,18.91,0.9455,5.0,1,0,1.0,1,STU_0313,23.6,6.63,6.8,1.5,0.38,0.4405059709230836,1,-0.041428571428571426,29.0,1
USR_01602,7,0,0.0,3.0,3.0,0.0,0.0,5.0,1,1,1.0,1,STU_0349,26.185714285714287,4.26,8.828571428571427,1.0714285714285714,0.5001428571428572,0.3553147814120147,7,0.16014285714285725,20.0,32
USR_01602,12,0,0.0,7.0,7.0,0.0,0.0,9.0,1,1,1.0,1,STU_0349,31.82857142857143,4.16,9.428571428571429,1.0285714285714287,0.5844285714285714,0.3861986008748886,7,0.2024285714285714,20.0,32
USR_01602,13,1,1.0,1.0,1.0,17.95,0.8975,9.0,1,0,0.0,1,STU_0349,20.82857142857143,5.772857142857143,6.985714285714286,1.5142857142857142,0.4201428571428571,0.42462469055966556,7,-0.1642857142857143,20.0,32
USR_01602,14,1,0.5,4.0,6.0,41.28,0.5,3.0,2,0,0.0,2,STU_0349,32.385714285714286,4.867142857142857,8.842857142857143,1.0,0.5567142857142857,0.3281367565755732,7,0.13657142857142862,20.0,32
USR_01602,17,0,0.0,6.0,6.0,0.0,0.0,5.0,1,1,0.0,1,STU_0349,25.842857142857145,5.725714285714285,7.771428571428571,1.1,0.44985714285714284,0.45769921152336046,7,-0.15542857142857147,20.0,32
USR_01608,3,1,1.0,3.0,3.0,43.02,1.0,10.0,1,1,1.0,1,STU_0087,65.34285714285714,3.6785714285714284,9.728571428571428,1.0285714285714287,0.609,0.4832688563893074,7,0.09085714285714286,24.0,7
USR_01608,5,0,0.0,25.0,25.0,0.0,0.0,10.0,1,0,0.0,1,STU_0087,58.48571428571429,5.1814285714285715,8.028571428571428,1.2571428571428573,0.4977142857142857,0.42529919600947846,7,0.013000000000000012,24.0,7
USR_01608,7,0,0.0,3.0,3.0,0.0,0.0,10.0,1,0,0.0,1,STU_0087,69.22857142857143,3.2842857142857143,9.714285714285714,1.0,0.6658571428571428,0.44572320370577917,7,0.11199999999999999,24.0,7
USR_01608,10,1,1.0,2.0,2.0,40.76,1.0,5.0,1,0,1.0,1,STU_0087,71.81428571428572,5.2871428571428565,8.614285714285714,1.042857142857143,0.5434285714285714,0.41159005774984303,7,0.026285714285714246,24.0,7
USR_01608,11,1,1.0,76.0,76.0,0.52,0.10400000000000001,9.0,1,0,0.0,1,STU_0087,70.67142857142858,4.827142857142857,7.7,1.0,0.4731428571428572,0.4952409902727843,7,-0.07028571428571417,24.0,7
USR_01608,13,1,0.5,1.5,2.0,18.15,0.45375,4.5,2,2,0.5,2,STU_0087,66.34285714285714,5.134285714285714,8.185714285714285,1.0142857142857142,0.5024285714285714,0.41027251118869473,7,-0.12485714285714289,24.0,7
USR_01608,14,0,0.0,9.0,9.0,0.0,0.0,6.0,1,0,1.0,1,STU_0087,75.81428571428572,3.5785714285714287,9.614285714285714,1.0,0.6648571428571428,0.3931343509441999,7,0.16242857142857137,24.0,7
USR_01608,16,1,1.0,13.0,13.0,43.69,1.0,5.0,1,1,1.0,1,STU_0087,72.68571428571428,3.7214285714285715,9.942857142857141,1.0,0.6568571428571428,0.4312502884450749,7,-0.0128571428571429,24.0,7
USR_01608,18,0,0.0,17.0,17.0,0.0,0.0,7.0,1,1,1.0,1,STU_0087,61.5,4.76,8.4,1.0,0.416,0.4228081050637572,1,-0.10114285714285715,24.0,7
USR_01615,4,0,0.0,3.0,3.0,0.0,0.0,5.0,1,0,0.0,1,STU_0182,32.18571428571429,5.518571428571429,6.528571428571429,1.4000000000000001,0.3741428571428571,0.36924576882299026,7,-0.19814285714285718,21.0,11
USR_01615,6,1,1.0,15.0,15.0,18.08,0.9039999999999999,5.0,1,0,0.0,1,STU_0182,29.985714285714284,5.621428571428572,6.171428571428572,1.6142857142857143,0.3871428571428571,0.39360086124094634,7,0.013571428571428512,21.0,11
USR_01615,8,1,1.0,3.0,3.0,19.8,0.99,5.0,1,1,0.0,1,STU_0182,34.74285714285714,4.99,9.171428571428573,1.1285714285714286,0.5575714285714286,0.3601209419833113,7,-0.05228571428571427,21.0,11
USR_01615,11,0,0.0,2.5,3.0,0.0,0.0,4.0,1,0,0.5,2,STU_0182,32.75714285714286,5.804285714285714,7.514285714285714,1.6142857142857143,0.4517142857142857,0.41965429587752107,7,0.016285714285714237,21.0,11
USR_01615,12,0,0.0,1.0,1.0,0.0,0.0,5.0,1,0,1.0,1,STU_0182,25.514285714285712,4.255714285714285,9.042857142857143,1.1428571428571428,0.5652857142857143,0.29089064555992866,7,0.1135714285714286,21.0,11
USR_01619,3,1,1.0,13.0,13.0,6.96,0.696,6.0,1,0,0.0,1,STU_0379,57.385714285714286,5.355714285714286,7.957142857142857,2.7857142857142856,0.5037142857142858,0.4440694786439998,7,0.15042857142857152,40.0,5
USR_01619,4,1,1.0,6.0,6.0,14.4,1.0,3.0,1,0,0.0,1,STU_0379,46.08571428571429,6.4557142857142855,5.057142857142857,4.271428571428571,0.2712857142857143,0.41054855445960653,7,-0.23242857142857148,40.0,5
USR_01619,5,1,1.0,5.0,5.0,20.21,1.0,6.0,1,1,1.0,1,STU_0379,36.17142857142857,6.572857142857143,5.414285714285714,4.285714285714286,0.3067142857142858,0.5418374543326768,7,0.035428571428571476,40.0,5
USR_01619,14,1,1.0,18.0,18.0,18.43,0.9215,6.0,1,1,1.0,1,STU_0379,53.25714285714286,5.3,7.457142857142857,2.7714285714285714,0.4587142857142857,0.41496785512547535,7,0.14428571428571424,40.0,5
USR_01625,5,1,1.0,53.0,53.0,17.93,0.8965,1.0,1,0,1.0,1,STU_0248,49.5,6.208571428571429,5.242857142857143,3.885714285714286,0.3432857142857143,0.40955870512483994,7,-0.013857142857142846,28.0,34
USR_01625,8,1,1.0,173.0,173.0,22.33,1.0,5.0,1,1,0.0,1,STU_0248,59.92857142857143,5.384285714285714,7.8999999999999995,3.1,0.48514285714285715,0.4138121995366205,7,-0.023142857142857076,28.0,34
USR_01625,18,1,1.0,108.0,108.0,13.81,1.0,4.0,1,1,0.0,1,STU_0248,60.2,6.16,4.4,6.0,0.305,0.4035548304979992,1,-0.027857142857142858,28.0,34
USR_01638,4,1,1.0,34.0,34.0,13.73,1.0,8.0,1,0,1.0,1,STU_0251,43.042857142857144,6.339999999999999,4.285714285714286,4.542857142857143,0.2865714285714286,0.40449938841711125,7,-0.183,22.0,16
USR_01638,7,1,1.0,79.0,79.0,22.6,1.0,8.0,1,0,0.0,1,STU_0251,58.800000000000004,5.689285714285715,7.542857142857143,3.7714285714285714,0.46385714285714286,0.4075054358608728,7,0.19528571428571428,22.0,16
USR_01638,11,2,1.0,26.5,42.0,18.4,0.7735000000000001,3.5,2,1,0.5,2,STU_0251,49.24285714285714,6.444285714285714,4.514285714285714,4.714285714285714,0.2864285714285714,0.5107442678795366,7,-0.03657142857142859,22.0,16
USR_01638,16,1,1.0,45.0,45.0,3.81,0.381,2.0,1,0,1.0,1,STU_0251,64.65714285714286,5.357142857142857,7.042857142857143,3.5142857142857147,0.4441428571428571,0.48402367558569953,7,-0.010714285714285787,22.0,16
USR_01642,9,1,1.0,4.0,4.0,38.57,0.96425,8.0,1,0,0.0,1,STU_0336,56.800000000000004,4.921428571428572,7.542857142857143,1.2142857142857142,0.47057142857142864,0.46291094214728623,7,-0.1855714285714285,22.0,34
USR_01642,11,1,1.0,21.0,21.0,39.58,0.9894999999999999,5.0,1,0,1.0,1,STU_0336,76.5,4.4399999999999995,7.728571428571429,1.0,0.5347142857142858,0.43839678515006403,7,0.03700000000000009,22.0,34
USR_01642,12,1,1.0,2.0,2.0,17.37,0.8685,4.0,1,0,0.0,1,STU_0336,80.75714285714285,3.0957142857142856,9.657142857142857,1.0,0.6638571428571429,0.4711948661194318,7,0.12914285714285711,22.0,34
USR_01642,15,1,0.5,10.5,17.0,6.8,0.16999999999999998,5.0,2,0,0.0,2,STU_0336,70.04285714285714,3.8428571428571425,9.728571428571428,1.0,0.6791428571428572,0.4943975953511166,7,0.03328571428571436,22.0,34
USR_01660,10,1,1.0,5.0,5.0,23.38,1.0,3.0,1,0,1.0,1,STU_0395,48.41428571428571,6.174285714285714,5.1000000000000005,3.857142857142857,0.3965714285714285,0.48490477254702197,7,0.04757142857142849,30.0,19
USR_01660,11,0,0.0,10.0,10.0,0.0,0.0,10.0,1,0,1.0,1,STU_0395,42.05714285714286,6.667142857142857,5.442857142857143,3.892857142857143,0.3164285714285714,0.4530812808922775,7,-0.08014285714285713,30.0,19
USR_01660,13,0,0.0,9.0,9.0,0.0,0.0,6.0,1,1,1.0,1,STU_0395,118.94285714285715,6.1000000000000005,4.914285714285714,4.214285714285714,0.32285714285714284,0.5735252467391209,7,-0.1502857142857143,30.0,19
USR_01660,14,1,1.0,26.0,26.0,10.32,1.0,2.0,1,0,0.0,1,STU_0395,55.18571428571429,4.797142857142857,7.885714285714286,3.514285714285714,0.503,0.4586157461361329,7,0.18014285714285716,30.0,19
USR_01660,16,0,0.0,18.0,18.0,0.0,0.0,5.0,1,1,0.0,1,STU_0395,61.42857142857143,5.128571428571428,7.728571428571429,3.25,0.5148571428571429,0.4441047438442471,7,0.04514285714285715,30.0,19
USR_01666,4,1,1.0,132.0,132.0,21.08,1.0,7.0,1,0,1.0,1,STU_0312,52.857142857142854,6.11,4.678571428571429,3.8,0.33614285714285713,0.5050175978511288,7,-0.20614285714285724,21.0,84
USR_01666,5,1,1.0,79.0,79.0,10.52,1.0,9.0,1,1,1.0,1,STU_0312,56.114285714285714,6.321428571428571,5.128571428571428,3.3000000000000003,0.3167142857142857,0.5107345331668914,7,-0.019428571428571406,21.0,84
USR_01666,10,1,1.0,86.0,86.0,16.18,1.0,4.0,1,0,0.0,1,STU_0312,41.4,6.734285714285714,4.4,3.6499999999999995,0.28314285714285714,0.5686150026653062,7,-0.04257142857142859,21.0,84
USR_01671,7,0,0.0,15.0,15.0,0.0,0.0,6.0,1,0,1.0,1,STU_0179,60.25,5.317142857142857,7.742857142857143,2.5285714285714285,0.5065714285714286,0.4284108589966233,7,0.1597142857142857,41.0,18
USR_01671,9,0,0.0,7.0,7.0,0.0,0.0,3.0,1,0,0.0,1,STU_0179,43.68571428571429,6.282857142857144,5.214285714285714,3.7285714285714286,0.3485714285714286,0.5300057436482429,7,-0.18228571428571433,41.0,18
USR_01671,10,0,0.0,8.0,8.0,0.0,0.0,5.0,1,0,0.0,1,STU_0179,60.9,6.418571428571428,5.514285714285714,4.1,0.36357142857142855,0.5550731241216663,7,0.014999999999999958,41.0,18
USR_01671,11,0,0.0,1.0,1.0,0.0,0.0,8.0,1,0,1.0,1,STU_0179,41.05714285714286,6.2457142857142856,4.871428571428572,4.557142857142857,0.34528571428571425,0.46906932629977766,7,-0.018285714285714294,41.0,18
USR_01671,16,1,1.0,11.0,11.0,33.98,0.8494999999999999,5.0,1,0,0.0,1,STU_0179,52.228571428571435,5.46,7.1000000000000005,3.1999999999999997,0.487,0.4007345561659802,7,0.006571428571428561,41.0,18
USR_01692,7,0,0.0,11.333333333333334,19.0,0.0,0.0,5.0,3,0,0.3333333333333333,3,STU_0488,59.94285714285714,5.208571428571429,8.742857142857144,1.9285714285714286,0.5837142857142857,0.46184106952978404,7,0.28085714285714286,31.0,10
USR_01692,10,0,0.0,14.0,26.0,0.0,0.0,5.0,2,0,0.0,2,STU_0488,52.028571428571425,6.855714285714286,5.057142857142857,4.428571428571429,0.28014285714285714,0.48603902832497375,7,-0.10385714285714287,31.0,10
USR_01692,11,0,0.0,5.0,6.0,0.0,0.0,5.0,2,2,0.5,2,STU_0488,48.1,6.647857142857142,4.5,3.742857142857143,0.3097142857142857,0.42016703835184804,7,0.029571428571428582,31.0,10
USR_01692,12,1,1.0,13.0,13.0,19.45,0.9724999999999999,6.0,1,1,0.0,1,STU_0488,55.42857142857143,5.425714285714285,7.971428571428571,2.5857142857142854,0.5234285714285714,0.5040218408854156,7,0.21371428571428563,31.0,10
USR_01692,17,0,0.0,10.0,10.0,0.0,0.0,7.0,1,0,1.0,1,STU_0488,51.74285714285714,6.138571428571429,5.071428571428571,3.6999999999999997,0.33742857142857147,0.4855709918534242,7,-0.17671428571428566,31.0,10
USR_01692,18,1,1.0,3.0,3.0,37.04,0.9259999999999999,8.0,1,1,1.0,1,STU_0488,39.4,7.4,6.3,3.0,0.301,0.4342307566017105,1,-0.03642857142857148,31.0,10
USR_01695,5,1,1.0,6.0,6.0,12.3,1.0,5.0,1,0,0.0,1,STU_0187,29.014285714285712,5.748571428571429,7.328571428571429,1.1,0.4374285714285714,0.3922193019763422,7,0.024142857142857077,32.0,15
USR_01707,1,1,1.0,12.0,12.0,0.0,0.0,9.0,1,0,1.0,1,STU_0043,49.300000000000004,5.7942857142857145,4.985714285714286,3.914285714285714,0.35628571428571426,0.5079069522061594,7,,36.0,38
USR_01707,6,1,1.0,13.0,13.0,4.48,0.44800000000000006,4.0,1,1,0.0,1,STU_0043,44.91428571428571,6.4071428571428575,5.7,3.3285714285714287,0.3257142857142857,0.4472485705745724,7,0.029714285714285693,36.0,38
USR_01707,9,0,0.0,6.0,6.0,0.0,0.0,7.0,1,0,1.0,1,STU_0043,48.68571428571429,6.325714285714286,5.2,3.314285714285714,0.32471428571428573,0.4583350298452203,7,-0.22885714285714287,36.0,38
USR_01707,11,1,1.0,2.0,2.0,7.14,1.0,6.0,1,0,1.0,1,STU_0043,56.714285714285715,6.761428571428572,5.0,4.6000000000000005,0.3311428571428571,0.498081662275942,7,0.05299999999999999,36.0,38
USR_01707,15,1,0.5,14.0,27.0,8.18,0.409,3.0,2,0,0.5,2,STU_0043,71.28571428571429,4.778571428571429,7.585714285714286,3.085714285714286,0.5177142857142857,0.39900537953218557,7,0.04099999999999998,36.0,38
USR_01707,16,1,1.0,42.0,42.0,8.58,0.858,7.0,1,0,0.0,1,STU_0043,59.84285714285714,4.581428571428572,7.542857142857143,2.5714285714285716,0.5401428571428571,0.4812414354079892,7,0.022428571428571464,36.0,38
USR_01707,17,0,0.0,2.0,2.0,0.0,0.0,6.0,1,0,0.0,1,STU_0043,47.114285714285714,6.491428571428571,4.814285714285715,3.5142857142857147,0.2744285714285714,0.41799077421451086,7,-0.26571428571428574,36.0,38
USR_01726,1,0,0.0,35.0,35.0,0.0,0.0,5.0,1,0,1.0,1,STU_0329,24.82857142857143,5.264285714285714,6.642857142857143,1.9571428571428573,0.37685714285714284,0.4251905436312911,7,,26.0,2
USR_01726,6,1,1.0,24.0,24.0,26.0,1.0,2.0,1,1,0.0,1,STU_0329,27.064285714285713,6.021428571428571,7.728571428571429,1.3142857142857143,0.421,0.3862213431775513,7,0.028285714285714247,26.0,2
USR_01726,8,1,1.0,31.0,31.0,43.85,1.0,5.0,1,1,1.0,1,STU_0329,31.928571428571427,4.302857142857143,9.785714285714286,1.0,0.5594285714285715,0.3529283231019849,7,-0.06114285714285694,26.0,2
USR_01726,9,1,1.0,60.0,60.0,6.67,0.667,5.0,1,1,1.0,1,STU_0329,30.214285714285715,5.538571428571428,7.214285714285714,1.4285714285714286,0.399,0.3714648569338718,7,-0.16042857142857148,26.0,2
USR_01733,13,0,0.0,4.5,6.0,0.0,0.0,6.5,2,1,0.5,2,STU_0259,75.94285714285715,7.055714285714286,2.742857142857143,5.357142857142857,0.229,0.5666600189856523,7,-0.17814285714285713,37.0,28
USR_01733,14,0,0.0,1.0,1.0,0.0,0.0,1.0,1,1,0.0,1,STU_0259,93.01428571428572,5.897142857142858,5.428571428571429,4.742857142857143,0.37471428571428567,0.5971352962711551,7,0.14571428571428566,37.0,28
USR_01737,1,1,1.0,3.0,3.0,5.68,0.568,6.0,1,0,1.0,1,STU_0263,82.60000000000001,7.01,3.2857142857142856,6.299999999999999,0.27714285714285714,0.5697837977948806,7,,32.0,20
USR_01737,3,1,0.5,5.0,7.0,11.09,0.5,6.5,2,0,1.0,2,STU_0263,99.64285714285714,5.797142857142857,5.942857142857143,4.771428571428571,0.43157142857142855,0.49667672898764437,7,0.14028571428571424,32.0,20
USR_01737,5,1,1.0,1.0,1.0,13.41,1.0,3.0,1,0,0.0,1,STU_0263,90.84285714285714,7.027142857142857,3.1714285714285713,5.3,0.2631428571428572,0.5338840894238508,7,0.027000000000000024,32.0,20
USR_01737,15,1,1.0,7.0,7.0,38.88,0.9720000000000001,6.0,1,0,1.0,1,STU_0263,97.17142857142858,6.062857142857142,5.107142857142857,4.614285714285714,0.3912857142857143,0.5678401611442813,7,-0.05671428571428572,32.0,20
USR_01741,1,2,1.0,8.5,13.0,21.36,0.987,3.0,2,1,1.0,2,STU_0052,47.15714285714286,6.322857142857143,5.085714285714286,3.7857142857142856,0.32085714285714284,0.5065727245106113,7,,18.0,19
USR_01741,3,0,0.0,2.0,2.0,0.0,0.0,7.0,1,0,1.0,1,STU_0052,53.542857142857144,4.485714285714286,8.2,2.842857142857143,0.5579999999999999,0.5142952361348753,7,0.22457142857142848,18.0,19
USR_01741,7,1,1.0,13.0,13.0,13.29,0.6645,5.0,1,1,0.0,1,STU_0052,70.52857142857142,5.275714285714286,7.614285714285714,3.242857142857143,0.5,0.4883676369087346,7,0.1274285714285714,18.0,19
USR_01741,9,3,1.0,18.0,38.0,89.38,0.99025,7.333333333333333,3,1,0.3333333333333333,3,STU_0052,54.15714285714286,6.564285714285715,5.1000000000000005,4.457142857142857,0.32157142857142856,0.49074412875811113,7,-0.131,18.0,19
USR_01741,12,1,1.0,42.0,42.0,38.48,0.962,7.0,1,0,0.0,1,STU_0052,54.885714285714286,5.077142857142857,7.542857142857143,2.185714285714286,0.5207142857142857,0.4146437021788115,7,0.19428571428571423,18.0,19
USR_01741,13,1,0.5,7.0,12.0,39.37,0.492125,6.0,2,1,0.0,2,STU_0052,50.885714285714286,6.168571428571428,5.714285714285714,3.9857142857142853,0.3522857142857143,0.49126540649507966,7,-0.16842857142857137,18.0,19
USR_01741,14,0,0.0,38.0,38.0,0.0,0.0,1.0,1,0,1.0,1,STU_0052,60.800000000000004,4.744285714285715,6.742857142857142,2.957142857142857,0.44314285714285717,0.5283398430396232,7,0.09085714285714286,18.0,19
USR_01742,4,1,1.0,13.0,13.0,3.23,0.646,9.0,1,0,0.0,1,STU_0098,51.9,6.278571428571429,4.785714285714286,4.114285714285715,0.28285714285714286,0.4521273398372534,7,-0.1767142857142857,35.0,28
USR_01742,10,1,1.0,7.0,7.0,39.93,0.99825,5.0,1,0,0.0,1,STU_0098,60.15714285714286,6.441428571428572,5.757142857142857,4.1,0.42442857142857143,0.4484812966471278,7,0.10014285714285714,35.0,28
USR_01742,12,1,1.0,14.0,14.0,15.5,1.0,7.0,1,0,1.0,1,STU_0098,65.48571428571428,4.901428571428572,7.628571428571428,2.7285714285714286,0.545,0.49544503848503885,7,0.2384285714285715,35.0,28
USR_01742,13,1,1.0,11.0,11.0,8.02,0.8019999999999999,5.0,1,0,0.0,1,STU_0098,49.41428571428572,6.515714285714286,5.142857142857143,4.3428571428571425,0.32885714285714285,0.4859493991890167,7,-0.2161428571428572,35.0,28
USR_01742,14,1,0.5,21.5,33.0,16.82,0.4205,6.0,2,1,1.0,2,STU_0098,50.185714285714276,5.8028571428571425,7.4142857142857155,3.1285714285714286,0.44242857142857145,0.44597586484464136,7,0.1135714285714286,35.0,28
USR_01742,17,0,0.0,12.0,12.0,0.0,0.0,8.0,1,1,0.0,1,STU_0098,51.728571428571435,6.338571428571428,5.185714285714285,4.385714285714285,0.3304285714285714,0.5415458989579033,7,-0.1402857142857143,35.0,28
USR_01746,2,0,0.0,10.0,10.0,0.0,0.0,10.0,1,0,0.0,1,STU_0255,63.81428571428571,5.081428571428572,7.485714285714286,1.0142857142857142,0.5138571428571429,0.4360338348414478,7,0.04142857142857148,18.0,34
USR_01746,3,1,1.0,2.0,2.0,15.65,0.7825,5.0,1,1,0.0,1,STU_0255,80.41428571428571,3.7471428571428573,9.607142857142858,1.0,0.6432857142857143,0.4079430523273829,7,0.12942857142857145,18.0,34
USR_01746,6,1,1.0,11.0,11.0,6.58,0.658,3.0,1,0,1.0,1,STU_0255,72.75714285714285,4.977142857142857,8.135714285714286,1.0,0.5038571428571429,0.503447638277363,7,-0.00828571428571423,18.0,34
USR_01746,7,0,0.0,5.0,5.0,0.0,0.0,5.0,1,0,0.0,1,STU_0255,75.72857142857143,3.5685714285714285,9.799999999999999,1.0,0.6392857142857142,0.3621393261868425,7,0.13542857142857134,18.0,34
USR_01746,12,1,1.0,3.0,3.0,16.2,0.8099999999999999,2.0,1,1,1.0,1,STU_0255,67.15714285714286,3.4085714285714284,9.728571428571428,1.0,0.6705714285714286,0.3900976286327697,7,0.1527142857142857,18.0,34
USR_01746,13,0,0.0,7.0,7.0,0.0,0.0,6.0,1,0,0.0,1,STU_0255,63.128571428571426,5.325714285714286,8.2,1.0142857142857142,0.4945714285714286,0.4231446448947966,7,-0.176,18.0,34
USR_01746,15,2,1.0,1.5,2.0,46.74,0.8868750000000001,6.0,2,1,0.5,2,STU_0255,82.62857142857142,3.718571428571429,9.828571428571427,1.0,0.6617142857142857,0.4224196271997713,7,0.014571428571428569,18.0,34
USR_01747,7,2,1.0,12.5,20.0,14.990000000000002,0.915,4.0,2,0,1.0,2,STU_0399,83.64999999999999,3.795714285714286,9.4,1.0,0.6865714285714286,0.43182248294554765,7,0.1458571428571429,30.0,36
USR_01747,8,1,1.0,30.0,30.0,39.01,0.97525,5.0,1,1,1.0,1,STU_0399,71.92857142857143,3.4385714285714286,9.757142857142856,1.0,0.6682857142857143,0.42100688974610445,7,-0.01828571428571435,30.0,36
USR_01747,9,1,1.0,37.0,37.0,21.62,1.0,3.0,1,0,1.0,1,STU_0399,67.15714285714286,4.827142857142857,8.792857142857143,1.0,0.5007142857142857,0.4215094294088599,7,-0.1675714285714286,30.0,36
USR_01747,13,1,0.5,33.0,57.0,36.57,0.457125,6.5,1,0,0.5,2,STU_0399,71.87142857142858,5.445714285714286,8.364285714285714,1.0142857142857142,0.5324285714285714,0.41724513372391153,7,-0.14128571428571435,30.0,36
USR_01749,8,1,1.0,23.0,23.0,0.0,0.0,7.0,1,0,0.0,1,STU_0455,63.628571428571426,5.051428571428572,7.485714285714286,2.642857142857143,0.4682857142857143,0.5108261367978532,7,-0.05814285714285716,25.0,18
USR_01749,12,1,1.0,8.0,8.0,0.0,0.0,6.0,1,0,1.0,1,STU_0455,59.785714285714285,4.888571428571429,8.528571428571428,3.0,0.5431428571428571,0.38311873124962653,7,0.19757142857142856,25.0,18
USR_01749,13,1,1.0,15.0,15.0,18.98,0.9490000000000001,6.0,1,0,1.0,1,STU_0455,41.6,6.454285714285715,4.714285714285714,4.014285714285714,0.2927142857142857,0.5508102496535304,7,-0.25042857142857144,25.0,18
USR_01753,5,1,1.0,15.0,15.0,10.25,1.0,4.0,1,0,1.0,1,STU_0241,42.25714285714286,6.625714285714286,4.928571428571429,3.914285714285714,0.2857142857142857,0.4355606834566764,7,-0.05171428571428577,35.0,2
USR_01753,8,0,0.0,31.0,31.0,0.0,0.0,1.0,1,0,0.0,1,STU_0241,65.08571428571429,4.909999999999999,7.428571428571429,3.5714285714285716,0.5102857142857143,0.38955892209459325,7,0.035857142857142976,35.0,2
USR_01753,9,1,1.0,88.0,88.0,22.88,1.0,5.0,1,0,0.0,1,STU_0241,57.24285714285714,6.364285714285714,5.285714285714286,4.171428571428572,0.352,0.5200883256496086,7,-0.15828571428571436,35.0,2
USR_01753,12,2,1.0,31.0,58.0,16.23,0.891,5.5,2,1,0.5,2,STU_0241,66.07142857142857,4.764285714285714,7.385714285714286,2.6,0.5042857142857142,0.4636247227340298,7,0.18328571428571422,35.0,2
USR_01753,13,0,0.0,12.0,12.0,0.0,0.0,6.0,1,0,0.0,1,STU_0241,56.89999999999999,6.8500000000000005,4.892857142857143,4.114285714285714,0.2732857142857143,0.5407779940691063,7,-0.23099999999999993,35.0,2
USR_01753,14,1,1.0,42.0,42.0,9.05,0.905,7.0,1,0,1.0,1,STU_0241,55.271428571428565,5.018571428571429,7.842857142857143,2.8857142857142857,0.49742857142857144,0.47310727473251457,7,0.22414285714285714,35.0,2
USR_01753,16,1,1.0,48.0,48.0,16.99,0.8494999999999999,5.0,1,1,0.0,1,STU_0241,56.685714285714276,5.015714285714286,7.242857142857143,2.814285714285714,0.46642857142857147,0.4343834599506454,7,-0.049714285714285655,35.0,2
USR_01761,1,0,0.0,3.0,3.0,0.0,0.0,6.0,1,0,1.0,1,STU_0056,28.47142857142857,5.461428571428571,6.857142857142857,2.185714285714286,0.4145714285714286,0.5193355087344206,7,,34.0,22
USR_01761,3,1,0.5,1.0,1.0,0.0,0.0,4.0,2,0,0.0,2,STU_0056,32.24285714285714,4.211428571428572,9.028571428571428,1.2285714285714284,0.5565714285714286,0.34495242537958287,7,0.2037142857142858,34.0,22
USR_01761,8,0,0.0,8.0,8.0,0.0,0.0,4.0,1,1,1.0,1,STU_0056,34.42857142857143,4.302857142857143,8.914285714285715,1.2428571428571427,0.5619999999999999,0.4085739898772152,7,-0.017142857142857237,34.0,22
USR_01761,14,0,0.0,1.0,1.0,0.0,0.0,4.0,1,1,1.0,1,STU_0056,34.3,4.09,8.971428571428572,1.2142857142857142,0.5661428571428572,0.4434030395187908,7,0.17642857142857143,34.0,22
USR_01761,15,0,0.0,15.0,15.0,0.0,0.0,4.0,1,0,1.0,1,STU_0056,35.378571428571426,4.097142857142857,9.285714285714286,1.2,0.567,0.39338945062791647,7,0.0008571428571427786,34.0,22
USR_01761,16,1,1.0,9.0,9.0,39.99,0.99975,6.0,1,0,0.0,1,STU_0056,44.08571428571429,4.424285714285714,9.057142857142857,1.042857142857143,0.5651428571428572,0.40911660092579577,7,-0.0018571428571427795,34.0,22
USR_01763,1,2,1.0,25.5,42.0,48.56,0.971875,7.5,2,0,0.0,2,STU_0397,93.14285714285714,7.508571428571429,3.1571428571428575,5.242857142857143,0.25285714285714284,0.5836235050537949,7,,36.0,22
USR_01763,3,1,1.0,10.0,10.0,5.72,1.0,8.0,1,0,1.0,1,STU_0397,91.14285714285714,5.696428571428571,6.228571428571429,4.414285714285714,0.45457142857142857,0.5765391977400975,7,0.244,36.0,22
USR_01763,8,1,1.0,11.0,11.0,17.16,0.858,9.0,1,0,0.0,1,STU_0397,96.88571428571429,5.550714285714286,5.771428571428571,4.114285714285715,0.4714285714285714,0.5282987410580219,7,0.0748571428571429,36.0,22
USR_01763,14,1,1.0,35.0,35.0,10.61,1.0,7.0,1,0,1.0,1,STU_0397,103.88571428571429,5.369285714285715,5.185714285714285,5.414285714285714,0.4137142857142857,0.585979300211209,7,0.18014285714285713,36.0,22
USR_01764,7,1,1.0,2.0,2.0,0.9,0.18,10.0,1,0,1.0,1,STU_0081,119.0,4.918571428571428,6.728571428571429,2.8285714285714287,0.45771428571428574,0.450741924683801,7,0.0927142857142857,15.0,19
USR_01764,9,0,0.0,4.0,4.0,0.0,0.0,2.0,1,0,1.0,1,STU_0081,49.25714285714286,6.425714285714286,4.771428571428571,4.742857142857143,0.31028571428571433,0.4527036958378459,7,-0.1731428571428571,15.0,19
USR_01764,16,0,0.0,13.0,13.0,0.0,0.0,4.0,1,0,1.0,1,STU_0081,53.55714285714286,4.942857142857143,7.014285714285714,3.6285714285714286,0.487,0.4634465387037969,7,-0.021714285714285686,15.0,19
USR_01771,1,0,0.0,5.0,5.0,0.0,0.0,4.0,1,1,0.0,1,STU_0465,61.6,4.808571428571428,7.6571428571428575,1.1857142857142857,0.5257142857142857,0.5099982567186883,7,,21.0,14
USR_01771,3,1,1.0,9.0,9.0,21.29,1.0,5.0,1,1,0.0,1,STU_0465,90.07142857142857,3.4299999999999997,9.87142857142857,1.0,0.699,0.48146183818567556,7,0.24299999999999994,21.0,14
USR_01771,7,1,0.5,8.5,15.0,25.31,0.5,8.0,2,0,0.0,2,STU_0465,74.8,3.3099999999999996,9.442857142857141,1.0,0.6901428571428572,0.43999505365267766,7,0.22057142857142858,21.0,14
USR_01771,14,1,1.0,5.0,5.0,18.37,0.9185000000000001,2.0,1,0,0.0,1,STU_0465,85.94285714285715,3.4642857142857144,9.385714285714286,1.0,0.6622857142857143,0.4669325614860571,7,0.15528571428571425,21.0,14
USR_01777,6,0,0.0,4.0,4.0,0.0,0.0,6.0,1,0,0.0,1,STU_0292,50.228571428571435,6.767142857142857,5.685714285714285,3.7857142857142856,0.34514285714285714,0.5768046511506117,7,0.038285714285714256,19.0,30
USR_01777,18,1,0.5,16.0,22.0,16.11,0.40275,3.5,2,0,0.0,2,STU_0292,76.2,6.0,5.9,2.8,0.375,0.6756771150881632,1,0.0932857142857143,19.0,30
USR_01781,8,1,1.0,91.0,91.0,38.69,0.9672499999999999,4.0,1,0,1.0,1,STU_0217,55.042857142857144,5.008571428571429,7.357142857142857,2.757142857142857,0.5317142857142857,0.47858173365587053,7,0.08585714285714285,24.0,27
USR_01781,9,1,1.0,1.0,1.0,39.75,0.99375,10.0,1,0,1.0,1,STU_0217,48.642857142857146,6.167857142857143,4.7,4.371428571428572,0.3167142857142857,0.5653221987401114,7,-0.21499999999999997,24.0,27
USR_01781,10,1,1.0,11.0,11.0,37.64,0.9410000000000001,1.0,1,0,1.0,1,STU_0217,47.785714285714285,7.002857142857144,4.871428571428572,4.2,0.307,0.5602147601751485,7,-0.00971428571428573,24.0,27
USR_01781,13,1,1.0,120.0,120.0,21.47,1.0,1.0,1,1,0.0,1,STU_0217,51.84285714285714,6.388571428571429,4.728571428571429,3.4285714285714284,0.3344285714285714,0.465704148008781,7,-0.21142857142857152,24.0,27
USR_01781,14,1,1.0,45.0,45.0,10.42,1.0,4.0,1,0,0.0,1,STU_0217,58.542857142857144,4.793571428571428,7.871428571428572,2.7142857142857144,0.5431428571428571,0.46111895999110253,7,0.20871428571428574,24.0,27
USR_01781,17,1,1.0,11.0,11.0,5.88,0.588,2.0,1,0,1.0,1,STU_0217,108.98571428571428,6.8,5.028571428571429,3.8285714285714287,0.30042857142857143,0.5115614046816005,7,-0.13785714285714284,24.0,27
USR_01781,18,1,1.0,31.0,31.0,20.15,1.0,7.0,1,1,0.0,1,STU_0217,81.8,6.9,4.6,3.2,0.28,0.5940896795426329,1,-0.020428571428571407,24.0,27
USR_01789,5,1,1.0,7.0,7.0,23.14,1.0,1.0,1,0,1.0,1,STU_0454,44.07142857142857,6.3500000000000005,5.471428571428571,3.685714285714286,0.31314285714285717,0.49291289620923434,7,-0.035999999999999976,32.0,15
USR_01789,12,1,1.0,1.0,1.0,11.25,1.0,5.0,1,0,0.0,1,STU_0454,73.11428571428571,4.684285714285714,7.628571428571428,2.757142857142857,0.5544285714285715,0.4558915019876915,7,0.2527142857142858,32.0,15
USR_01794,3,2,0.6666666666666666,6.666666666666667,12.0,41.31,0.5099166666666667,5.0,3,1,0.0,3,STU_0211,51.457142857142856,5.381428571428572,6.742857142857143,3.107142857142857,0.4362857142857143,0.43074866216769137,7,0.10028571428571426,28.0,15
USR_01794,8,0,0.0,2.0,2.0,0.0,0.0,3.0,1,0,1.0,1,STU_0211,67.38571428571429,5.168571428571428,7.571428571428571,3.407142857142857,0.5264285714285715,0.4278137025754093,7,0.062,28.0,15
USR_01794,10,1,1.0,13.0,13.0,9.64,0.9640000000000001,5.0,1,0,0.0,1,STU_0211,44.964285714285715,6.514285714285714,4.971428571428571,4.114285714285715,0.304,0.4867518944664746,7,-0.004857142857142838,28.0,15
USR_01794,18,1,1.0,3.0,3.0,14.79,0.7394999999999999,7.0,1,0,0.0,1,STU_0211,56.1,6.54,4.6,3.4,0.259,0.4885547886411719,1,-0.04871428571428571,28.0,15
USR_01799,2,1,1.0,49.0,49.0,16.7,0.835,2.0,1,0,1.0,1,STU_0091,93.18571428571428,7.091428571428572,3.0142857142857147,5.814285714285715,0.267,0.6297251484572446,7,0.031142857142857167,22.0,19
USR_01799,7,1,1.0,42.0,42.0,8.19,0.819,4.0,1,0,1.0,1,STU_0091,84.67142857142858,5.8585714285714285,5.457142857142857,4.428571428571429,0.4052857142857143,0.5201811558470179,7,0.20214285714285718,22.0,19
USR_01799,10,1,1.0,64.0,64.0,33.62,0.8404999999999999,6.0,1,0,0.0,1,STU_0091,89.8,7.201428571428571,3.085714285714286,5.571428571428571,0.24471428571428572,0.5341773328409822,7,-0.03642857142857142,22.0,19
USR_01799,18,2,1.0,85.5,132.0,24.41,0.84675,1.5,2,0,0.5,2,STU_0091,76.1,5.91,3.1,4.6,0.339,0.408351362126658,1,0.08585714285714285,22.0,19
USR_01801,5,1,1.0,10.0,10.0,11.44,1.0,4.0,1,0,1.0,1,STU_0017,106.71428571428571,6.518571428571429,5.264285714285714,3.7857142857142856,0.31071428571428567,0.48913363394963155,7,-0.022142857142857186,25.0,43
USR_01801,12,1,1.0,11.0,11.0,39.12,0.978,1.0,1,0,0.0,1,STU_0017,64.58571428571429,4.7457142857142856,7.421428571428572,2.585714285714286,0.49028571428571427,0.4472667361570944,7,0.1595714285714286,25.0,43
USR_01801,14,1,1.0,34.0,34.0,22.0,1.0,6.0,1,0,0.0,1,STU_0017,56.800000000000004,5.49,7.128571428571428,3.4428571428571426,0.4254285714285714,0.45302569905171247,7,0.18928571428571422,25.0,43
USR_01801,15,0,0.0,34.0,34.0,0.0,0.0,3.0,1,0,1.0,1,STU_0017,56.714285714285715,5.003571428571428,6.564285714285715,3.4285714285714284,0.4964285714285714,0.43785970124273316,7,0.07100000000000001,25.0,43
USR_01802,1,1,1.0,7.0,7.0,24.86,1.0,7.0,1,0,1.0,1,STU_0106,46.228571428571435,6.804285714285713,4.828571428571428,4.128571428571428,0.28671428571428575,0.5147386089155691,7,,33.0,19
USR_01802,2,1,1.0,365.0,365.0,21.31,1.0,3.0,1,0,1.0,1,STU_0106,48.771428571428565,6.04,4.485714285714286,3.942857142857143,0.3281428571428571,0.4698863042218388,7,0.04142857142857137,33.0,19
USR_01802,3,0,0.0,6.0,6.0,0.0,0.0,4.0,1,0,1.0,1,STU_0106,60.214285714285715,5.121428571428572,7.6571428571428575,2.8000000000000003,0.4827142857142857,0.5051977990809952,7,0.15457142857142858,33.0,19
USR_01802,17,1,1.0,28.0,28.0,11.71,0.5855,4.0,1,0,0.0,1,STU_0106,48.385714285714286,6.448571428571428,5.185714285714285,3.7142857142857144,0.34914285714285714,0.47124493114491667,7,-0.13228571428571428,33.0,19
USR_01805,10,0,0.0,10.0,10.0,0.0,0.0,7.0,1,0,0.0,1,STU_0117,46.285714285714285,6.125714285714286,4.814285714285715,4.214285714285714,0.31842857142857145,0.5501819291320429,7,-0.03928571428571426,32.0,15
USR_01805,16,0,0.0,13.0,13.0,0.0,0.0,2.0,1,0,1.0,1,STU_0117,66.95714285714286,4.7821428571428575,7.628571428571428,2.2857142857142856,0.506,0.4213281298272197,7,0.03471428571428575,32.0,15
USR_01805,17,0,0.0,1.0,1.0,0.0,0.0,5.0,1,0,1.0,1,STU_0117,43.9,6.549285714285714,5.757142857142857,3.4285714285714284,0.34114285714285714,0.5102996966017942,7,-0.16485714285714287,32.0,15
USR_01814,2,1,1.0,58.0,58.0,7.92,1.0,1.0,1,1,1.0,1,STU_0483,41.271428571428565,6.2057142857142855,4.942857142857143,3.8714285714285714,0.28485714285714286,0.49289419728623257,7,-0.05757142857142855,13.0,22
USR_01814,7,1,1.0,8.0,8.0,11.37,1.0,3.0,1,0,0.0,1,STU_0483,63.42857142857143,4.812857142857142,7.271428571428571,3.7285714285714286,0.48414285714285715,0.45354398713604954,7,0.19657142857142862,13.0,22
USR_01814,10,1,1.0,111.0,111.0,21.14,1.0,3.0,1,0,1.0,1,STU_0483,50.785714285714285,6.264285714285714,5.271428571428571,3.7714285714285714,0.37957142857142856,0.48042379123164974,7,0.06928571428571423,13.0,22
USR_01814,14,1,1.0,31.0,31.0,21.42,1.0,6.0,1,0,0.0,1,STU_0483,57.41428571428571,5.271428571428571,7.8428571428571425,2.442857142857143,0.5111428571428572,0.45656225584849025,7,0.17371428571428577,13.0,22
USR_01814,17,2,1.0,19.5,38.0,18.4,0.8525,2.5,2,0,0.0,2,STU_0483,40.18571428571429,6.942857142857143,5.3999999999999995,3.7,0.32485714285714284,0.4130904211403407,7,-0.12071428571428577,13.0,22
USR_01815,7,1,1.0,96.0,96.0,15.94,0.7969999999999999,10.0,1,0,1.0,1,STU_0339,48.385714285714286,4.6899999999999995,7.3428571428571425,2.9,0.5398571428571428,0.47213677513314406,7,0.20314285714285713,22.0,15
USR_01818,2,0,0.0,18.0,18.0,0.0,0.0,2.0,1,1,0.0,1,STU_0202,47.857142857142854,6.467142857142856,5.128571428571428,4.057142857142857,0.3527142857142857,0.4878672119486076,7,0.05257142857142855,24.0,21
USR_01818,7,0,0.0,8.0,8.0,0.0,0.0,4.0,1,0,0.0,1,STU_0202,62.357142857142854,5.202857142857143,7.585714285714286,3.557142857142857,0.4857142857142857,0.3566239341051989,7,0.13642857142857145,24.0,21
USR_01818,9,0,0.0,7.0,7.0,0.0,0.0,9.0,1,1,1.0,1,STU_0202,49.75714285714286,6.161428571428572,4.214285714285714,4.071428571428571,0.3378571428571429,0.5363873358051139,7,-0.18671428571428567,24.0,21
USR_01818,10,0,0.0,16.0,16.0,0.0,0.0,8.0,1,0,1.0,1,STU_0202,60.05714285714286,5.855714285714286,5.014285714285714,3.9285714285714284,0.38485714285714284,0.5073054584148335,7,0.04699999999999993,24.0,21
USR_01819,4,1,1.0,1.0,1.0,23.6,1.0,6.0,1,1,0.0,1,STU_0497,45.48571428571429,6.118571428571428,5.1000000000000005,4.014285714285714,0.3218571428571429,0.4989869894180833,7,-0.18285714285714277,32.0,29
USR_01819,8,1,0.5,9.5,15.0,42.55,0.5,3.0,2,0,0.0,2,STU_0497,65.05714285714285,4.364285714285715,7.085714285714286,2.8714285714285714,0.5224285714285715,0.4422808947524373,7,0.06371428571428578,32.0,29
USR_01819,10,1,1.0,1.0,1.0,11.42,1.0,6.0,1,1,1.0,1,STU_0497,40.30714285714286,6.098571428571428,5.042857142857143,3.8714285714285714,0.3151428571428571,0.457626048306301,7,-0.0028571428571428914,32.0,29
USR_01819,14,1,1.0,44.0,44.0,21.6,1.0,5.0,1,0,1.0,1,STU_0497,53.714285714285715,5.082857142857143,7.542857142857143,3.1000000000000005,0.47685714285714287,0.44049808413158625,7,0.1487142857142857,32.0,29
USR_01819,15,1,1.0,1.0,1.0,16.45,0.8225,6.0,1,0,1.0,1,STU_0497,61.714285714285715,5.21,7.857142857142857,2.685714285714286,0.48857142857142855,0.44941740055846413,7,0.011714285714285677,32.0,29
USR_01821,10,1,1.0,2.0,2.0,8.62,0.8619999999999999,6.0,1,0,1.0,1,STU_0035,55.885714285714286,6.434285714285714,5.6000000000000005,3.8142857142857145,0.3608571428571428,0.5073471617277505,7,0.02057142857142852,15.0,10
USR_01821,12,1,1.0,18.0,18.0,8.13,0.8130000000000001,6.0,1,0,1.0,1,STU_0035,61.44285714285714,4.978571428571429,7.471428571428571,2.8714285714285714,0.4918571428571429,0.42304151750477337,7,0.12357142857142861,15.0,10
USR_01821,14,1,1.0,11.0,11.0,20.66,1.0,8.0,1,0,0.0,1,STU_0035,55.91428571428571,5.2,7.7,3.235714285714286,0.5057142857142857,0.48669511496258505,7,0.1722857142857142,15.0,10
USR_01821,17,1,1.0,86.0,86.0,17.41,0.8705,5.0,1,0,1.0,1,STU_0035,52.642857142857146,6.664285714285714,5.571428571428571,4.107142857142857,0.3487142857142857,0.4754745123965427,7,-0.1928571428571429,15.0,10
USR_01831,1,1,1.0,261.0,261.0,9.65,0.9650000000000001,8.0,1,0,0.0,1,STU_0221,57.31428571428571,5.002857142857143,7.328571428571428,1.1142857142857143,0.4582857142857143,0.4266803901314033,7,,27.0,93
USR_01831,4,2,1.0,26.5,42.0,79.89,0.98675,7.5,2,0,0.0,2,STU_0221,61.957142857142856,4.872857142857143,8.471428571428572,1.0,0.5425714285714286,0.4133038303522431,7,-0.08114285714285707,27.0,93
USR_01831,5,3,1.0,153.0,210.0,56.6,0.919,6.666666666666667,2,1,0.6666666666666666,3,STU_0221,62.271428571428565,4.884285714285714,8.557142857142857,1.0,0.5222857142857144,0.396472874919644,7,-0.02028571428571424,27.0,93
USR_01831,7,2,1.0,236.0,246.0,53.03,0.837,6.5,2,0,0.5,2,STU_0221,73.01428571428572,3.347142857142857,9.557142857142859,1.0,0.6385714285714286,0.43626331294540516,7,0.14685714285714285,27.0,93
USR_01832,2,0,0.0,20.0,20.0,0.0,0.0,8.0,1,1,1.0,1,STU_0391,53.542857142857144,6.518571428571429,4.685714285714285,4.242857142857143,0.29071428571428576,0.525786765159593,7,0.022142857142857186,22.0,15
USR_01832,3,1,1.0,18.0,18.0,19.41,0.9705,5.0,1,1,0.0,1,STU_0391,62.97142857142857,5.090000000000001,8.057142857142857,3.6571428571428575,0.5084285714285715,0.4174705942905169,7,0.2177142857142857,22.0,15
USR_01832,8,0,0.0,4.0,4.0,0.0,0.0,5.0,1,0,0.0,1,STU_0391,55.300000000000004,5.074285714285715,7.257142857142857,3.1714285714285713,0.45442857142857146,0.4711445511877517,7,-0.028285714285714247,22.0,15
USR_01832,11,1,0.5,9.5,18.0,45.52,0.5,7.5,2,0,0.5,2,STU_0391,43.82857142857143,6.185714285714285,5.1571428571428575,3.8428571428571425,0.31685714285714284,0.4977047251593672,7,-0.018571428571428572,22.0,15
USR_01832,12,0,0.0,4.0,4.0,0.0,0.0,4.0,1,1,0.0,1,STU_0391,57.114285714285714,5.078571428571428,7.314285714285715,3.2285714285714286,0.48228571428571426,0.4639490671265026,7,0.16542857142857142,22.0,15
USR_01832,16,2,1.0,5.5,6.0,27.89,0.90575,5.5,2,2,1.0,2,STU_0391,66.31428571428572,4.68,7.4,3.4,0.5031428571428572,0.47565753330024163,7,0.04971428571428582,22.0,15
USR_01832,17,1,1.0,8.0,8.0,19.83,0.9914999999999999,8.0,1,1,0.0,1,STU_0391,58.199999999999996,7.201428571428571,5.185714285714285,3.5142857142857147,0.2522857142857143,0.5369161139651073,7,-0.25085714285714295,22.0,15
USR_01840,4,0,0.0,32.0,32.0,0.0,0.0,1.0,1,1,1.0,1,STU_0093,78.94285714285715,7.439285714285715,3.371428571428571,5.628571428571428,0.23957142857142857,0.523285509490094,7,-0.2001428571428571,25.0,26
USR_01840,7,1,1.0,101.0,101.0,19.67,0.9835,10.0,1,0,0.0,1,STU_0093,97.07142857142857,5.9799999999999995,5.564285714285715,4.485714285714286,0.39728571428571424,0.5403945964651292,7,0.1694285714285714,25.0,26
USR_01840,11,1,1.0,3.0,3.0,42.46,1.0,3.0,1,0,0.0,1,STU_0093,82.97142857142858,7.2821428571428575,2.6571428571428575,5.557142857142857,0.22714285714285715,0.5857664554302249,7,0.00114285714285714,25.0,26
USR_01840,12,2,1.0,69.0,105.0,29.950000000000003,0.9792500000000001,6.5,2,2,0.0,2,STU_0093,97.78571428571429,5.368571428571428,5.728571428571429,4.628571428571428,0.48157142857142865,0.5675661697921122,7,0.2544285714285715,25.0,26
USR_01841,1,0,0.0,3.0,3.0,0.0,0.0,3.0,1,0,0.0,1,STU_0140,90.91428571428571,7.085714285714286,2.942857142857143,6.171428571428571,0.28085714285714286,0.5393131182567513,7,,28.0,12
USR_01841,12,0,0.0,11.0,11.0,0.0,0.0,5.0,1,0,1.0,1,STU_0140,101.68571428571428,5.234285714285714,4.814285714285715,4.828571428571428,0.3851428571428571,0.6526520619191475,7,0.14014285714285715,28.0,12
USR_01843,1,0,0.0,6.0,6.0,0.0,0.0,4.0,1,1,1.0,1,STU_0141,20.557142857142857,5.561428571428571,7.542857142857143,1.3142857142857143,0.4238571428571429,0.36893916403836685,7,,34.0,13
USR_01843,5,1,1.0,2.0,2.0,11.33,1.0,1.0,1,0,0.0,1,STU_0141,21.77142857142857,6.121428571428572,7.085714285714286,1.542857142857143,0.38885714285714285,0.3599075576846172,7,0.03328571428571431,34.0,13
USR_01843,13,0,0.0,11.0,11.0,0.0,0.0,6.0,1,0,0.0,1,STU_0141,33.142857142857146,5.591428571428572,6.957142857142857,1.542857142857143,0.42628571428571427,0.39122577318515106,7,-0.17814285714285716,34.0,13
USR_01843,15,0,0.0,1.0,1.0,0.0,0.0,6.0,1,1,0.0,1,STU_0141,37.199999999999996,4.921428571428572,9.457142857142857,1.0,0.5327142857142857,0.3760110369303783,7,-0.0018571428571428905,34.0,13
USR_01862,3,1,1.0,11.0,11.0,8.27,0.827,9.0,1,0,0.0,1,STU_0368,30.014285714285712,4.2299999999999995,9.1,1.0,0.5335714285714286,0.3371002067174686,7,0.07828571428571435,22.0,33
USR_01862,9,1,1.0,4.0,4.0,14.75,0.7375,5.0,1,0,0.0,1,STU_0368,29.228571428571428,5.567142857142857,7.071428571428571,1.7,0.4144285714285715,0.44551935596659936,7,-0.1964285714285714,22.0,33
USR_01869,2,2,1.0,34.0,39.0,27.689999999999998,1.0,3.5,2,1,0.0,2,STU_0064,87.60000000000001,7.252857142857143,3.2285714285714286,5.671428571428572,0.23514285714285715,0.5786673550402288,7,0.0475714285714286,28.0,5
USR_01869,6,2,1.0,58.5,113.0,21.63,0.5,8.0,2,1,0.5,2,STU_0064,79.39999999999999,7.547142857142857,3.1571428571428575,6.457142857142857,0.228,0.5988471369118046,7,-0.012285714285714261,28.0,5
USR_01869,12,1,1.0,2.0,2.0,8.91,0.891,7.0,1,1,0.0,1,STU_0064,97.57142857142857,5.442857142857143,5.8428571428571425,5.142857142857143,0.42528571428571427,0.526974991488333,7,0.1957142857142857,28.0,5
USR_01869,16,1,1.0,63.0,63.0,9.27,0.9269999999999999,6.0,1,0,0.0,1,STU_0064,80.14285714285714,6.095714285714286,5.871428571428572,5.1000000000000005,0.4402857142857143,0.5083808051611186,7,0.007571428571428562,28.0,5
USR_01869,17,1,1.0,11.0,11.0,44.15,1.0,5.0,1,0,1.0,1,STU_0064,86.76428571428572,6.512857142857143,2.7857142857142856,5.914285714285714,0.24285714285714285,0.568506085672274,7,-0.19742857142857143,28.0,5
USR_01877,2,1,1.0,20.0,20.0,15.36,0.768,5.0,1,0,0.0,1,STU_0019,46.68571428571429,6.714285714285714,4.985714285714286,4.085714285714286,0.28914285714285715,0.5414670020257459,7,-0.02314285714285713,39.0,38
USR_01877,4,1,0.5,9.0,12.0,10.86,0.5,7.0,2,1,0.5,2,STU_0019,47.385714285714286,6.258571428571429,4.4714285714285715,4.214285714285714,0.2922857142857143,0.5196165630378831,7,-0.20771428571428568,39.0,38
USR_01877,5,1,1.0,7.0,7.0,19.21,0.9605,3.0,1,0,0.0,1,STU_0019,52.74285714285714,6.424285714285714,5.057142857142857,4.671428571428572,0.3177142857142857,0.4541223763121836,7,0.02542857142857141,39.0,38
USR_01877,11,2,1.0,12.0,13.0,25.580000000000002,0.7605,6.0,2,1,0.0,2,STU_0019,54.0,6.485714285714286,5.228571428571429,3.7714285714285714,0.3242857142857143,0.41598851230630035,7,0.04185714285714287,39.0,38
USR_01877,18,1,1.0,16.0,16.0,11.64,1.0,9.0,1,0,0.0,1,STU_0019,63.1,5.89,6.1,3.7,0.388,0.5015175024326123,1,0.11785714285714288,39.0,38
USR_01878,12,2,1.0,10.0,10.0,41.589999999999996,0.936375,5.5,2,0,0.5,2,STU_0189,93.89999999999999,5.859999999999999,5.457142857142857,4.814285714285715,0.428,0.5809120395132149,7,0.18785714285714283,28.0,22
USR_01878,16,1,0.5,2.5,4.0,16.5,0.4125,9.5,2,1,0.5,2,STU_0189,96.64285714285714,5.17,6.021428571428571,4.257142857142857,0.44571428571428573,0.5486132802564558,7,-0.0007142857142857229,28.0,22
USR_01883,4,1,1.0,21.0,21.0,5.3,1.0,6.0,1,0,0.0,1,STU_0472,25.364285714285717,6.268571428571429,6.685714285714285,1.5285714285714285,0.35000000000000003,0.4280008506938473,7,-0.23142857142857148,21.0,21
USR_01883,7,2,1.0,2.0,3.0,48.019999999999996,0.961375,7.5,2,1,0.5,2,STU_0472,95.89999999999999,4.958571428571429,9.642857142857142,1.0571428571428572,0.5632857142857143,0.33521026629736167,7,0.19628571428571429,21.0,21
USR_01883,8,1,1.0,1.0,1.0,43.86,1.0,5.0,1,0,0.0,1,STU_0472,39.04285714285714,3.9528571428571433,8.942857142857143,1.1,0.5831428571428571,0.3971473735405985,7,0.019857142857142795,21.0,21
USR_01883,10,0,0.0,3.0,3.0,0.0,0.0,3.0,1,1,0.0,1,STU_0472,18.928571428571427,5.607142857142857,6.514285714285714,1.6714285714285713,0.3678571428571429,0.38674265689499415,7,-0.067,21.0,21
USR_01883,13,1,1.0,3.0,3.0,36.57,0.91425,1.0,1,0,1.0,1,STU_0472,26.514285714285712,5.671428571428572,6.785714285714286,1.6142857142857143,0.39842857142857147,0.39924040815326073,7,-0.1747142857142857,21.0,21
USR_01886,1,1,1.0,3.0,3.0,13.64,0.682,5.0,1,0,0.0,1,STU_0293,22.32857142857143,5.967142857142858,7.171428571428572,1.7428571428571427,0.38642857142857145,0.4600376734276011,7,,17.0,27
USR_01886,16,0,0.0,2.0,2.0,0.0,0.0,3.0,1,1,0.0,1,STU_0293,32.41428571428572,4.45,9.257142857142856,1.0,0.5711428571428572,0.4060029153638225,7,-0.0039999999999998925,17.0,27
USR_01886,17,0,0.0,14.0,14.0,0.0,0.0,8.0,1,1,0.0,1,STU_0293,28.0,5.142857142857143,7.5857142857142845,1.0714285714285714,0.44,0.37707623515060107,7,-0.13114285714285717,17.0,27
USR_01899,4,1,1.0,3.0,3.0,37.9,0.9475,6.0,1,0,0.0,1,STU_0308,27.37142857142857,5.665,6.928571428571429,1.5999999999999999,0.3987142857142857,0.4033585302528665,7,-0.18814285714285728,29.0,19
USR_01899,5,0,0.0,4.0,4.0,0.0,0.0,6.0,1,1,0.0,1,STU_0308,34.31428571428571,5.987142857142857,7.742857142857143,1.3714285714285714,0.4428571428571429,0.3638439698447577,7,0.044142857142857206,29.0,19
USR_01899,12,0,0.0,19.0,19.0,0.0,0.0,2.0,1,0,1.0,1,STU_0308,38.114285714285714,4.317142857142857,9.014285714285714,1.1857142857142857,0.5621428571428572,0.328268760223932,7,0.139,29.0,19
USR_01905,1,1,1.0,26.0,26.0,19.57,0.9785,3.0,1,0,0.0,1,STU_0430,22.614285714285717,5.76,7.571428571428571,1.2571428571428573,0.3911428571428571,0.4277837708307667,7,,27.0,35
USR_01922,8,1,1.0,45.0,45.0,9.6,0.96,10.0,1,1,0.0,1,STU_0075,60.971428571428575,5.115,7.371428571428572,3.1285714285714286,0.49000000000000005,0.44056826706739827,7,0.009285714285714342,22.0,24
USR_01922,15,0,0.0,8.0,8.0,0.0,0.0,4.0,1,0,1.0,1,STU_0075,53.542857142857144,5.414285714285714,8.671428571428573,2.2285714285714286,0.49328571428571427,0.3684157655791069,7,-0.0004285714285714448,22.0,24
USR_01930,2,1,1.0,50.0,50.0,18.92,0.9460000000000001,5.0,1,1,0.0,1,STU_0404,54.34285714285714,6.408571428571428,5.785714285714286,3.8857142857142857,0.3394285714285714,0.46581728689290586,7,0.024571428571428522,28.0,6
USR_01930,5,1,0.5,10.5,14.0,40.76,0.5,8.0,2,0,0.5,2,STU_0404,44.614285714285714,6.637142857142857,5.085714285714286,4.171428571428572,0.31042857142857144,0.45289577721016105,7,-0.006571428571428561,28.0,6
USR_01930,11,1,1.0,43.0,43.0,13.75,1.0,9.0,1,0,0.0,1,STU_0404,50.4,6.405714285714285,4.785714285714286,4.6000000000000005,0.34485714285714286,0.49003736979905044,7,0.027142857142857135,28.0,6
USR_01930,14,1,1.0,160.0,160.0,39.62,0.9904999999999999,7.0,1,1,0.0,1,STU_0404,63.542857142857144,5.252857142857144,8.114285714285716,2.3285714285714287,0.5291428571428571,0.43532111371193377,7,0.22699999999999998,28.0,6
USR_01930,15,1,1.0,33.0,33.0,21.39,1.0,9.0,1,1,0.0,1,STU_0404,63.478571428571435,5.022857142857142,7.571428571428571,3.2714285714285714,0.49785714285714283,0.45954833406047585,7,-0.031285714285714306,28.0,6
USR_01930,17,2,1.0,55.5,73.0,66.06,0.99275,5.0,2,1,0.5,2,STU_0404,51.81428571428571,6.227142857142858,4.985714285714286,4.114285714285715,0.3395714285714285,0.42775162105182385,7,-0.1272857142857144,28.0,6
USR_01940,1,1,1.0,8.0,8.0,12.48,1.0,5.0,1,0,1.0,1,STU_0032,25.771428571428572,6.341428571428572,7.685714285714285,1.1857142857142857,0.40114285714285713,0.41095094654649883,7,,30.0,10
USR_01940,6,1,1.0,66.0,66.0,7.11,0.7110000000000001,6.0,1,0,0.0,1,STU_0032,16.042857142857144,5.643571428571429,7.6571428571428575,1.2714285714285716,0.4107142857142857,0.34144477800507733,7,0.03799999999999998,30.0,10
USR_01940,7,1,1.0,136.0,136.0,34.26,0.8564999999999999,6.0,1,0,0.0,1,STU_0032,23.428571428571427,4.643571428571429,8.77142857142857,1.0857142857142856,0.5455714285714286,0.46033930896346453,7,0.1348571428571429,30.0,10
USR_01940,10,1,1.0,7.0,7.0,20.69,1.0,3.0,1,0,0.0,1,STU_0032,17.67142857142857,5.2942857142857145,7.142857142857143,1.2285714285714284,0.40614285714285714,0.38074985898507985,7,0.006714285714285673,30.0,10
USR_01940,13,1,1.0,26.0,26.0,22.65,1.0,5.0,1,0,0.0,1,STU_0032,23.428571428571427,5.481428571428571,7.457142857142857,1.4428571428571428,0.41000000000000003,0.29853693190436736,7,-0.14542857142857135,30.0,10
USR_01940,16,1,1.0,63.0,63.0,14.06,0.7030000000000001,10.0,1,0,1.0,1,STU_0032,25.714285714285715,4.406428571428571,9.5,1.0857142857142856,0.5627142857142857,0.35269968804667556,7,0.016285714285714237,30.0,10
USR_01942,1,0,0.0,15.0,15.0,0.0,0.0,2.0,1,0,1.0,1,STU_0118,24.24285714285714,5.618571428571428,7.171428571428572,1.2428571428571427,0.42242857142857143,0.3720599107973359,7,,22.0,16
USR_01942,16,1,1.0,2.0,2.0,21.29,1.0,9.0,1,0,1.0,1,STU_0118,32.32857142857143,4.964999999999999,9.142857142857142,1.1714285714285713,0.5352857142857143,0.401771322661995,7,-0.04514285714285726,22.0,16
USR_01942,17,0,0.0,3.0,3.0,0.0,0.0,8.0,1,0,0.0,1,STU_0118,82.17142857142856,5.975714285714285,7.628571428571429,1.3285714285714287,0.36371428571428577,0.3350383623183246,7,-0.17157142857142849,22.0,16
USR_01950,5,2,1.0,9.0,14.0,14.739999999999998,0.813,6.0,2,1,0.5,2,STU_0040,55.885714285714286,6.0528571428571425,5.085714285714286,4.257142857142857,0.3291428571428571,0.4781293981334126,7,-0.020571428571428574,20.0,24
USR_01950,9,0,0.0,10.0,10.0,0.0,0.0,4.0,1,0,1.0,1,STU_0040,49.285714285714285,6.257142857142857,4.985714285714286,4.071428571428571,0.308,0.4318468758037398,7,-0.18857142857142856,20.0,24
USR_01950,14,0,0.0,20.0,20.0,0.0,0.0,3.0,1,0,1.0,1,STU_0040,60.785714285714285,4.961428571428572,7.8428571428571425,2.8285714285714287,0.48928571428571427,0.40983343500363023,7,0.11457142857142855,20.0,24
USR_01964,2,1,1.0,17.0,17.0,8.39,0.8390000000000001,10.0,1,0,0.0,1,STU_0441,21.014285714285712,5.9399999999999995,7.514285714285713,1.3,0.4177142857142857,0.3570158427785537,7,0.0035714285714285587,28.0,14
USR_01964,3,1,1.0,3.0,3.0,34.96,0.874,4.0,1,1,0.0,1,STU_0441,39.971428571428575,4.364285714285715,9.614285714285714,1.0714285714285714,0.5884285714285714,0.36709434088157683,7,0.1707142857142857,28.0,14
USR_01964,4,0,0.0,4.0,4.0,0.0,0.0,10.0,1,1,1.0,1,STU_0441,24.12857142857143,5.75,7.042857142857143,1.8,0.39785714285714285,0.39192380090828177,7,-0.19057142857142856,28.0,14
USR_01964,5,1,1.0,1.0,1.0,42.5,1.0,1.0,1,0,0.0,1,STU_0441,29.87142857142857,5.905714285714287,7.3,1.7,0.4257142857142857,0.3931772147060569,7,0.027857142857142858,28.0,14
USR_01964,6,2,1.0,8.0,11.0,45.46,0.972,5.0,2,0,0.5,2,STU_0441,22.47142857142857,5.812857142857142,6.714285714285714,1.1714285714285713,0.38471428571428573,0.3950009118262326,7,-0.04099999999999998,28.0,14
USR_01964,9,0,0.0,3.0,3.0,0.0,0.0,6.0,1,0,1.0,1,STU_0441,22.37142857142857,6.1499999999999995,6.2,2.2857142857142856,0.386,0.38931046864601465,7,-0.18628571428571428,28.0,14
USR_01964,11,0,0.0,1.0,1.0,0.0,0.0,5.0,1,1,1.0,1,STU_0441,29.114285714285717,6.002857142857143,6.614285714285714,2.0,0.3435714285714285,0.3911561058476419,7,-0.03557142857142859,28.0,14
USR_01964,12,0,0.0,6.5,8.0,0.0,0.0,6.0,2,1,0.0,2,STU_0441,43.214285714285715,3.978571428571428,9.185714285714285,1.1285714285714286,0.6188571428571429,0.4581484559575538,7,0.27528571428571436,28.0,14
USR_01964,16,0,0.0,3.0,3.0,0.0,0.0,4.0,1,1,1.0,1,STU_0441,31.62857142857143,5.001428571428571,9.542857142857143,1.3857142857142857,0.5522857142857143,0.35813501937234127,7,-0.01928571428571435,28.0,14
USR_01964,18,0,0.0,3.0,4.0,0.0,0.0,5.0,2,1,0.5,2,STU_0441,24.4,6.17,6.4,1.0,0.246,0.4177517169845676,1,-0.1514285714285714,28.0,14
USR_01967,10,2,1.0,24.0,26.0,6.78,0.678,6.0,2,0,0.0,2,STU_0061,51.15714285714286,7.222857142857143,4.957142857142857,3.857142857142857,0.26785714285714285,0.44871099536440123,7,-0.017428571428571404,18.0,22
USR_01967,11,1,1.0,4.0,4.0,18.24,0.9119999999999999,8.0,1,0,0.0,1,STU_0061,55.699999999999996,6.4314285714285715,4.1,3.9,0.26071428571428573,0.5181925248878928,7,-0.0071428571428571175,18.0,22
USR_01968,13,0,0.0,2.0,2.0,0.0,0.0,5.0,1,0,0.0,1,STU_0172,51.285714285714285,6.798571428571429,4.8428571428571425,4.285714285714286,0.2935714285714286,0.5303974019266505,7,-0.17942857142857138,33.0,34
USR_01968,14,1,1.0,2.0,2.0,46.02,1.0,6.0,1,0,0.0,1,STU_0172,79.75714285714285,5.117142857142857,7.5,2.7285714285714286,0.5001428571428572,0.5098388913848887,7,0.20657142857142863,33.0,34
USR_01968,16,1,1.0,3.0,3.0,44.63,1.0,8.0,1,0,1.0,1,STU_0172,68.31428571428572,5.202857142857143,7.242857142857143,2.585714285714286,0.4707142857142857,0.45432543651503254,7,-0.016142857142857125,33.0,34
USR_01992,6,1,1.0,1.0,1.0,18.84,0.942,9.0,1,0,1.0,1,STU_0475,64.32857142857144,5.244285714285715,7.328571428571428,1.0,0.489,0.45754091369837024,7,-0.07585714285714285,27.0,7
USR_01992,9,2,1.0,25.0,27.0,80.18,0.989125,6.0,2,1,0.0,2,STU_0475,66.32857142857144,5.148571428571429,8.200000000000001,1.1142857142857143,0.5055714285714286,0.4123460109084407,7,-0.16242857142857148,27.0,7
USR_01992,17,1,1.0,22.0,22.0,22.12,1.0,1.0,1,0,0.0,1,STU_0475,70.0,5.3585714285714285,8.328571428571427,1.1285714285714286,0.5372857142857143,0.39377981275570206,7,-0.14014285714285712,27.0,7
USR_01992,18,0,0.0,65.0,65.0,0.0,0.0,2.0,1,0,1.0,1,STU_0475,60.9,3.87,9.1,1.0,0.564,0.2287147351290025,1,0.02671428571428569,27.0,7
USR_01993,8,1,1.0,8.0,8.0,8.99,0.899,4.0,1,1,0.0,1,STU_0348,28.228571428571428,5.041428571428571,9.028571428571428,1.0,0.5124285714285713,0.29785194150865435,7,-0.07914285714285718,39.0,21
USR_01993,9,1,1.0,8.0,8.0,39.79,0.99475,5.0,1,0,1.0,1,STU_0348,24.37142857142857,6.04,6.5,1.7142857142857142,0.38957142857142857,0.42119568760010756,7,-0.12285714285714278,39.0,21
USR_01993,10,0,0.0,10.0,10.0,0.0,0.0,5.0,1,0,1.0,1,STU_0348,26.599999999999998,5.195714285714286,7.371428571428572,1.3857142857142857,0.4564285714285714,0.36765638563142605,7,0.06685714285714284,39.0,21
USR_02002,4,1,1.0,1.0,1.0,19.26,0.9630000000000001,9.0,1,0,0.0,1,STU_0062,53.642857142857146,6.564285714285715,5.3999999999999995,3.857142857142857,0.3311428571428571,0.5246035694506769,7,-0.13457142857142862,26.0,29
USR_02002,6,1,1.0,4.0,4.0,18.93,0.9465,5.0,1,0,1.0,1,STU_0062,53.457142857142856,6.257142857142857,5.2,4.628571428571428,0.35914285714285715,0.43312233810053474,7,0.02342857142857141,26.0,29
USR_02002,11,1,1.0,72.0,72.0,16.01,1.0,1.0,1,1,0.0,1,STU_0062,43.98571428571428,6.557142857142857,5.542857142857143,3.7142857142857144,0.30442857142857144,0.49444466326246495,7,-0.009428571428571453,26.0,29
USR_02002,12,1,1.0,20.0,20.0,43.66,1.0,1.0,1,0,0.0,1,STU_0062,58.58571428571429,5.395714285714285,6.714285714285714,3.7285714285714286,0.4757142857142857,0.4628558470335461,7,0.17128571428571426,26.0,29
USR_02002,16,1,1.0,27.0,27.0,2.11,0.422,6.0,1,0,1.0,1,STU_0062,63.08571428571429,5.4399999999999995,7.0,3.4714285714285715,0.43385714285714283,0.4708129288344537,7,-0.011142857142857177,26.0,29
USR_02002,18,1,1.0,30.0,30.0,24.43,1.0,8.0,1,1,0.0,1,STU_0062,64.5,7.78,7.3,1.0,0.421,0.2227435876764194,1,0.11714285714285716,26.0,29
USR_02013,3,1,1.0,34.0,34.0,18.13,0.9065,9.0,1,0,1.0,1,STU_0486,34.75714285714286,4.564285714285715,9.514285714285714,1.0,0.5977142857142858,0.33619053048770103,7,0.22185714285714292,27.0,96
USR_02013,14,2,1.0,28.5,33.0,17.58,1.0,3.5,2,1,0.5,2,STU_0486,31.37857142857143,4.46,9.857142857142858,1.4428571428571428,0.5648571428571428,0.3419695957414102,7,0.1894285714285714,27.0,96
USR_02025,1,1,1.0,2.0,2.0,18.61,0.9305,7.0,1,0,1.0,1,STU_0038,20.900000000000002,6.168571428571428,7.1571428571428575,1.7,0.37700000000000006,0.3623463999326963,7,,32.0,14
USR_02025,9,1,1.0,21.0,21.0,2.39,0.47800000000000004,6.0,1,0,1.0,1,STU_0038,19.385714285714283,5.564285714285715,7.514285714285714,1.4000000000000001,0.4287142857142857,0.3331530841403521,7,-0.12942857142857145,32.0,14
USR_02025,11,0,0.0,1.0,1.0,0.0,0.0,8.0,1,0,1.0,1,STU_0038,18.75714285714286,5.607142857142857,7.014285714285714,1.2714285714285716,0.3992857142857143,0.329959331561982,7,-0.022714285714285742,32.0,14
USR_02025,14,0,0.0,1.0,1.0,0.0,0.0,1.0,1,0,0.0,1,STU_0038,44.0,3.6785714285714284,9.37142857142857,1.1285714285714286,0.5918571428571429,0.3517812219016016,7,0.20728571428571424,32.0,14
USR_02026,10,1,1.0,1.0,1.0,13.47,0.6735,5.0,1,0,1.0,1,STU_0080,176.52857142857144,6.601428571428571,5.471428571428571,3.5142857142857147,0.34528571428571425,0.4628197291201149,7,0.01571428571428568,30.0,19
USR_02026,13,1,1.0,2.0,2.0,49.8,1.0,4.0,1,0,1.0,1,STU_0080,45.614285714285714,6.765714285714286,5.014285714285714,3.942857142857143,0.2845714285714286,0.5014508641407356,7,-0.18971428571428567,30.0,19
USR_02030,13,1,1.0,3.0,3.0,7.25,1.0,6.0,1,0,1.0,1,STU_0469,23.428571428571427,5.8342857142857145,6.771428571428571,1.4857142857142858,0.38085714285714284,0.4313448912236039,7,-0.20014285714285723,20.0,39
USR_02030,18,1,1.0,6.0,6.0,24.87,1.0,5.0,1,0,0.0,1,STU_0469,14.0,5.23,7.6,1.0,0.41,0.2081046679748561,1,0.052857142857142825,20.0,39
USR_02031,3,2,1.0,66.0,128.0,35.12,0.9582499999999999,8.0,2,1,0.5,2,STU_0357,83.42857142857143,5.974285714285714,4.585714285714286,5.5,0.40114285714285713,0.5443122444915818,7,0.177,27.0,26
USR_02031,7,1,1.0,25.0,25.0,9.61,0.961,8.0,1,0,0.0,1,STU_0357,91.47142857142856,5.528571428571429,5.385714285714286,4.314285714285714,0.4115714285714286,0.49482126687915723,7,0.16142857142857148,27.0,26
USR_02031,16,0,0.0,7.0,7.0,0.0,0.0,5.0,1,1,0.0,1,STU_0357,83.62857142857142,5.632857142857143,4.985714285714286,4.671428571428572,0.3977142857142857,0.538398455801383,7,0.0387142857142857,27.0,26
USR_02046,5,0,0.0,27.0,27.0,0.0,0.0,5.0,1,0,1.0,1,STU_0230,11.785714285714286,5.452857142857143,7.1,1.6142857142857143,0.39671428571428574,0.39735171801193275,7,0.007428571428571451,16.0,11
USR_02046,6,0,0.0,2.0,2.0,0.0,0.0,6.0,1,0,0.0,1,STU_0230,28.52857142857143,6.011428571428572,7.642857142857143,1.542857142857143,0.4104285714285715,0.39779463837371776,7,0.013714285714285734,16.0,11
USR_02046,7,1,1.0,1.0,1.0,13.61,1.0,9.0,1,1,0.0,1,STU_0230,39.885714285714286,4.01,8.928571428571429,1.1428571428571428,0.6025714285714285,0.3853515874760442,7,0.19214285714285706,16.0,11
USR_02046,10,0,0.0,4.0,4.0,0.0,0.0,6.0,1,0,0.0,1,STU_0230,22.571428571428573,5.308571428571428,6.614285714285714,1.157142857142857,0.41028571428571425,0.36774004140824246,7,0.019714285714285684,16.0,11
USR_02070,1,1,1.0,4.0,4.0,48.9,1.0,8.0,1,0,0.0,1,STU_0218,46.9,6.535714285714286,5.314285714285715,3.7285714285714286,0.32242857142857145,0.5252649067814892,7,,10.0,23
USR_02070,9,1,1.0,7.0,7.0,11.52,1.0,10.0,1,0,0.0,1,STU_0218,45.55714285714286,6.602142857142857,4.271428571428571,3.257142857142857,0.2784285714285714,0.4624682003551734,7,-0.15642857142857147,10.0,23
USR_02070,15,0,0.0,1.0,1.0,0.0,0.0,4.0,1,0,1.0,1,STU_0218,69.55714285714285,5.1621428571428565,7.628571428571428,3.0,0.48328571428571426,0.45125342903767096,7,-0.0052857142857142825,10.0,23
USR_02084,8,1,1.0,37.0,37.0,13.54,0.6769999999999999,6.0,1,0,1.0,1,STU_0346,38.51428571428572,4.702857142857143,9.528571428571428,1.0285714285714287,0.5702857142857143,0.38567541057876087,7,-0.007714285714285785,22.0,31
USR_02084,9,1,1.0,205.0,205.0,38.41,0.9602499999999999,9.0,1,1,1.0,1,STU_0346,85.25714285714285,6.038571428571428,6.7,1.3,0.3628571428571429,0.4638893222823849,7,-0.2074285714285714,22.0,31
USR_02084,10,1,1.0,190.0,190.0,22.33,1.0,2.0,1,0,0.0,1,STU_0346,29.442857142857143,5.777142857142857,7.285714285714286,1.1857142857142857,0.4144285714285714,0.4063727435283938,7,0.051571428571428546,22.0,31
USR_02084,12,1,1.0,26.0,26.0,41.86,1.0,5.0,1,0,1.0,1,STU_0346,34.871428571428574,4.38,9.142857142857142,1.0,0.5714285714285714,0.35916314066092964,7,0.18328571428571422,22.0,31
USR_02084,13,1,1.0,15.0,15.0,10.33,1.0,6.0,1,0,1.0,1,STU_0346,26.185714285714287,5.854285714285715,7.385714285714286,1.5,0.42371428571428565,0.45231598606868617,7,-0.14771428571428574,22.0,31
USR_02084,15,0,0.0,44.0,44.0,0.0,0.0,7.0,1,0,0.0,1,STU_0346,30.485714285714284,4.448571428571428,8.914285714285715,1.042857142857143,0.5415714285714286,0.3635479436919274,7,-0.05071428571428571,22.0,31
USR_02084,16,1,1.0,157.0,157.0,13.64,1.0,10.0,1,0,0.0,1,STU_0346,36.785714285714285,4.742857142857143,9.62857142857143,1.0,0.5617142857142857,0.3162507994825553,7,0.02014285714285713,22.0,31
USR_02090,5,2,1.0,6.5,11.0,19.990000000000002,0.597,9.5,2,1,0.5,2,STU_0246,45.471428571428575,6.585714285714286,5.242857142857143,3.5,0.29942857142857143,0.5077656251689052,7,-0.020999999999999963,29.0,1
USR_02090,17,0,0.0,2.0,2.0,0.0,0.0,5.0,1,0,0.0,1,STU_0246,54.9,6.888571428571429,4.6571428571428575,5.2,0.27314285714285713,0.49202067941629707,7,-0.26342857142857146,29.0,1
USR_02096,3,1,1.0,5.0,5.0,7.96,0.796,6.0,1,1,0.0,1,STU_0338,66.10000000000001,4.795714285714285,6.785714285714286,2.8714285714285714,0.5018571428571429,0.47441169127424043,7,0.13128571428571434,20.0,11
USR_02096,12,1,1.0,7.0,7.0,9.72,0.9720000000000001,1.0,1,1,1.0,1,STU_0338,68.98571428571428,4.854285714285714,6.414285714285714,3.6571428571428575,0.4864285714285714,0.46257072700391905,7,0.20071428571428568,20.0,11
USR_02096,15,1,1.0,10.0,10.0,40.19,1.0,4.0,1,1,0.0,1,STU_0338,59.114285714285714,5.235714285714286,7.585714285714286,2.457142857142857,0.45785714285714285,0.36841544083892874,7,-0.01871428571428574,20.0,11
USR_02097,12,1,1.0,15.0,15.0,19.42,0.9710000000000001,1.0,1,1,0.0,1,STU_0039,32.714285714285715,3.954285714285714,10.0,1.0,0.6251428571428571,0.3626386628381681,7,0.2128571428571428,19.0,22
USR_02097,13,0,0.0,20.0,20.0,0.0,0.0,7.0,1,1,1.0,1,STU_0039,33.5,5.687142857142858,6.8,1.6,0.3984285714285714,0.3799166365838735,7,-0.2267142857142857,19.0,22
USR_02098,4,1,1.0,5.0,5.0,20.17,1.0,1.0,1,0,1.0,1,STU_0136,81.31428571428572,6.558571428571428,3.042857142857143,6.385714285714286,0.2745714285714286,0.5497039780399537,7,-0.14357142857142857,26.0,18
USR_02098,5,0,0.0,52.0,52.0,0.0,0.0,5.0,1,0,1.0,1,STU_0136,90.78571428571429,7.451428571428571,2.5,6.057142857142857,0.27471428571428574,0.5634128213255213,7,0.00014285714285716677,26.0,18
USR_02098,17,0,0.0,11.0,11.0,0.0,0.0,2.0,1,1,1.0,1,STU_0136,89.39999999999999,7.03,2.9285714285714284,5.585714285714286,0.24757142857142858,0.5195437581495667,7,-0.20857142857142855,26.0,18
USR_02112,15,0,0.0,15.0,15.0,0.0,0.0,5.0,1,0,0.0,1,STU_0457,60.785714285714285,5.228571428571429,7.385714285714286,2.5142857142857147,0.4855714285714286,0.3750596325568661,7,-0.010142857142857065,38.0,6
USR_02112,17,1,1.0,26.0,26.0,22.41,1.0,5.0,1,0,0.0,1,STU_0457,48.228571428571435,6.414285714285714,5.557142857142857,3.7,0.3705714285714286,0.41522182666519397,7,-0.12071428571428566,38.0,6
USR_02113,1,1,0.5,39.0,69.0,8.0,0.4,5.0,2,1,0.0,2,STU_0157,58.642857142857146,4.761428571428572,9.085714285714285,1.0,0.5702857142857143,0.45489830822747696,7,,31.0,38
USR_02113,4,2,1.0,15.5,21.0,54.57,0.893625,1.0,2,1,0.5,2,STU_0157,63.028571428571425,5.068571428571429,7.757142857142857,1.0285714285714287,0.5138571428571429,0.4085909178823934,7,-0.1388571428571428,31.0,38
USR_02113,7,0,0.0,3.0,3.0,0.0,0.0,5.0,1,0,0.0,1,STU_0157,73.32857142857142,3.6714285714285713,9.885714285714286,1.0,0.6724285714285714,0.42586699314494936,7,0.15614285714285714,31.0,38
USR_02113,10,1,1.0,6.0,6.0,3.91,0.782,6.0,1,0,0.0,1,STU_0157,61.728571428571435,4.401428571428571,7.557142857142857,1.1714285714285713,0.5418571428571429,0.4185599357564196,7,-0.009999999999999898,31.0,38
USR_02113,13,1,1.0,36.0,36.0,0.0,0.0,8.0,1,0,1.0,1,STU_0157,66.48571428571428,5.148571428571429,7.557142857142857,1.3285714285714287,0.48628571428571427,0.4241973136548159,7,-0.15585714285714286,31.0,38
USR_02113,15,1,1.0,54.0,54.0,20.17,1.0,5.0,1,0,0.0,1,STU_0157,71.11428571428571,3.315714285714286,9.62857142857143,1.0,0.6702857142857143,0.3927804526980088,7,0.0011428571428571122,31.0,38
USR_02114,4,1,1.0,55.0,55.0,9.86,0.986,2.0,1,0,1.0,1,STU_0376,27.614285714285717,5.937142857142858,6.971428571428571,1.4857142857142858,0.3954285714285714,0.4612255178695732,7,-0.18842857142857145,34.0,57
USR_02114,8,1,1.0,235.0,235.0,22.61,1.0,9.0,1,0,1.0,1,STU_0376,28.12857142857143,4.802857142857143,9.028571428571428,1.1285714285714286,0.5641428571428572,0.4086085083043495,7,-0.029999999999999916,34.0,57
USR_02114,15,1,1.0,26.0,26.0,40.05,1.0,5.0,1,0,1.0,1,STU_0376,40.4,4.464285714285714,9.257142857142856,1.1714285714285713,0.5945714285714285,0.372777996202286,7,-0.025428571428571467,34.0,57
USR_02114,17,1,1.0,11.0,11.0,20.78,1.0,6.0,1,1,0.0,1,STU_0376,25.571428571428573,6.042857142857143,6.871428571428571,1.2142857142857142,0.41328571428571426,0.4176569659541226,7,-0.1398571428571429,34.0,57
USR_02115,3,0,0.0,23.0,23.0,0.0,0.0,7.0,1,0,1.0,1,STU_0142,33.18571428571429,4.397142857142857,9.228571428571428,1.157142857142857,0.5175714285714286,0.34044453487756393,7,0.05485714285714288,21.0,17
USR_02115,4,1,1.0,23.0,23.0,12.56,1.0,9.0,1,0,1.0,1,STU_0142,21.17142857142857,6.0200000000000005,7.471428571428571,1.4000000000000001,0.4027142857142857,0.37889987896575583,7,-0.11485714285714288,21.0,17
USR_02115,5,0,0.0,11.5,21.0,0.0,0.0,6.0,1,0,0.0,2,STU_0142,33.9,5.8999999999999995,7.742857142857143,1.3,0.46499999999999997,0.35279087825965183,7,0.06228571428571428,21.0,17
USR_02125,7,2,1.0,69.5,97.0,10.68,0.534,8.5,2,1,0.5,2,STU_0123,69.6,3.6457142857142855,9.85,1.0,0.6695714285714286,0.45134685430789684,7,0.1948571428571429,31.0,93
USR_02125,9,1,1.0,18.0,18.0,21.77,1.0,3.0,1,0,0.0,1,STU_0123,57.028571428571425,4.877142857142857,8.049999999999999,1.0857142857142856,0.4865714285714286,0.39098951156124934,7,-0.19328571428571434,31.0,93
USR_02125,11,1,0.5,50.5,88.0,15.81,0.39525,6.0,2,1,0.0,2,STU_0123,65.32857142857144,4.918571428571428,8.257142857142856,1.0,0.5304285714285715,0.40366262555501053,7,0.025142857142857244,31.0,93
USR_02125,14,3,1.0,23.666666666666668,57.0,36.27,0.7933333333333333,3.3333333333333335,3,1,0.6666666666666666,3,STU_0123,67.1,3.7985714285714285,9.62142857142857,1.0,0.6405714285714286,0.3509621866005633,7,0.12457142857142856,31.0,93
USR_02125,16,1,1.0,102.0,102.0,15.83,0.7915,6.0,1,0,0.0,1,STU_0123,74.88571428571429,3.3785714285714286,9.657142857142857,1.0,0.6859999999999999,0.518264886677912,7,0.041000000000000036,31.0,93
USR_02125,17,0,0.0,80.0,80.0,0.0,0.0,3.0,1,0,0.0,1,STU_0123,66.35714285714286,5.145714285714285,7.828571428571429,1.042857142857143,0.492,0.40872670181406656,7,-0.19399999999999995,31.0,93
USR_02125,18,2,1.0,112.5,171.0,57.480000000000004,0.9421250000000001,4.0,2,1,0.0,2,STU_0123,73.0,5.83,8.3,1.9,0.558,0.2552769300315719,1,0.06600000000000006,31.0,93
USR_02133,12,0,0.0,5.0,5.0,0.0,0.0,8.0,1,0,0.0,1,STU_0041,30.37142857142857,4.702857142857143,8.657142857142857,1.0285714285714287,0.53,0.3166803226677744,7,0.13000000000000006,20.0,14
USR_02133,17,1,0.5,6.5,9.0,6.55,0.3275,8.0,2,1,0.0,2,STU_0041,21.75714285714286,5.841428571428572,7.042857142857143,1.3714285714285714,0.41514285714285715,0.3375723077624014,7,-0.18471428571428572,20.0,14
USR_02133,18,2,1.0,4.0,5.0,30.549999999999997,1.0,5.5,1,2,0.0,2,STU_0041,42.8,5.98,6.8,1.0,0.398,0.4769971475273695,1,-0.017142857142857126,20.0,14
USR_02145,2,0,0.0,4.0,4.0,0.0,0.0,9.0,1,0,0.0,1,STU_0023,25.02857142857143,5.412857142857143,7.371428571428572,1.4000000000000001,0.4152857142857143,0.375168171669307,7,0.020142857142857185,31.0,7
USR_02145,15,0,0.0,9.0,9.0,0.0,0.0,9.0,1,0,0.0,1,STU_0023,27.728571428571428,3.79,8.942857142857143,1.042857142857143,0.5607142857142857,0.3712837420131751,7,-0.0505714285714286,31.0,7
USR_02145,18,1,1.0,6.0,6.0,43.07,1.0,3.0,1,0,1.0,1,STU_0023,19.9,6.33,8.1,1.7,0.349,0.3689140999582636,1,-0.03385714285714292,31.0,7
USR_02152,5,2,1.0,21.5,26.0,33.69,0.9395,5.0,2,1,0.5,2,STU_0166,45.48571428571428,5.727142857142858,5.428571428571429,3.6285714285714286,0.32385714285714284,0.4890881247888177,7,-0.0034285714285714475,16.0,20
USR_02152,12,1,1.0,57.0,57.0,41.58,1.0,7.0,1,0,0.0,1,STU_0166,58.91428571428571,4.987142857142857,7.3428571428571425,2.9,0.5252857142857142,0.4218143742854949,7,0.1974285714285714,16.0,20
USR_02152,16,1,1.0,35.0,35.0,11.98,1.0,4.0,1,0,0.0,1,STU_0166,63.542857142857144,5.468571428571429,6.871428571428572,2.8428571428571425,0.44742857142857145,0.46089201189639045,7,-0.0798571428571428,16.0,20
USR_02152,17,1,1.0,40.0,40.0,18.66,0.933,5.0,1,0,0.0,1,STU_0166,61.31428571428571,6.244285714285715,5.214285714285714,3.085714285714286,0.33999999999999997,0.4568102497801513,7,-0.10742857142857148,16.0,20
USR_02152,18,1,1.0,14.0,14.0,38.89,0.9722500000000001,8.0,1,1,0.0,1,STU_0166,62.7,5.865,3.4,3.6,0.416,0.5668406679663214,1,0.07600000000000001,16.0,20
USR_02154,11,1,1.0,11.0,11.0,23.05,1.0,4.0,1,1,1.0,1,STU_0435,61.0,4.744285714285715,8.242857142857144,1.0,0.5397142857142857,0.44511488715517394,7,0.07928571428571429,28.0,15
USR_02154,12,1,1.0,14.0,14.0,37.62,0.9404999999999999,1.0,1,0,0.0,1,STU_0435,73.68571428571428,3.7614285714285716,9.771428571428572,1.0857142857142856,0.6774285714285714,0.4588601012127192,7,0.13771428571428568,28.0,15
USR_02154,15,0,0.0,7.0,9.0,0.0,0.0,1.0,2,1,1.0,2,STU_0435,74.07142857142857,3.44,9.785714285714286,1.0,0.690857142857143,0.43582983726082736,7,-0.001571428571428446,28.0,15
USR_02156,2,1,1.0,3.0,3.0,21.19,1.0,5.0,1,1,1.0,1,STU_0345,43.24285714285714,6.53,5.742857142857143,3.3428571428571425,0.33085714285714285,0.42463661076949216,7,0.010000000000000009,28.0,22
USR_02156,5,1,1.0,17.0,17.0,44.32,1.0,5.0,1,1,1.0,1,STU_0345,46.65714285714286,6.833571428571429,5.228571428571429,3.9857142857142853,0.3172857142857143,0.4779630239633778,7,0.0032857142857142807,28.0,22
USR_02156,12,2,0.5,74.25,136.0,63.87,0.5,3.25,2,1,0.0,4,STU_0345,59.05714285714286,5.099285714285714,7.1000000000000005,2.642857142857143,0.5011428571428571,0.42550282551840585,7,0.18357142857142855,28.0,22
USR_02156,15,1,1.0,127.0,127.0,6.27,0.3135,5.0,1,0,0.0,1,STU_0345,52.37142857142857,5.277142857142857,6.785714285714286,2.3285714285714287,0.4774285714285714,0.4132219122565872,7,0.004285714285714226,28.0,22
USR_02156,16,1,1.0,26.0,26.0,42.29,1.0,5.0,1,0,0.0,1,STU_0345,62.785714285714285,4.684285714285714,7.557142857142857,3.3857142857142857,0.5174285714285715,0.4193131701159013,7,0.040000000000000036,28.0,22
USR_02164,1,1,1.0,1.0,1.0,10.67,1.0,2.0,1,0,1.0,1,STU_0266,88.62857142857142,7.557142857142857,2.7142857142857144,6.757142857142857,0.2144285714285714,0.5449839629710033,7,,19.0,1
USR_02164,5,1,1.0,6.0,6.0,5.87,1.0,4.0,1,0,0.0,1,STU_0266,78.14285714285714,7.444285714285714,3.314285714285714,5.171428571428572,0.21457142857142858,0.5398319852413643,7,-0.08185714285714285,19.0,1
USR_02164,6,0,0.0,24.0,24.0,0.0,0.0,10.0,1,1,0.0,1,STU_0266,94.64285714285714,7.126428571428571,3.242857142857143,5.357142857142857,0.25314285714285717,0.5741793701783757,7,0.03857142857142859,19.0,1
USR_02164,13,1,1.0,2.0,2.0,40.67,1.0,5.0,1,0,0.0,1,STU_0266,96.55714285714285,7.244285714285715,3.442857142857143,5.185714285714285,0.25514285714285717,0.6491189315178721,7,-0.1791428571428571,19.0,1
USR_02164,16,1,1.0,7.0,7.0,39.12,0.978,5.0,1,0,0.0,1,STU_0266,92.32857142857142,6.005714285714285,5.3428571428571425,4.357142857142857,0.424,0.5492965609383383,7,-0.02971428571428575,19.0,1
USR_02164,17,2,1.0,7.0,11.0,38.95,0.921,3.0,2,0,0.5,2,STU_0266,81.32857142857142,6.900714285714286,3.414285714285714,5.257142857142857,0.24214285714285716,0.5983530827922429,7,-0.18185714285714283,19.0,1
USR_02165,4,0,0.0,15.0,15.0,0.0,0.0,3.0,1,1,0.0,1,STU_0095,49.68571428571429,5.95,4.357142857142857,4.057142857142857,0.30242857142857144,0.5038092186147919,7,-0.1562857142857143,24.0,2
USR_02165,16,0,0.0,1.0,1.0,0.0,0.0,6.0,1,0,1.0,1,STU_0095,58.48571428571429,4.945,7.057142857142857,3.242857142857143,0.496,0.39106658748879725,7,0.05299999999999999,24.0,2
USR_02165,17,1,1.0,4.0,4.0,18.12,0.906,5.0,1,0,0.0,1,STU_0095,51.6,6.467142857142858,4.2,4.014285714285714,0.31742857142857145,0.5781785211766776,7,-0.17857142857142855,24.0,2
USR_02165,18,1,1.0,2.0,2.0,0.0,0.0,1.0,1,0,0.0,1,STU_0095,51.6,6.47,4.7,3.6,0.178,0.5384303161608671,1,-0.13942857142857146,24.0,2
USR_02167,5,0,0.0,11.0,11.0,0.0,0.0,5.0,1,0,0.0,1,STU_0310,33.65714285714286,5.774285714285715,7.307142857142857,1.8,0.35457142857142854,0.47708456734038374,7,-0.10642857142857143,23.0,14
USR_02167,11,1,1.0,8.0,8.0,22.74,1.0,4.0,1,0,0.0,1,STU_0310,18.085714285714285,5.3950000000000005,6.928571428571429,2.0285714285714285,0.367,0.44760256025821443,7,-0.03514285714285714,23.0,14
USR_02167,12,1,1.0,10.0,10.0,10.13,1.0,6.0,1,1,1.0,1,STU_0310,42.17857142857143,4.647142857142858,9.742857142857144,1.0,0.5561428571428572,0.3807411998700791,7,0.18914285714285717,23.0,14
USR_02167,16,0,0.0,14.0,14.0,0.0,0.0,10.0,1,0,0.0,1,STU_0310,30.457142857142856,3.942857142857143,8.757142857142856,1.1285714285714286,0.5862857142857143,0.3392398068922047,7,0.011142857142857232,23.0,14
USR_02168,3,2,1.0,7.5,10.0,33.17,1.0,6.5,2,2,0.0,2,STU_0198,57.25714285714286,4.7542857142857144,7.242857142857143,3.6571428571428575,0.45557142857142857,0.43547800380943313,7,0.11842857142857144,28.0,32
USR_02168,6,1,1.0,11.0,11.0,37.84,0.9460000000000001,3.0,1,1,0.0,1,STU_0198,48.74285714285714,6.414285714285714,4.8,3.6,0.34299999999999997,0.48858520987541026,7,0.016142857142857125,28.0,32
USR_02168,7,1,1.0,110.0,110.0,7.21,1.0,8.0,1,1,0.0,1,STU_0198,55.48571428571428,4.737142857142857,6.814285714285715,3.357142857142857,0.5014285714285714,0.4827788290967382,7,0.15842857142857147,28.0,32
USR_02168,17,1,1.0,30.0,30.0,21.0,1.0,2.0,1,1,0.0,1,STU_0198,47.05714285714286,6.382857142857143,5.0,3.742857142857143,0.3321428571428572,0.45672171483575374,7,-0.17999999999999994,28.0,32
USR_02175,2,0,0.0,3.0,3.0,0.0,0.0,7.0,1,1,0.0,1,STU_0020,41.07142857142857,6.622142857142857,5.757142857142857,3.814285714285714,0.3092857142857143,0.4319445320816319,7,-0.03557142857142859,34.0,28
USR_02175,4,1,1.0,30.0,30.0,13.31,1.0,7.0,1,0,0.0,1,STU_0020,58.371428571428574,6.210714285714286,5.128571428571428,3.4714285714285715,0.342,0.5027720117624591,7,-0.17142857142857143,34.0,28
USR_02175,7,0,0.0,42.0,42.0,0.0,0.0,8.0,1,0,1.0,1,STU_0020,67.95714285714286,4.96,7.485714285714286,2.942857142857143,0.47800000000000004,0.4623829437207497,7,0.20600000000000007,34.0,28
USR_02175,8,1,1.0,63.0,63.0,45.5,1.0,10.0,1,0,0.0,1,STU_0020,52.285714285714285,5.282857142857144,7.357142857142857,2.7285714285714286,0.4678571428571429,0.3952087323136858,7,-0.01014285714285712,34.0,28
USR_02175,12,1,1.0,100.0,100.0,0.0,0.0,2.0,1,0,0.0,1,STU_0020,66.3,4.97,7.128571428571428,3.0142857142857147,0.48314285714285715,0.518006689332805,7,0.18714285714285717,34.0,28
USR_02175,15,1,1.0,44.0,44.0,44.29,1.0,10.0,1,0,1.0,1,STU_0020,61.55714285714286,5.099285714285714,6.8428571428571425,3.3428571428571425,0.47271428571428575,0.5061609824559757,7,0.007714285714285785,34.0,28
USR_02175,17,1,1.0,50.0,50.0,40.48,1.0,9.0,1,0,1.0,1,STU_0020,51.714285714285715,6.385714285714286,3.9714285714285715,4.442857142857143,0.2282857142857143,0.4746542214564278,7,-0.19785714285714287,34.0,28
USR_02175,18,0,0.0,17.0,17.0,0.0,0.0,10.0,1,1,1.0,1,STU_0020,48.1,7.32,7.3,1.3,0.445,0.6070027163705664,1,0.21671428571428572,34.0,28
USR_02176,8,1,1.0,13.0,13.0,19.99,0.9994999999999999,5.0,1,0,1.0,1,STU_0386,63.08571428571429,4.848571428571428,7.557142857142857,3.2714285714285714,0.4747142857142857,0.4384015508206267,7,-0.005714285714285727,34.0,21
USR_02176,9,0,0.0,12.0,12.0,0.0,0.0,1.0,1,0,1.0,1,STU_0386,48.457142857142856,6.251428571428571,4.8428571428571425,3.442857142857143,0.3505714285714286,0.48224343830176136,7,-0.12414285714285711,34.0,21
USR_02176,13,1,1.0,48.0,48.0,19.91,0.9955,6.0,1,0,0.0,1,STU_0386,47.728571428571435,6.465714285714285,5.321428571428571,3.857142857142857,0.36128571428571427,0.4798819341697807,7,-0.1592857142857143,34.0,21
USR_02176,14,0,0.0,4.0,4.0,0.0,0.0,1.0,1,0,0.0,1,STU_0386,61.114285714285714,4.728571428571429,6.385714285714286,3.8142857142857145,0.4532857142857143,0.47914180670741374,7,0.09200000000000003,34.0,21
USR_02187,5,1,1.0,89.0,89.0,23.4,1.0,7.0,1,0,1.0,1,STU_0104,23.657142857142855,5.714285714285714,7.1000000000000005,1.5142857142857142,0.417,0.4021632673403225,7,-0.0035714285714285587,27.0,87
USR_02187,8,1,1.0,78.0,78.0,12.17,1.0,6.0,1,1,0.0,1,STU_0104,30.457142857142856,4.454285714285715,9.542857142857143,1.042857142857143,0.5905714285714286,0.3835866216994515,7,0.0357142857142857,27.0,87
USR_02187,9,1,1.0,326.0,326.0,8.64,0.8640000000000001,6.0,1,1,1.0,1,STU_0104,22.885714285714283,5.7542857142857144,8.014285714285714,1.3,0.416,0.4271342576070324,7,-0.17457142857142866,27.0,87
USR_02187,13,1,1.0,3.0,3.0,16.33,0.8164999999999999,5.0,1,1,0.0,1,STU_0104,18.285714285714285,5.857142857142857,7.057142857142857,1.7142857142857142,0.4164285714285714,0.3374001612497449,7,-0.1174285714285715,27.0,87
USR_02187,14,1,1.0,189.0,189.0,0.0,0.0,4.0,1,1,1.0,1,STU_0104,36.08571428571428,4.502857142857143,9.257142857142856,1.042857142857143,0.5549999999999999,0.4187173984543699,7,0.1385714285714285,27.0,87
USR_02187,15,1,1.0,305.0,305.0,43.07,1.0,8.0,1,0,0.0,1,STU_0104,45.82857142857143,3.867142857142857,9.085714285714285,1.0,0.5698571428571428,0.42783710291230254,7,0.014857142857142902,27.0,87
USR_02191,3,1,1.0,3.0,3.0,3.8,0.76,4.0,1,0,0.0,1,STU_0226,66.77142857142857,4.577142857142857,7.985714285714286,2.6999999999999997,0.5484285714285715,0.4283846301052727,7,0.19828571428571434,18.0,37
USR_02191,4,1,0.5,1.0,1.0,18.95,0.47375,6.0,2,1,0.0,2,STU_0226,48.699999999999996,7.097142857142857,5.328571428571428,3.414285714285714,0.32642857142857146,0.4346364550765535,7,-0.22200000000000003,18.0,37
USR_02191,8,1,1.0,1.0,1.0,37.56,0.9390000000000001,1.0,1,1,0.0,1,STU_0226,59.800000000000004,5.468571428571429,6.757142857142857,3.8000000000000003,0.45785714285714285,0.4218198806107975,7,-0.05985714285714283,18.0,37
USR_02191,12,0,0.0,7.0,7.0,0.0,0.0,10.0,1,0,1.0,1,STU_0226,54.357142857142854,4.567142857142857,7.114285714285714,3.0285714285714285,0.5287142857142857,0.428059787543054,7,0.2114285714285714,18.0,37
USR_02191,16,1,1.0,3.0,3.0,10.53,1.0,2.0,1,1,1.0,1,STU_0226,55.98571428571428,5.415714285714286,7.671428571428572,2.5285714285714285,0.5017142857142857,0.4185262058226718,7,0.005285714285714227,18.0,37
USR_02207,3,0,0.0,6.0,6.0,0.0,0.0,10.0,1,0,1.0,1,STU_0412,55.01428571428572,4.861428571428571,7.5,2.585714285714286,0.5252857142857142,0.41355405446700255,7,0.22614285714285715,18.0,8
USR_02207,11,1,1.0,7.0,7.0,18.73,0.9365,5.0,1,1,0.0,1,STU_0412,50.07142857142857,6.292857142857143,4.928571428571429,4.442857142857143,0.27999999999999997,0.5278211331347865,7,-0.05800000000000005,18.0,8
USR_02207,18,1,1.0,3.0,3.0,4.99,0.998,7.0,1,0,0.0,1,STU_0412,78.3,6.17,6.1,4.1,0.314,0.5152650264829047,1,0.0008571428571428341,18.0,8
USR_02214,3,0,0.0,365.0,365.0,0.0,0.0,5.0,1,0,1.0,1,STU_0249,30.32857142857143,3.987142857142857,9.571428571428571,1.0285714285714287,0.595,0.380402222189817,7,0.191,27.0,74
USR_02214,13,1,1.0,98.0,98.0,4.69,0.9380000000000001,4.0,1,1,0.0,1,STU_0249,30.7,5.61,7.328571428571428,1.7,0.446,0.3718199811856423,7,-0.17657142857142855,27.0,74
USR_02214,18,2,1.0,3.5,5.0,56.35,0.9533750000000001,4.0,2,1,0.5,2,STU_0249,10.0,5.0,7.1,1.0,0.436,0.4569687384312769,1,0.01785714285714285,27.0,74
USR_02220,2,1,1.0,65.0,65.0,39.49,0.9872500000000001,10.0,1,0,0.0,1,STU_0181,50.55714285714286,6.1499999999999995,4.5,3.8999999999999995,0.32171428571428573,0.5157577227551382,7,0.009285714285714342,26.0,1
USR_02220,5,1,1.0,97.0,97.0,39.44,0.986,10.0,1,0,0.0,1,STU_0181,47.971428571428575,6.424285714285714,4.442857142857143,4.257142857142857,0.308,0.49729876922589616,7,-0.04242857142857143,26.0,1
USR_02220,9,1,1.0,77.0,77.0,0.0,0.0,6.0,1,0,0.0,1,STU_0181,44.25714285714286,6.51,5.314285714285715,4.114285714285714,0.33742857142857147,0.4764898771535391,7,-0.20328571428571424,26.0,1
USR_02220,11,1,0.5,4.5,6.0,7.08,0.354,3.0,2,0,0.5,2,STU_0181,53.7,6.428571428571429,5.214285714285714,3.685714285714286,0.3292857142857143,0.5081108190132866,7,-0.010428571428571454,26.0,1
USR_02220,12,1,1.0,116.0,116.0,18.0,0.9,3.0,1,0,1.0,1,STU_0181,56.542857142857144,5.115714285714286,6.771428571428571,3.4857142857142853,0.4482857142857143,0.498517777270475,7,0.119,26.0,1
USR_02220,14,1,1.0,92.0,92.0,4.58,0.916,6.0,1,0,1.0,1,STU_0181,57.32857142857143,4.688571428571429,7.028571428571429,3.7285714285714286,0.4637142857142857,0.4515995277908091,7,0.13514285714285712,26.0,1
USR_02220,17,1,1.0,81.0,81.0,23.61,1.0,5.0,1,1,1.0,1,STU_0181,99.92857142857143,6.628571428571428,5.014285714285714,3.7857142857142856,0.33571428571428574,0.471355580888975,7,-0.20214285714285718,26.0,1
USR_02220,18,1,0.5,16.5,27.0,18.21,0.45525000000000004,4.5,2,0,1.0,2,STU_0181,78.1,7.12,6.4,2.6,0.278,0.3732550300079429,1,-0.05771428571428572,26.0,1
USR_02226,1,1,1.0,4.0,4.0,42.36,1.0,10.0,1,0,0.0,1,STU_0115,22.24285714285714,5.271428571428571,6.785714285714286,1.4285714285714286,0.4057142857142857,0.40221591327816186,7,,24.0,37
USR_02226,7,1,1.0,16.0,16.0,18.35,0.9175000000000001,6.0,1,0,0.0,1,STU_0115,34.42857142857143,4.488571428571428,9.37142857142857,1.2142857142857142,0.5498571428571429,0.37263554639364654,7,0.11871428571428577,24.0,37
USR_02226,9,0,0.0,4.333333333333333,6.0,0.0,0.0,7.0,3,1,0.6666666666666666,3,STU_0115,20.400000000000002,6.221428571428571,7.6571428571428575,1.0857142857142856,0.4162857142857143,0.3946519424277219,7,-0.1304285714285714,24.0,37
USR_02226,10,0,0.0,2.0,2.0,0.0,0.0,5.0,1,0,0.0,1,STU_0115,18.864285714285717,5.485714285714286,7.042857142857144,2.0714285714285716,0.3764285714285714,0.37752913116854486,7,-0.039857142857142924,24.0,37
USR_02226,13,0,0.0,11.0,11.0,0.0,0.0,8.0,1,0,0.0,1,STU_0115,34.99285714285715,5.685714285714286,6.542857142857143,1.4857142857142858,0.4175714285714286,0.37260921694283217,7,-0.1665714285714286,24.0,37
USR_02226,15,1,1.0,5.0,5.0,14.04,1.0,9.0,1,0,0.0,1,STU_0115,38.15714285714286,4.474285714285714,9.057142857142857,1.0571428571428572,0.5697142857142857,0.39476386607730196,7,-0.010714285714285676,24.0,37
USR_02226,16,1,1.0,1.0,1.0,20.78,1.0,7.0,1,1,0.0,1,STU_0115,39.957142857142856,4.001428571428572,8.871428571428572,1.3857142857142857,0.5822857142857142,0.39950575463889143,7,0.012571428571428456,24.0,37
USR_02226,18,0,0.0,5.0,5.0,0.0,0.0,6.0,1,0,0.0,1,STU_0115,480.0,6.01,6.2,2.6,0.297,0.5394353887315552,1,-0.0684285714285714,24.0,37
USR_02231,2,1,1.0,9.0,9.0,23.41,1.0,7.0,1,0,1.0,1,STU_0480,87.95714285714287,6.591428571428572,3.642857142857143,5.542857142857143,0.2754285714285714,0.5736675741473014,7,-0.01328571428571429,27.0,8
USR_02231,3,1,1.0,17.0,17.0,9.56,0.9560000000000001,2.0,1,0,1.0,1,STU_0480,99.82857142857142,5.538571428571429,5.828571428571428,5.1000000000000005,0.4907142857142857,0.5923874129131974,7,0.2152857142857143,27.0,8
USR_02237,1,1,1.0,365.0,365.0,39.65,0.99125,3.0,1,1,1.0,1,STU_0068,54.128571428571426,6.7371428571428575,5.142857142857143,3.585714285714286,0.3087142857142857,0.5257706699821666,7,,33.0,61
USR_02237,4,1,1.0,22.0,22.0,43.48,1.0,8.0,1,0,0.0,1,STU_0068,50.5,6.567142857142857,4.985714285714286,3.657142857142857,0.291,0.44670601293524825,7,-0.20285714285714285,33.0,61
USR_02237,7,1,1.0,123.0,123.0,45.25,1.0,5.0,1,0,1.0,1,STU_0068,60.714285714285715,5.611428571428571,8.014285714285714,2.757142857142857,0.5071428571428571,0.43040581765012625,7,0.19428571428571428,33.0,61
USR_02237,14,1,1.0,41.0,41.0,21.93,1.0,7.0,1,0,0.0,1,STU_0068,58.871428571428574,4.731428571428571,7.271428571428571,2.9714285714285715,0.5185714285714286,0.42062651254952826,7,0.23757142857142854,33.0,61
USR_02244,1,1,1.0,54.0,54.0,42.59,1.0,8.0,1,0,0.0,1,STU_0164,35.457142857142856,5.775714285714286,6.228571428571429,1.4000000000000001,0.36657142857142855,0.47839852486240125,7,,10.0,46
USR_02244,3,1,1.0,11.0,11.0,17.16,0.858,1.0,1,0,1.0,1,STU_0164,34.528571428571425,4.355714285714286,9.671428571428573,1.1,0.6154285714285714,0.41089984765074544,7,0.27214285714285713,10.0,46
USR_02244,10,1,1.0,95.0,95.0,2.68,0.268,8.0,1,0,1.0,1,STU_0164,9.028571428571428,5.437142857142858,7.7,1.6714285714285713,0.41657142857142854,0.35404308807084145,7,-0.03171428571428575,10.0,46
USR_02244,12,1,1.0,56.0,56.0,8.32,0.8320000000000001,2.0,1,0,0.0,1,STU_0164,39.15714285714285,4.184285714285714,9.214285714285714,1.1428571428571428,0.5728571428571428,0.3723057966362106,7,0.2305714285714286,10.0,46
USR_02244,14,1,1.0,50.0,50.0,18.48,0.924,5.0,1,0,0.0,1,STU_0164,31.37142857142857,4.35,8.914285714285715,1.1428571428571428,0.5564285714285715,0.41007455145477895,7,0.1617142857142858,10.0,46
USR_02244,15,1,1.0,58.0,58.0,4.7,0.47000000000000003,7.0,1,1,0.0,1,STU_0164,33.871428571428574,4.501428571428571,8.842857142857143,1.342857142857143,0.5558571428571428,0.42248848941320516,7,-0.0005714285714286671,10.0,46
USR_02244,16,1,1.0,41.0,41.0,20.75,1.0,5.0,1,0,1.0,1,STU_0164,37.642857142857146,4.441428571428571,9.185714285714285,1.0857142857142856,0.5791428571428572,0.40584673850619174,7,0.023285714285714354,10.0,46
USR_02244,17,2,1.0,148.5,237.0,61.67,1.0,5.0,1,1,0.5,2,STU_0164,25.071428571428573,5.522857142857142,7.25,1.457142857142857,0.391,0.3922881262998167,7,-0.18814285714285717,10.0,46
USR_02255,1,1,1.0,12.0,12.0,16.7,0.835,2.0,1,1,0.0,1,STU_0415,42.4,6.052857142857143,5.185714285714285,3.8714285714285714,0.3535714285714286,0.5016756052239457,7,,18.0,75
USR_02255,3,2,1.0,28.0,53.0,68.84,1.0,5.0,2,0,0.5,2,STU_0415,64.6,4.701428571428571,8.1,2.6142857142857143,0.5242857142857142,0.49401083278132163,7,0.1741428571428571,18.0,75
USR_02255,4,1,1.0,73.0,73.0,7.8,0.78,6.0,1,0,1.0,1,STU_0415,55.92142857142858,6.012857142857143,4.8,4.085714285714286,0.31614285714285717,0.4465613725198647,7,-0.20814285714285707,18.0,75
USR_02255,5,0,0.0,68.0,68.0,0.0,0.0,5.0,1,0,0.0,1,STU_0415,50.82857142857143,6.211428571428572,5.728571428571429,3.957142857142857,0.368,0.5124291771333495,7,0.051857142857142824,18.0,75
USR_02255,7,1,1.0,7.0,7.0,12.56,1.0,6.0,1,1,0.0,1,STU_0415,56.471428571428575,5.25,7.542857142857143,2.9428571428571426,0.4772857142857143,0.4705456326497626,7,0.14357142857142863,18.0,75
USR_02255,8,0,0.0,13.0,13.0,0.0,0.0,4.0,1,0,1.0,1,STU_0415,59.07857142857143,5.368571428571428,6.971428571428571,3.085714285714286,0.44585714285714284,0.48735580870309864,7,-0.03142857142857147,18.0,75
USR_02255,11,1,1.0,20.0,20.0,43.49,1.0,5.0,1,0,0.0,1,STU_0415,42.91428571428571,6.5842857142857145,4.785714285714286,3.8428571428571425,0.28885714285714287,0.4373479448473934,7,-0.032714285714285696,18.0,75
USR_02255,12,1,1.0,41.0,41.0,6.49,0.649,10.0,1,0,0.0,1,STU_0415,55.17857142857143,4.8428571428571425,7.614285714285715,2.4857142857142853,0.51,0.4118695784705872,7,0.22114285714285714,18.0,75
USR_02255,13,1,1.0,40.0,40.0,13.38,1.0,5.0,1,0,1.0,1,STU_0415,63.01428571428572,6.3428571428571425,5.5,3.8285714285714287,0.3551428571428571,0.5046819612418908,7,-0.15485714285714292,18.0,75
USR_02257,2,0,0.0,8.0,8.0,0.0,0.0,9.0,1,0,1.0,1,STU_0331,20.885714285714283,5.558571428571428,6.257142857142857,1.7857142857142858,0.3885714285714285,0.43601814097821234,7,0.006285714285714228,23.0,12
USR_02257,4,1,1.0,1.0,1.0,9.37,0.9369999999999999,3.0,1,0,0.0,1,STU_0331,27.3,5.807142857142857,7.542857142857143,1.2714285714285716,0.4054285714285714,0.4824161789520444,7,-0.1424285714285714,23.0,12
USR_02257,6,1,1.0,2.0,2.0,40.09,1.0,5.0,1,1,0.0,1,STU_0331,35.52142857142857,5.668571428571428,6.635714285714286,1.9428571428571428,0.3677142857142857,0.47075982359680363,7,-0.08657142857142858,23.0,12
USR_02257,8,1,1.0,4.0,4.0,24.43,1.0,5.0,1,1,0.0,1,STU_0331,31.785714285714285,4.701428571428571,8.807142857142857,1.2,0.5047142857142857,0.35248819211022914,7,-0.03385714285714292,23.0,12
USR_02257,12,0,0.0,6.0,13.0,0.0,0.0,4.666666666666667,3,2,0.3333333333333333,3,STU_0331,31.285714285714285,4.25,9.292857142857143,1.1428571428571428,0.5678571428571428,0.3639195985845933,7,0.18285714285714288,23.0,12
USR_02257,13,1,1.0,11.0,11.0,26.97,1.0,5.0,1,0,1.0,1,STU_0331,28.414285714285715,5.912857142857143,6.664285714285714,1.9428571428571428,0.35585714285714287,0.4017039751331185,7,-0.21199999999999997,23.0,12
USR_02269,1,1,1.0,78.0,78.0,8.76,0.876,6.0,1,0,0.0,1,STU_0042,48.65714285714286,6.53,5.1000000000000005,4.742857142857143,0.3008571428571428,0.5138929554500792,7,,25.0,22
USR_02269,3,1,1.0,66.0,66.0,17.5,0.875,8.0,1,0,1.0,1,STU_0042,53.785714285714285,5.398571428571429,7.314285714285715,2.7285714285714286,0.45542857142857146,0.4525970659944152,7,0.1422857142857143,25.0,22
USR_02269,5,3,1.0,48.0,52.0,81.66,0.6666666666666666,7.0,3,1,0.3333333333333333,3,STU_0042,51.82857142857143,6.58,4.757142857142857,4.042857142857143,0.2937142857142857,0.4858772006060787,7,-0.01557142857142857,25.0,22
USR_02269,10,1,1.0,2.0,2.0,24.01,1.0,2.0,1,0,0.0,1,STU_0042,47.542857142857144,7.0042857142857144,4.8428571428571425,4.185714285714285,0.28271428571428575,0.47981708373403986,7,-0.03885714285714281,25.0,22
USR_02269,13,1,1.0,89.0,89.0,21.46,1.0,5.0,1,1,0.0,1,STU_0042,46.92857142857143,6.937142857142858,4.885714285714286,4.228571428571429,0.2902857142857143,0.46642728139551587,7,-0.16242857142857142,25.0,22
USR_02269,14,1,1.0,11.0,11.0,22.19,1.0,5.0,1,0,0.0,1,STU_0042,59.57142857142857,5.047142857142857,6.942857142857143,3.3857142857142857,0.49014285714285716,0.4917212190123302,7,0.19985714285714284,25.0,22
USR_02269,16,1,1.0,12.0,12.0,9.6,0.96,6.0,1,0,0.0,1,STU_0042,53.642857142857146,5.158571428571428,7.771428571428571,3.2142857142857144,0.4717142857142857,0.4471485042142695,7,-0.0232857142857143,25.0,22
USR_02273,8,1,0.5,3.5,4.0,11.36,0.5,5.5,2,0,1.0,2,STU_0390,83.78571428571429,5.910714285714286,4.628571428571428,5.085714285714286,0.3814285714285714,0.5604513401149068,7,-0.03528571428571431,19.0,36
USR_02273,13,1,1.0,6.0,6.0,4.37,0.874,6.0,1,0,0.0,1,STU_0390,87.48571428571428,6.8428571428571425,3.357142857142857,5.8428571428571425,0.25942857142857145,0.6275281060523923,7,-0.1348571428571428,19.0,36
USR_02273,18,1,1.0,3.0,3.0,22.16,1.0,5.0,1,0,0.0,1,STU_0390,91.0,6.96,2.3,5.4,0.125,0.4660391213960296,1,-0.1037142857142857,19.0,36
USR_02285,3,1,1.0,6.0,6.0,41.16,1.0,5.0,1,0,1.0,1,STU_0173,32.48571428571429,4.432857142857143,8.685714285714285,1.042857142857143,0.5105714285714286,0.38848352120533153,7,0.10314285714285715,21.0,23
USR_02285,5,1,1.0,31.0,31.0,9.39,0.9390000000000001,6.0,1,0,0.0,1,STU_0173,35.01428571428571,5.788571428571429,7.085714285714286,1.2285714285714284,0.3931428571428571,0.4106214708874078,7,-0.030000000000000027,21.0,23
USR_02285,13,1,1.0,32.0,32.0,39.8,0.9949999999999999,3.0,1,0,0.0,1,STU_0173,25.814285714285717,5.958571428571429,7.557142857142857,1.1857142857142857,0.4257142857142857,0.35871293203091553,7,-0.14242857142857146,21.0,23
USR_02285,18,1,1.0,2.0,2.0,42.66,1.0,5.0,1,0,1.0,1,STU_0173,19.2,6.7,6.3,1.9,0.335,0.2680024384291901,1,-0.0784285714285714,21.0,23
USR_02291,1,1,1.0,71.0,71.0,6.59,0.659,4.0,1,1,0.0,1,STU_0332,59.271428571428565,5.311428571428571,8.442857142857143,1.0,0.5045714285714286,0.3925261194458369,7,,31.0,39
USR_02291,2,2,1.0,22.0,32.0,88.38,1.0,5.0,2,0,0.0,2,STU_0332,59.82857142857143,5.015714285714286,8.157142857142857,1.0,0.48514285714285715,0.3688560095606486,7,-0.019428571428571406,31.0,39
USR_02291,8,0,0.0,1.0,1.0,0.0,0.0,5.0,1,0,1.0,1,STU_0332,78.22857142857143,4.027142857142857,9.485714285714286,1.042857142857143,0.6654285714285715,0.38013683704724366,7,0.006000000000000116,31.0,39
USR_02291,14,0,0.0,11.0,11.0,0.0,0.0,6.0,1,1,1.0,1,STU_0332,79.05714285714285,3.337142857142857,9.785714285714286,1.0857142857142856,0.663,0.3888312075187207,7,0.1577142857142858,31.0,39
USR_02291,18,0,0.0,20.0,20.0,0.0,0.0,5.0,1,0,0.0,1,STU_0332,62.0,5.15,8.8,1.0,0.448,0.5237382197845954,1,-0.0011428571428571677,31.0,39
USR_02292,4,1,1.0,12.0,12.0,13.07,1.0,6.0,1,0,1.0,1,STU_0291,24.157142857142855,6.007142857142858,6.728571428571429,1.3714285714285714,0.3962857142857143,0.42318080559576243,7,-0.1861428571428571,26.0,8
USR_02292,5,0,0.0,1.0,1.0,0.0,0.0,1.0,1,0,0.0,1,STU_0291,23.842857142857145,5.524285714285715,7.028571428571429,1.4000000000000001,0.41114285714285714,0.39697244895815914,7,0.014857142857142847,26.0,8
USR_02292,7,0,0.0,22.0,22.0,0.0,0.0,10.0,1,0,1.0,1,STU_0291,38.228571428571435,3.845714285714286,8.414285714285715,1.1142857142857143,0.5885714285714286,0.40410767503314216,7,0.19014285714285717,26.0,8
USR_02292,16,0,0.0,19.0,19.0,0.0,0.0,6.0,1,0,1.0,1,STU_0291,31.185714285714287,4.12,9.5,1.0142857142857142,0.5718571428571428,0.3387355267556476,7,-0.022285714285714242,26.0,8
USR_02298,1,1,1.0,39.0,39.0,4.34,0.868,3.0,1,0,1.0,1,STU_0468,87.42857142857143,7.277142857142857,3.4857142857142853,5.685714285714285,0.28528571428571425,0.5520363207081223,7,,25.0,37
USR_02298,3,1,1.0,8.0,8.0,21.94,1.0,9.0,1,0,0.0,1,STU_0468,90.3142857142857,5.788571428571429,5.671428571428571,4.942857142857143,0.4377142857142857,0.5167639668170814,7,0.13500000000000006,25.0,37
USR_02298,5,1,1.0,23.0,23.0,20.32,1.0,3.0,1,0,0.0,1,STU_0468,79.95714285714287,6.808571428571428,3.5285714285714285,5.885714285714286,0.2814285714285714,0.5090174319177733,7,0.07557142857142854,25.0,37
USR_02298,9,0,0.0,6.0,6.0,0.0,0.0,3.0,1,0,1.0,1,STU_0468,82.10000000000001,7.154285714285714,2.3714285714285714,6.771428571428571,0.24114285714285713,0.5340842265894541,7,-0.2031428571428572,25.0,37
USR_02298,17,1,1.0,32.0,32.0,21.42,1.0,8.0,1,1,0.0,1,STU_0468,83.58571428571429,7.1571428571428575,3.6571428571428575,5.428571428571429,0.2702857142857143,0.5484353560086347,7,-0.08742857142857141,25.0,37
USR_02298,18,1,1.0,7.0,7.0,42.62,1.0,8.0,1,1,0.0,1,STU_0468,88.1,6.04,2.7,5.4,0.204,0.4403580326794682,1,-0.06628571428571431,25.0,37
USR_02304,4,0,0.0,1.0,1.0,0.0,0.0,5.0,1,0,0.0,1,STU_0105,45.94285714285714,6.409999999999999,3.857142857142857,4.171428571428572,0.2957142857142857,0.5739399935040905,7,-0.23385714285714287,30.0,10
USR_02304,8,2,1.0,11.0,11.0,47.870000000000005,1.0,4.5,2,0,0.0,2,STU_0105,51.32857142857143,4.63,7.671428571428571,2.585714285714286,0.5495714285714286,0.5008265677040759,7,0.038285714285714256,30.0,10
USR_02304,17,1,1.0,17.0,17.0,40.96,1.0,10.0,1,0,0.0,1,STU_0105,47.6,6.762857142857143,4.871428571428572,3.971428571428571,0.3072857142857143,0.4571980930552772,7,-0.16628571428571431,30.0,10
USR_02304,18,1,1.0,8.0,8.0,8.74,0.874,6.0,1,0,0.0,1,STU_0105,41.2,7.62,5.3,5.6,0.306,0.6084571735834369,1,-0.001285714285714279,30.0,10
USR_02308,8,0,0.0,2.0,2.0,0.0,0.0,5.0,1,0,0.0,1,STU_0305,64.0,5.1571428571428575,7.3428571428571425,3.3857142857142857,0.504,0.4415765125634431,7,0.00271428571428578,19.0,24
USR_02308,9,1,1.0,8.0,8.0,43.78,1.0,7.0,1,1,1.0,1,STU_0305,53.24285714285714,6.428571428571429,4.214285714285714,4.142857142857143,0.2895714285714286,0.46872766315733044,7,-0.2144285714285714,19.0,24
USR_02308,10,1,1.0,4.0,4.0,40.67,1.0,6.0,1,1,0.0,1,STU_0305,47.285714285714285,5.984285714285714,4.542857142857143,3.8714285714285714,0.2997142857142857,0.4001166200538964,7,0.01014285714285712,19.0,24
USR_02317,10,0,0.0,3.0,3.0,0.0,0.0,5.0,1,0,1.0,1,STU_0169,88.02857142857144,7.2,3.2142857142857144,5.585714285714286,0.26471428571428574,0.6721431910405171,7,-0.015285714285714236,21.0,12
USR_02317,14,1,1.0,5.0,5.0,16.41,0.8205,6.0,1,0,1.0,1,STU_0169,92.7,6.021428571428571,5.357142857142857,5.214285714285714,0.3885714285714285,0.5649163543376666,7,0.15499999999999994,21.0,12
USR_02317,18,1,1.0,7.0,7.0,12.22,1.0,1.0,1,1,0.0,1,STU_0169,81.7,4.81,3.9,6.2,0.483,0.6707498572628595,1,0.27999999999999997,21.0,12
USR_02331,1,1,0.5,9.0,11.0,21.24,0.5,6.0,2,0,0.0,2,STU_0108,48.42857142857143,6.3,4.114285714285715,4.285714285714286,0.25285714285714284,0.5600711785706156,7,,24.0,37
USR_02331,3,1,1.0,14.0,14.0,19.31,0.9654999999999999,5.0,1,0,0.0,1,STU_0108,49.457142857142856,5.835714285714286,6.285714285714286,2.9,0.3717142857142857,0.5140368446578273,7,0.05171428571428571,24.0,37
USR_02331,6,1,1.0,2.0,2.0,15.59,1.0,1.0,1,0,1.0,1,STU_0108,45.128571428571426,6.223571428571428,5.635714285714286,3.0,0.32857142857142857,0.42591855086301666,7,-0.01514285714285718,24.0,37
USR_02331,8,1,1.0,7.0,7.0,24.14,1.0,10.0,1,0,1.0,1,STU_0108,122.97142857142856,4.4557142857142855,6.8428571428571425,3.3428571428571425,0.47828571428571426,0.47467322492989616,7,0.026142857142857134,24.0,37
USR_02331,9,0,0.0,7.0,7.0,0.0,0.0,5.0,1,0,1.0,1,STU_0108,48.871428571428574,5.872857142857143,4.557142857142857,4.085714285714286,0.2904285714285714,0.5145324090372939,7,-0.18785714285714283,24.0,37
USR_02331,10,1,1.0,4.0,4.0,5.08,1.0,9.0,1,0,0.0,1,STU_0108,50.77142857142858,6.130714285714285,4.585714285714286,4.171428571428572,0.2762857142857143,0.42973729870507277,7,-0.014142857142857124,24.0,37
USR_02331,11,1,1.0,11.0,11.0,12.98,1.0,2.0,1,0,1.0,1,STU_0108,50.41428571428571,6.941428571428572,5.3999999999999995,3.7142857142857144,0.2988571428571429,0.44263496252872586,7,0.022571428571428576,24.0,37
USR_02331,13,0,0.0,3.0,3.0,0.0,0.0,7.0,1,1,0.0,1,STU_0108,47.81428571428571,6.28,4.328571428571428,3.7857142857142856,0.2785714285714286,0.46667479966484793,7,-0.255,24.0,37
USR_02331,15,1,1.0,4.0,4.0,13.77,1.0,8.0,1,0,0.0,1,STU_0108,56.9,4.982142857142857,7.364285714285714,2.9285714285714284,0.5111428571428572,0.41354695339614883,7,0.05328571428571438,24.0,37
USR_02333,3,1,1.0,1.0,1.0,40.41,1.0,5.0,1,0,1.0,1,STU_0113,58.82857142857143,4.795714285714285,6.885714285714286,2.914285714285714,0.47128571428571425,0.4237301524260634,7,0.17299999999999993,36.0,23
USR_02333,6,2,1.0,9.5,10.0,22.92,1.0,4.0,2,1,0.5,2,STU_0113,61.97142857142857,6.497142857142857,4.985714285714286,3.4,0.33414285714285713,0.5170317825194707,7,0.016142857142857125,36.0,23
USR_02333,17,0,0.0,10.0,10.0,0.0,0.0,7.0,1,0,0.0,1,STU_0113,51.24285714285714,6.440714285714286,6.214285714285714,3.1285714285714286,0.3885714285714285,0.4404624348309522,7,-0.10228571428571431,36.0,23
USR_02333,18,1,1.0,10.0,10.0,2.44,0.488,8.0,1,0,0.0,1,STU_0113,77.0,7.04,3.8,3.6,0.284,0.7343687919067163,1,-0.10457142857142854,36.0,23
USR_02343,5,0,0.0,27.0,27.0,0.0,0.0,5.0,1,0,0.0,1,STU_0127,24.585714285714285,6.422857142857142,6.771428571428571,1.657142857142857,0.41114285714285714,0.39200119722005317,7,0.0017142857142857237,32.0,5
USR_02343,6,1,1.0,65.0,65.0,15.44,1.0,1.0,1,1,1.0,1,STU_0127,18.400000000000002,5.982857142857142,7.314285714285715,1.7571428571428573,0.37814285714285717,0.3879644467065778,7,-0.032999999999999974,32.0,5
USR_02343,8,1,1.0,28.0,28.0,23.58,1.0,1.0,1,0,0.0,1,STU_0127,24.885714285714283,4.058571428571429,9.657142857142857,1.1285714285714286,0.5660000000000001,0.3509293984235634,7,0.016000000000000014,32.0,5
USR_02343,13,2,1.0,22.5,40.0,59.94,0.9345,3.0,1,0,0.5,2,STU_0127,22.928571428571427,5.771428571428571,7.128571428571428,1.8,0.38985714285714285,0.3741936294690302,7,-0.1482857142857143,32.0,5
USR_02343,15,0,0.0,28.0,28.0,0.0,0.0,8.0,1,0,1.0,1,STU_0127,41.214285714285715,4.538571428571428,9.4,1.0,0.5834285714285715,0.43380519050742955,7,0.0008571428571428896,32.0,5
USR_02343,16,1,1.0,92.0,92.0,8.16,1.0,8.0,1,0,0.0,1,STU_0127,34.114285714285714,4.825714285714286,8.928571428571429,1.0,0.5747142857142856,0.30933819172714117,7,-0.008714285714285896,32.0,5
USR_02343,18,1,1.0,23.0,23.0,7.5,0.75,8.0,1,0,0.0,1,STU_0127,32.9,4.99,5.2,1.0,0.375,0.5879858857478748,1,-0.0465714285714286,32.0,5
USR_02359,2,1,1.0,10.0,10.0,18.42,0.921,7.0,1,0,1.0,1,STU_0200,82.65714285714286,7.308571428571428,3.1285714285714286,6.0,0.231,0.5353166982671844,7,-0.04642857142857146,32.0,23
USR_02359,4,0,0.0,5.0,5.0,0.0,0.0,2.0,1,0,0.0,1,STU_0200,77.92857142857143,7.388571428571429,3.0714285714285716,5.642857142857143,0.24742857142857141,0.5822504237994804,7,-0.1292857142857143,32.0,23
USR_02359,6,0,0.0,10.0,10.0,0.0,0.0,8.0,1,0,1.0,1,STU_0200,88.08571428571429,7.278571428571429,2.8428571428571425,6.028571428571429,0.21728571428571428,0.5453945371252357,7,-0.12142857142857141,32.0,23
USR_02359,7,0,0.0,6.0,6.0,0.0,0.0,4.0,1,1,0.0,1,STU_0200,95.24285714285715,6.204285714285715,6.014285714285714,4.7,0.39971428571428574,0.5355682007764427,7,0.18242857142857147,32.0,23
USR_02367,10,1,1.0,12.0,12.0,37.88,0.9470000000000001,10.0,1,1,0.0,1,STU_0160,60.800000000000004,4.582857142857143,8.1,1.0,0.5328571428571428,0.3783760795120536,7,0.00457142857142856,42.0,14
USR_02373,4,1,1.0,29.0,29.0,0.0,0.0,5.0,1,1,1.0,1,STU_0443,23.928571428571427,5.564285714285715,8.1,1.657142857142857,0.4441428571428571,0.3187087876519185,7,-0.10699999999999993,26.0,28
USR_02373,6,1,1.0,4.0,4.0,16.16,0.808,7.0,1,0,1.0,1,STU_0443,28.214285714285715,5.721428571428571,7.799999999999999,1.2857142857142858,0.4668571428571428,0.49250740023808753,7,0.10885714285714276,26.0,28
USR_02373,10,0,0.0,4.0,4.0,0.0,0.0,1.0,1,0,0.0,1,STU_0443,24.985714285714288,5.535714285714286,6.671428571428572,1.2142857142857142,0.35957142857142854,0.4173931493198954,7,0.003428571428571392,26.0,28
USR_02373,11,1,1.0,28.0,28.0,15.98,0.799,9.0,1,1,0.0,1,STU_0443,18.428571428571427,5.507142857142857,7.057142857142857,1.5,0.3934285714285714,0.4198446004530956,7,0.03385714285714286,26.0,28
USR_02373,13,1,1.0,31.0,31.0,4.51,0.45099999999999996,6.0,1,0,1.0,1,STU_0443,23.0,5.5371428571428565,7.0,1.6714285714285715,0.438,0.4039682233486121,7,-0.11885714285714283,26.0,28
USR_02373,17,0,0.0,8.0,8.0,0.0,0.0,4.0,1,0,1.0,1,STU_0443,27.485714285714284,5.187142857142858,6.514285714285713,1.9428571428571428,0.40714285714285714,0.3922518507231731,7,-0.136,26.0,28
USR_02378,1,1,1.0,6.0,6.0,35.86,0.8965,10.0,1,0,0.0,1,STU_0101,51.42857142857143,6.518571428571429,5.8999999999999995,3.4,0.3442857142857143,0.4564633293213232,7,,22.0,31
USR_02378,5,1,1.0,10.0,10.0,20.89,1.0,3.0,1,1,1.0,1,STU_0101,49.82857142857143,5.902857142857143,4.985714285714286,3.7714285714285714,0.342,0.48693909675176766,7,0.05971428571428572,22.0,31
USR_02378,14,0,0.0,4.0,4.0,0.0,0.0,4.0,1,1,1.0,1,STU_0101,62.74285714285714,5.4957142857142856,7.3999999999999995,3.1285714285714286,0.46014285714285713,0.41222991720610663,7,0.15442857142857142,22.0,31
USR_02378,16,1,1.0,4.0,4.0,25.95,1.0,10.0,1,0,0.0,1,STU_0101,58.628571428571426,4.465714285714285,7.8,2.8428571428571425,0.5512857142857143,0.45959998298008503,7,0.08500000000000002,22.0,31
USR_02378,18,1,0.5,3.5,5.0,13.68,0.5,7.5,2,0,0.5,2,STU_0101,56.4,4.97,5.2,3.4,0.393,0.4285820506682691,1,0.056571428571428606,22.0,31
USR_02393,13,0,0.0,8.0,8.0,0.0,0.0,2.0,1,0,0.0,1,STU_0135,21.42142857142857,5.861428571428571,7.457142857142857,1.3857142857142857,0.4254285714285714,0.44777005181264495,7,-0.15928571428571436,26.0,38
USR_02393,17,0,0.0,5.0,5.0,0.0,0.0,6.0,1,1,1.0,1,STU_0135,27.692857142857143,6.4471428571428575,7.042857142857143,1.3285714285714287,0.3655714285714286,0.3555524979356028,7,-0.1928571428571429,26.0,38
USR_02405,8,2,1.0,19.5,23.0,41.34,1.0,5.5,2,1,1.0,2,STU_0161,55.44285714285714,5.501428571428571,6.557142857142857,3.8285714285714287,0.44585714285714284,0.42915678176281585,7,-0.018000000000000016,22.0,27
USR_02405,10,0,0.0,11.0,11.0,0.0,0.0,5.0,1,0,0.0,1,STU_0161,46.0,6.184285714285714,5.685714285714285,3.742857142857143,0.36357142857142855,0.4272883496739742,7,0.08957142857142858,22.0,27
USR_02405,13,1,1.0,14.0,14.0,6.39,1.0,6.0,1,0,0.0,1,STU_0161,52.971428571428575,6.167142857142857,5.3428571428571425,4.185714285714286,0.3057142857142857,0.5644818800358451,7,-0.1777142857142857,22.0,27
USR_02415,6,0,0.0,12.0,12.0,0.0,0.0,4.0,1,0,0.0,1,STU_0209,77.62857142857142,6.96,2.9285714285714284,6.114285714285714,0.24371428571428572,0.5833953661097979,7,0.0038571428571428923,19.0,30
USR_02415,9,0,0.0,2.0,2.0,0.0,0.0,3.0,1,1,0.0,1,STU_0209,84.37142857142858,7.08,3.6999999999999997,5.914285714285714,0.2611428571428572,0.5821070246388401,7,-0.1651428571428571,19.0,30
USR_02415,12,0,0.0,2.0,2.0,0.0,0.0,10.0,1,0,0.0,1,STU_0209,93.54285714285713,5.041428571428571,5.314285714285715,4.514285714285714,0.363,0.5906156788308327,7,0.0957142857142857,19.0,30
USR_02415,16,0,0.0,13.0,13.0,0.0,0.0,10.0,1,0,1.0,1,STU_0209,104.75714285714285,5.984285714285714,4.771428571428571,5.285714285714286,0.4024285714285714,0.594285737805003,7,-0.04428571428571432,19.0,30
USR_02418,4,2,1.0,21.0,30.0,29.82,0.882,7.0,2,0,1.0,2,STU_0047,50.15714285714286,6.172142857142857,4.5285714285714285,3.8000000000000003,0.29214285714285715,0.4978143192572591,7,-0.19314285714285717,24.0,14
USR_02418,5,1,1.0,43.0,43.0,38.43,1.0,5.0,1,0,0.0,1,STU_0047,52.9,6.269285714285714,4.857142857142857,4.457142857142857,0.31857142857142856,0.5040573778026481,7,0.026428571428571412,24.0,14
USR_02418,18,1,1.0,15.0,15.0,10.51,1.0,4.0,1,1,0.0,1,STU_0047,58.0,5.715,6.7,5.2,0.385,0.3090304739333187,1,0.06971428571428573,24.0,14
USR_02419,8,1,1.0,207.0,207.0,17.69,0.8845000000000001,6.0,1,0,0.0,1,STU_0474,74.68571428571428,3.267142857142857,9.742857142857144,1.0,0.6691428571428572,0.4470591454166938,7,0.0071428571428571175,33.0,22
USR_02419,9,2,0.6666666666666666,16.333333333333332,20.0,42.9,0.6556666666666667,5.333333333333333,2,0,0.6666666666666666,3,STU_0474,60.81428571428571,4.644285714285714,7.614285714285714,1.1,0.504,0.43644283215313184,7,-0.16514285714285715,33.0,22
USR_02419,12,1,1.0,62.0,62.0,20.89,1.0,3.0,1,0,0.0,1,STU_0474,71.24285714285715,3.494285714285714,9.714285714285714,1.0,0.6237142857142857,0.4660607277356061,7,0.15142857142857136,33.0,22
USR_02426,7,1,1.0,8.0,8.0,11.66,1.0,6.0,1,0,0.0,1,STU_0307,53.971428571428575,4.964285714285714,6.364285714285714,3.1,0.43014285714285716,0.48585657444118463,7,0.11114285714285715,31.0,55
USR_02426,8,1,1.0,11.0,11.0,21.64,1.0,5.0,1,1,0.0,1,STU_0307,54.58571428571429,5.355714285714286,7.085714285714286,3.692857142857143,0.43042857142857144,0.43385670015835365,7,0.00028571428571427804,31.0,55
USR_02426,11,1,1.0,41.0,41.0,41.86,1.0,8.0,1,0,0.0,1,STU_0307,53.12857142857143,6.228571428571429,4.328571428571428,4.042857142857143,0.302,0.5479955422509561,7,0.009857142857142842,31.0,55
USR_02426,12,1,1.0,38.0,38.0,37.03,1.0,5.0,1,0,1.0,1,STU_0307,63.0,5.072857142857143,7.385714285714286,4.057142857142857,0.46,0.4872080631606589,7,0.15800000000000003,31.0,55
USR_02426,14,1,1.0,83.0,83.0,21.82,1.0,8.0,1,0,0.0,1,STU_0307,64.28571428571429,5.094285714285715,7.135714285714286,3.1285714285714286,0.48328571428571426,0.44157071278627874,7,0.1464285714285714,31.0,55
USR_02426,16,0,0.0,43.0,43.0,0.0,0.0,2.0,1,1,0.0,1,STU_0307,54.771428571428565,5.442857142857143,6.664285714285714,3.5214285714285714,0.4541428571428572,0.4929414692977354,7,-0.09085714285714286,31.0,55
USR_02442,2,0,0.0,11.0,11.0,0.0,0.0,7.0,1,0,0.0,1,STU_0212,91.24285714285713,6.467142857142856,3.2714285714285714,5.485714285714286,0.2695714285714286,0.6532535795914801,7,0.03842857142857145,23.0,31
USR_02442,3,1,1.0,7.0,7.0,9.53,0.953,5.0,1,0,1.0,1,STU_0212,90.5,5.612857142857143,5.542857142857143,5.385714285714286,0.42257142857142854,0.5792949119231775,7,0.15299999999999997,23.0,31
USR_02442,13,1,0.5,5.0,5.0,40.14,0.5,3.5,2,0,0.5,2,STU_0212,87.77142857142857,7.2457142857142856,2.7857142857142856,5.8,0.238,0.5663247607843717,7,-0.17228571428571426,23.0,31
USR_02442,18,1,1.0,13.0,13.0,9.96,0.9960000000000001,2.0,1,0,0.0,1,STU_0212,117.5,7.01,5.3,6.6,0.447,0.719593840203665,1,0.2498571428571429,23.0,31
USR_02443,3,1,1.0,51.0,51.0,20.82,1.0,8.0,1,0,0.0,1,STU_0365,99.27142857142857,6.121428571428572,5.171428571428572,4.628571428571428,0.4015714285714286,0.5021455975606324,7,0.15585714285714283,25.0,34
USR_02443,6,1,1.0,2.0,2.0,20.04,1.0,2.0,1,0,0.0,1,STU_0365,87.62857142857142,7.217142857142856,2.857142857142857,6.014285714285714,0.24085714285714285,0.5650160916279774,7,-0.013857142857142873,25.0,34
USR_02443,8,1,1.0,1.0,1.0,39.7,0.9925,5.0,1,0,1.0,1,STU_0365,92.72857142857143,5.442857142857143,4.871428571428572,5.071428571428571,0.38371428571428573,0.5447306429521187,7,-0.02157142857142852,25.0,34
USR_02443,12,0,0.0,9.0,9.0,0.0,0.0,6.0,1,0,0.0,1,STU_0365,95.67142857142858,6.174285714285714,5.042857142857143,4.814285714285715,0.3485714285714286,0.5931571860689966,7,0.12828571428571434,25.0,34
USR_02443,14,0,0.0,3.0,3.0,0.0,0.0,10.0,1,0,0.0,1,STU_0365,96.75,5.557142857142857,5.942857142857143,4.8428571428571425,0.43942857142857145,0.5928645603032082,7,0.20000000000000004,25.0,34
USR_02454,7,0,0.0,1.0,1.0,0.0,0.0,4.0,1,0,0.0,1,STU_0190,35.48571428571429,4.397142857142858,8.742857142857144,1.0,0.5521428571428572,0.36099179321855285,7,0.16942857142857148,21.0,4
USR_02454,10,0,0.0,6.0,6.0,0.0,0.0,5.0,1,0,1.0,1,STU_0190,33.885714285714286,5.558571428571428,7.414285714285714,1.5999999999999999,0.4571428571428572,0.3244483885727398,7,0.034428571428571475,21.0,4
USR_02454,16,1,1.0,4.0,4.0,0.0,0.0,10.0,1,0,1.0,1,STU_0190,33.98571428571428,4.0442857142857145,9.4,1.1285714285714286,0.5808571428571428,0.32875815292817423,7,-0.042714285714285705,21.0,4
USR_02459,1,1,1.0,2.0,2.0,10.91,1.0,6.0,1,1,0.0,1,STU_0494,44.800000000000004,6.627142857142857,4.7,3.6285714285714286,0.31857142857142856,0.48042743401385524,7,,35.0,26
USR_02459,9,1,1.0,10.0,10.0,12.46,1.0,5.0,1,1,0.0,1,STU_0494,39.74285714285714,6.668571428571428,5.314285714285715,4.2,0.3057142857142857,0.474553514848751,7,-0.16999999999999998,35.0,26
USR_02473,1,1,1.0,75.0,75.0,39.0,0.975,2.0,1,1,0.0,1,STU_0155,46.1,6.2057142857142855,4.6,4.442857142857143,0.3017142857142857,0.4142922629167328,7,,20.0,92
USR_02473,3,1,1.0,61.0,61.0,0.62,0.124,3.0,1,0,0.0,1,STU_0155,60.67142857142857,5.111428571428571,8.0,3.1714285714285713,0.5034285714285714,0.4614324364048805,7,0.18028571428571433,20.0,92
USR_02473,10,1,1.0,78.0,78.0,14.06,1.0,6.0,1,1,0.0,1,STU_0155,45.82857142857143,6.6657142857142855,4.8,3.742857142857143,0.28985714285714287,0.5220977795286503,7,-0.061714285714285666,20.0,92
USR_02473,14,1,1.0,50.0,50.0,42.82,1.0,9.0,1,0,1.0,1,STU_0155,63.75714285714286,5.452857142857143,7.642857142857143,2.9,0.4587142857142857,0.47983109404275914,7,0.1384285714285714,20.0,92
USR_02473,15,1,1.0,48.0,48.0,17.97,0.8985,10.0,1,0,1.0,1,STU_0155,60.699999999999996,4.767142857142857,7.028571428571429,3.1142857142857143,0.5002857142857142,0.3881668393820052,7,0.04157142857142854,20.0,92
USR_02474,1,1,1.0,26.0,26.0,10.14,1.0,9.0,1,1,0.0,1,STU_0094,41.457142857142856,6.295714285714285,5.171428571428572,4.142857142857143,0.2927142857142857,0.456405860626001,7,,25.0,39
USR_02474,3,1,1.0,8.0,8.0,39.62,0.9904999999999999,10.0,1,0,0.0,1,STU_0094,60.385714285714286,5.221428571428571,7.085714285714286,2.942857142857143,0.4391428571428571,0.442449700300602,7,0.10028571428571426,25.0,39
USR_02474,7,0,0.0,38.0,38.0,0.0,0.0,5.0,1,1,1.0,1,STU_0094,50.48571428571428,4.7457142857142856,6.928571428571429,3.5428571428571423,0.44971428571428573,0.48541893019986443,7,0.12285714285714283,25.0,39
USR_02474,9,0,0.0,48.0,48.0,0.0,0.0,7.0,1,1,1.0,1,STU_0094,44.7,6.824285714285715,5.128571428571428,3.3857142857142857,0.33314285714285713,0.4973218428263651,7,-0.16628571428571431,25.0,39
USR_02474,12,1,1.0,18.0,18.0,20.63,1.0,1.0,1,0,0.0,1,STU_0094,49.214285714285715,5.458571428571429,7.671428571428572,3.1285714285714286,0.4597142857142857,0.45146928860233215,7,0.11442857142857138,25.0,39
USR_02474,15,1,1.0,17.0,17.0,7.03,1.0,7.0,1,0,0.0,1,STU_0094,55.94285714285714,5.201428571428571,8.242857142857144,2.4071428571428575,0.49400000000000005,0.42537215856888555,7,-0.04071428571428565,25.0,39
USR_02476,3,1,1.0,13.0,13.0,25.98,1.0,5.0,1,1,0.0,1,STU_0171,53.635714285714286,4.824285714285714,6.957142857142857,2.8428571428571425,0.47985714285714287,0.4431316677475789,7,0.17585714285714288,27.0,66
USR_02476,6,1,1.0,27.0,27.0,4.63,0.46299999999999997,6.0,1,0,0.0,1,STU_0171,44.34285714285714,6.474285714285714,4.914285714285714,4.114285714285715,0.29414285714285715,0.43879745810732557,7,-0.023571428571428577,27.0,66
USR_02476,9,1,1.0,32.0,32.0,20.55,1.0,5.0,1,0,1.0,1,STU_0171,38.26428571428571,6.497142857142856,4.671428571428572,3.9714285714285715,0.2792857142857143,0.42835606478699434,7,-0.2258571428571428,27.0,66
USR_02476,13,1,1.0,95.0,95.0,9.67,0.967,5.0,1,0,1.0,1,STU_0171,45.9,6.71,5.328571428571428,3.3714285714285714,0.32799999999999996,0.5353762273117889,7,-0.1424285714285714,27.0,66
USR_02478,11,1,1.0,5.0,5.0,21.66,1.0,2.0,1,0,0.0,1,STU_0495,90.78571428571429,7.038571428571428,2.242857142857143,5.814285714285715,0.21785714285714283,0.6480008565358635,7,-0.07742857142857149,31.0,15
USR_02483,14,1,1.0,42.0,42.0,0.0,0.0,7.0,1,0,0.0,1,STU_0283,58.18571428571429,5.242142857142857,7.414285714285714,3.2857142857142856,0.4852857142857143,0.4362125407110225,7,0.16500000000000004,30.0,52
USR_02498,2,1,1.0,143.0,143.0,21.56,1.0,10.0,1,0,0.0,1,STU_0096,70.8,4.6000000000000005,7.3999999999999995,1.1285714285714286,0.49485714285714283,0.4843656658482157,7,-0.03457142857142864,22.0,53
USR_02498,3,1,1.0,276.0,276.0,40.06,1.0,5.0,1,1,0.0,1,STU_0096,63.51428571428572,3.1885714285714286,9.771428571428572,1.0,0.6628571428571428,0.4089871448678965,7,0.16799999999999998,22.0,53
USR_02498,5,1,1.0,68.0,68.0,44.32,1.0,5.0,1,0,1.0,1,STU_0096,124.52857142857144,4.994285714285715,7.3999999999999995,1.0571428571428572,0.4927142857142857,0.4004750244346738,7,-0.034142857142857086,22.0,53
USR_02498,13,1,1.0,36.0,36.0,10.8,1.0,1.0,1,1,1.0,1,STU_0096,62.55714285714286,5.198571428571428,8.314285714285715,1.2,0.5248571428571429,0.4801702589596911,7,-0.14142857142857135,22.0,53
USR_02498,14,1,1.0,72.0,72.0,12.02,1.0,7.0,1,0,1.0,1,STU_0096,79.60000000000001,3.7328571428571427,9.928571428571429,1.0,0.6487142857142858,0.45995339831743515,7,0.12385714285714289,22.0,53
USR_02498,15,1,1.0,11.0,11.0,37.4,0.9349999999999999,2.0,1,1,1.0,1,STU_0096,79.84285714285714,3.86,9.799999999999999,1.042857142857143,0.6452857142857144,0.4508877320189148,7,-0.0034285714285714475,22.0,53
USR_02502,2,1,1.0,8.0,8.0,12.79,0.6395,1.0,1,0,0.0,1,STU_0382,25.27142857142857,6.301428571428572,7.3999999999999995,1.5857142857142856,0.355,0.38635522773615644,7,-0.02100000000000002,43.0,29
USR_02502,4,1,1.0,1.0,1.0,20.61,1.0,5.0,1,1,1.0,1,STU_0382,22.52857142857143,5.535714285714286,6.471428571428571,1.2428571428571427,0.35057142857142853,0.4320029545519283,7,-0.22499999999999998,43.0,29
USR_02502,6,1,1.0,3.0,3.0,14.6,1.0,4.0,1,1,0.0,1,STU_0382,32.471428571428575,5.807142857142857,7.0,1.4000000000000001,0.39085714285714285,0.4236234514867361,7,-0.027428571428571413,43.0,29
USR_02502,9,1,1.0,3.0,3.0,36.72,0.9179999999999999,5.0,1,1,0.0,1,STU_0382,27.77142857142857,5.727142857142858,7.071428571428571,1.4000000000000001,0.434,0.4545633080318307,7,-0.1354285714285715,43.0,29
USR_02502,15,1,1.0,20.0,20.0,4.89,0.2445,5.0,1,0,0.0,1,STU_0382,32.31428571428571,4.414285714285714,9.242857142857144,1.2,0.6097142857142857,0.38805436048568165,7,0.06785714285714273,43.0,29
USR_02502,17,0,0.0,3.0,3.0,0.0,0.0,8.0,1,1,0.0,1,STU_0382,25.257142857142856,5.6657142857142855,7.071428571428571,1.3,0.40771428571428575,0.38942991937137184,7,-0.19642857142857145,43.0,29
USR_02506,14,1,1.0,11.0,11.0,0.39,0.078,9.0,1,0,1.0,1,STU_0134,98.31428571428572,6.527142857142857,6.0,4.685714285714285,0.4055714285714286,0.49133706715273556,7,0.12042857142857144,42.0,30
USR_02506,15,2,1.0,6.0,6.0,8.31,0.5,3.5,2,1,0.0,2,STU_0134,92.02857142857144,5.867142857142857,5.142857142857143,5.057142857142857,0.39985714285714286,0.5996426913723937,7,-0.005714285714285727,42.0,30
USR_02506,16,1,1.0,6.0,6.0,3.58,0.358,6.0,1,0,0.0,1,STU_0134,99.31428571428572,5.6499999999999995,5.6000000000000005,5.057142857142857,0.4414285714285714,0.5613209710909522,7,0.04157142857142854,42.0,30
USR_02524,3,0,0.0,5.0,5.0,0.0,0.0,7.0,1,0,0.0,1,STU_0322,49.957142857142856,4.2057142857142855,7.114285714285714,3.3285714285714287,0.5045714285714286,0.4594449488379726,7,0.1994285714285714,27.0,18
USR_02524,5,0,0.0,1.5,2.0,0.0,0.0,2.5,2,0,0.0,2,STU_0322,46.300000000000004,6.025714285714286,4.6571428571428575,4.1571428571428575,0.3078571428571429,0.48659313969740525,7,-0.04328571428571426,27.0,18
USR_02524,6,1,1.0,2.0,2.0,43.31,1.0,5.0,1,1,0.0,1,STU_0322,52.199999999999996,6.182857142857143,4.7,4.271428571428571,0.30742857142857144,0.5724698407001726,7,-0.0004285714285714448,27.0,18
USR_02524,14,2,1.0,4.5,5.0,17.759999999999998,1.0,6.0,2,2,0.5,2,STU_0322,54.628571428571426,5.051428571428572,6.642857142857143,3.4,0.4737142857142857,0.40181682371422184,7,0.17942857142857138,27.0,18
USR_02524,17,1,0.5,7.5,10.0,42.65,0.5,7.5,2,0,0.5,2,STU_0322,52.728571428571435,6.558571428571428,4.628571428571428,4.442857142857143,0.295,0.5064104691703298,7,-0.19328571428571434,27.0,18
USR_02529,2,1,1.0,12.0,12.0,40.13,1.0,4.0,1,0,0.0,1,STU_0385,86.91428571428571,7.3500000000000005,3.414285714285714,5.3428571428571425,0.284,0.562404495747275,7,0.03314285714285714,21.0,9
USR_02529,3,1,1.0,103.0,103.0,13.24,1.0,2.0,1,0,0.0,1,STU_0385,86.6857142857143,6.631428571428572,5.1571428571428575,4.871428571428572,0.3802857142857143,0.5688948585788715,7,0.09628571428571431,21.0,9
USR_02529,10,0,0.0,13.0,13.0,0.0,0.0,2.0,1,0,0.0,1,STU_0385,93.12857142857142,7.140000000000001,2.8428571428571425,6.271428571428571,0.24971428571428572,0.6522014124843826,7,-0.021571428571428575,21.0,9
USR_02530,2,1,1.0,147.0,147.0,9.93,0.993,6.0,1,0,0.0,1,STU_0213,65.07142857142857,6.443571428571429,4.728571428571429,4.614285714285714,0.32685714285714285,0.4899715827612641,7,-0.02971428571428575,32.0,84
USR_02530,4,1,1.0,98.0,98.0,46.09,1.0,5.0,1,1,0.0,1,STU_0213,37.81428571428571,6.505714285714285,5.514285714285714,4.285714285714286,0.334,0.49513630184231605,7,-0.07557142857142857,32.0,84
USR_02530,6,1,1.0,10.0,10.0,15.09,1.0,8.0,1,0,1.0,1,STU_0213,54.91428571428571,6.262857142857143,4.671428571428572,4.414285714285714,0.32628571428571423,0.5083329951087067,7,-0.019857142857142907,32.0,84
USR_02530,7,1,1.0,46.0,46.0,39.62,0.9904999999999999,8.0,1,0,1.0,1,STU_0213,65.30714285714285,5.660714285714286,7.914285714285714,2.685714285714286,0.4944285714285715,0.39145766352732825,7,0.16814285714285726,32.0,84
USR_02530,8,2,1.0,22.0,38.0,39.94,0.9684999999999999,4.5,2,2,0.5,2,STU_0213,62.5,5.4278571428571425,7.457142857142857,3.2857142857142856,0.49028571428571427,0.40530595944835995,7,-0.004142857142857226,32.0,84
USR_02530,10,1,1.0,17.0,17.0,13.58,1.0,1.0,1,1,0.0,1,STU_0213,47.142857142857146,6.325714285714286,4.5285714285714285,4.628571428571428,0.3092857142857143,0.5294623685095541,7,-0.019571428571428573,32.0,84
USR_02530,11,1,1.0,21.0,21.0,20.41,1.0,5.0,1,0,0.0,1,STU_0213,61.271428571428565,6.159999999999999,4.6000000000000005,3.9714285714285715,0.31871428571428567,0.5015721209348472,7,0.009428571428571397,32.0,84
USR_02530,14,1,1.0,45.0,45.0,19.28,0.9640000000000001,5.0,1,0,0.0,1,STU_0213,57.74285714285715,5.596428571428571,7.757142857142858,3.242857142857143,0.47257142857142853,0.4364679572716495,7,0.18285714285714283,32.0,84
USR_02532,2,0,0.0,33.0,33.0,0.0,0.0,6.0,1,1,0.0,1,STU_0049,35.285714285714285,6.008571428571429,6.514285714285714,1.6857142857142857,0.3814285714285714,0.47105914972825513,7,-0.041285714285714314,35.0,13
USR_02532,4,0,0.0,17.0,17.0,0.0,0.0,5.0,1,0,0.0,1,STU_0049,39.01428571428572,5.461428571428571,7.514285714285714,1.3571428571428572,0.44242857142857145,0.43010825699519684,7,-0.13328571428571429,35.0,13
USR_02532,9,0,0.0,9.5,15.0,0.0,0.0,9.0,2,1,0.0,2,STU_0049,23.314285714285713,5.832857142857143,6.428571428571429,2.028571428571429,0.402,0.37108729495249465,7,-0.18671428571428572,35.0,13
USR_02539,17,1,1.0,13.0,13.0,11.01,1.0,2.0,1,0,0.0,1,STU_0325,26.24285714285714,5.854285714285715,7.485714285714287,1.457142857142857,0.3598571428571429,0.38981881002735363,7,-0.23385714285714276,27.0,3
USR_02539,18,2,1.0,11.0,20.0,27.05,0.99775,4.0,2,2,0.5,2,STU_0325,18.7,5.07,9.4,1.0,0.528,0.278177559777918,1,0.16814285714285715,27.0,3
USR_02543,13,1,1.0,3.0,3.0,13.17,1.0,8.0,1,1,1.0,1,STU_0496,22.95714285714286,5.825,7.057142857142857,1.3571428571428572,0.3975714285714286,0.4256612424106157,7,-0.1161428571428571,22.0,6
USR_02543,17,1,1.0,8.0,8.0,36.52,0.913,5.0,1,1,0.0,1,STU_0496,32.357142857142854,5.7457142857142856,6.785714285714286,2.0571428571428574,0.39042857142857146,0.39898848298071676,7,-0.1885714285714285,22.0,6
USR_02547,1,1,1.0,5.0,5.0,12.86,1.0,5.0,1,0,1.0,1,STU_0318,51.04285714285714,6.477142857142858,4.628571428571428,4.442857142857143,0.2812857142857143,0.4925536950928637,7,,14.0,25
USR_02547,2,1,1.0,9.0,9.0,22.02,1.0,7.0,1,0,1.0,1,STU_0318,50.228571428571435,6.942857142857143,5.042857142857143,3.0285714285714285,0.28785714285714287,0.46510100445359653,7,0.006571428571428561,14.0,25
USR_02547,5,2,1.0,10.0,11.0,25.95,0.998,4.5,2,0,0.5,2,STU_0318,55.75714285714286,6.798571428571429,4.728571428571429,4.214285714285714,0.28514285714285714,0.49821496425039985,7,0.010285714285714287,14.0,25
USR_02547,9,1,1.0,34.0,34.0,17.0,0.85,4.0,1,1,0.0,1,STU_0318,43.41428571428571,6.382857142857143,4.7,4.014285714285714,0.29628571428571426,0.49976457112221084,7,-0.17071428571428576,14.0,25
USR_02547,10,1,1.0,78.0,78.0,22.33,1.0,6.0,1,0,1.0,1,STU_0318,37.214285714285715,6.354285714285714,5.357142857142857,4.714285714285714,0.32242857142857145,0.4639124117107198,7,0.02614285714285719,14.0,25
USR_02547,18,1,1.0,36.0,36.0,39.67,0.99175,7.0,1,0,0.0,1,STU_0318,53.7,5.96,5.0,5.6,0.327,0.5312070149632736,1,0.05585714285714283,14.0,25
USR_02565,1,1,1.0,24.0,24.0,9.45,0.945,8.0,1,1,0.0,1,STU_0122,89.01428571428572,7.79,2.814285714285714,5.871428571428572,0.2547142857142857,0.6119247416384705,7,,17.0,23
USR_02565,6,0,0.0,6.0,6.0,0.0,0.0,3.0,2,1,0.5,2,STU_0122,83.35714285714286,7.117142857142857,3.1285714285714286,5.471428571428571,0.2367142857142857,0.5324168105465138,7,0.027428571428571413,17.0,23
USR_02565,10,0,0.0,3.0,3.0,0.0,0.0,4.0,1,0,1.0,1,STU_0122,92.48571428571428,7.327142857142857,2.3285714285714283,5.8,0.24757142857142858,0.555759540182855,7,-0.021571428571428547,17.0,23
USR_02565,11,0,0.0,1.0,1.0,0.0,0.0,6.0,1,1,0.0,1,STU_0122,79.2,7.578571428571428,3.1999999999999997,5.985714285714286,0.192,0.5924026087434087,7,-0.05557142857142858,17.0,23
USR_02565,15,0,0.0,2.0,2.0,0.0,0.0,3.0,2,1,0.0,2,STU_0122,88.84285714285714,5.605714285714286,4.942857142857143,5.528571428571429,0.38257142857142856,0.6276517102852966,7,0.011571428571428566,17.0,23
USR_02577,5,1,1.0,132.0,132.0,41.5,1.0,5.0,1,0,1.0,1,STU_0393,31.5,5.885714285714286,7.057142857142857,1.4000000000000001,0.3948571428571429,0.3722186781930804,7,-0.005857142857142783,22.0,78
USR_02577,8,2,1.0,88.5,135.0,52.31,1.0,6.5,2,2,0.5,2,STU_0393,33.44285714285714,4.104285714285714,8.628571428571428,1.1857142857142857,0.5421428571428571,0.43024521283310374,7,-0.04342857142857148,22.0,78
USR_02580,11,1,1.0,2.0,2.0,22.75,1.0,5.0,1,1,1.0,1,STU_0334,23.97142857142857,5.227142857142858,7.085714285714286,1.3857142857142857,0.4775714285714286,0.43743731514441464,7,0.062000000000000055,24.0,38
USR_02580,14,0,0.0,4.0,4.0,0.0,0.0,3.0,1,1,1.0,1,STU_0334,47.6,3.3528571428571428,8.614285714285714,1.4714285714285715,0.625,0.3498683909588302,7,0.20757142857142857,24.0,38
USR_02580,16,1,1.0,31.0,31.0,22.18,1.0,3.0,1,0,0.0,1,STU_0334,30.585714285714285,4.218571428571429,8.471428571428572,1.3571428571428572,0.5372857142857143,0.4067364333003313,7,-0.0674285714285714,24.0,38
USR_02593,1,0,0.0,7.0,7.0,0.0,0.0,10.0,1,0,1.0,1,STU_0347,46.81428571428571,6.502142857142857,5.528571428571429,3.4857142857142853,0.34771428571428575,0.47186731132977894,7,,26.0,10
USR_02593,4,1,1.0,24.0,24.0,20.73,1.0,5.0,1,1,0.0,1,STU_0347,41.48571428571428,5.397142857142858,5.242857142857143,3.7714285714285714,0.3722857142857143,0.4663844796346637,7,-0.10871428571428571,26.0,10
USR_02593,14,1,1.0,17.0,17.0,7.85,0.7849999999999999,6.0,1,0,1.0,1,STU_0347,49.457142857142856,4.902857142857143,7.242857142857143,3.057142857142857,0.5115714285714286,0.37757930672241397,7,0.2157142857142857,26.0,10
USR_02595,1,1,1.0,29.0,29.0,39.52,0.9880000000000001,8.0,1,0,0.0,1,STU_0236,48.1,6.6499999999999995,4.242857142857143,4.442857142857143,0.2527142857142857,0.435490983003554,7,,38.0,15
USR_02595,7,1,1.0,4.0,4.0,21.47,1.0,7.0,1,0,1.0,1,STU_0236,57.24285714285715,4.991428571428571,7.0,2.942857142857143,0.4842857142857143,0.4311376863298756,7,0.18642857142857144,38.0,15
USR_02595,10,3,1.0,77.0,123.0,34.56,0.7923333333333334,6.0,2,1,0.0,3,STU_0236,44.5,6.082857142857143,5.0,4.257142857142857,0.29714285714285715,0.48037344165546697,7,-0.07200000000000001,38.0,15
USR_02595,15,2,1.0,29.0,52.0,15.34,0.496,1.0,1,0,1.0,2,STU_0236,57.25714285714286,4.661428571428571,7.171428571428572,2.4428571428571426,0.4667142857142857,0.4841133514098614,7,-0.06842857142857145,38.0,15
USR_02602,17,2,1.0,19.0,37.0,25.229999999999997,0.9259999999999999,8.5,2,0,1.0,2,STU_0205,43.5,6.308571428571428,5.6000000000000005,3.814285714285714,0.32485714285714284,0.5128959425005698,7,-0.17371428571428577,34.0,17
USR_02604,5,1,1.0,3.0,3.0,2.98,0.596,2.0,1,1,0.0,1,STU_0138,62.785714285714285,5.288571428571429,8.157142857142857,1.1714285714285713,0.511,0.44982839563426946,7,0.023857142857142855,32.0,27
USR_02604,7,0,0.0,1.0,1.0,0.0,0.0,8.0,1,0,0.0,1,STU_0138,65.71428571428571,3.9642857142857144,9.5,1.0,0.6667142857142857,0.4224963952274265,7,0.07642857142857151,32.0,27
USR_02604,13,1,1.0,11.0,11.0,9.13,0.913,3.0,1,1,1.0,1,STU_0138,64.31428571428572,4.861428571428571,7.514285714285714,1.0,0.5448571428571428,0.4323500477272639,7,-0.19414285714285717,32.0,27
USR_02604,16,1,1.0,10.0,10.0,21.15,1.0,4.0,1,1,1.0,1,STU_0138,62.942857142857136,4.047142857142857,9.671428571428573,1.0,0.6749999999999999,0.41870411737019714,7,-0.005857142857142894,32.0,27
USR_02619,1,0,0.0,1.0,1.0,0.0,0.0,4.0,1,0,1.0,1,STU_0289,20.342857142857145,5.801428571428572,7.185714285714285,1.457142857142857,0.4241428571428571,0.3725521221766589,7,,23.0,14
USR_02620,1,1,1.0,1.0,1.0,8.83,0.883,6.0,1,0,0.0,1,STU_0364,47.957142857142856,6.388571428571429,5.214285714285714,3.6999999999999997,0.3372857142857143,0.46862901721852573,7,,36.0,17
USR_02620,5,0,0.0,4.0,4.0,0.0,0.0,2.0,1,0,1.0,1,STU_0364,41.642857142857146,6.845714285714286,3.9857142857142853,4.3428571428571425,0.26357142857142857,0.46392643888516366,7,-0.08228571428571424,36.0,17
USR_02620,9,0,0.0,5.0,5.0,0.0,0.0,2.0,1,1,0.0,1,STU_0364,42.92857142857143,6.474285714285714,5.042857142857143,4.614285714285714,0.29557142857142854,0.43239166012795893,7,-0.15614285714285714,36.0,17
USR_02620,10,1,1.0,2.0,2.0,16.24,0.8119999999999999,8.0,1,0,1.0,1,STU_0364,54.57142857142857,6.301428571428572,5.485714285714286,3.4285714285714284,0.3201428571428572,0.5158455549957399,7,0.024571428571428633,36.0,17
USR_02620,13,1,0.5,8.0,10.0,10.99,0.5,5.5,2,1,0.0,2,STU_0364,43.385714285714286,6.482857142857143,5.3999999999999995,3.742857142857143,0.33285714285714285,0.5099519203106103,7,-0.12685714285714284,36.0,17
USR_02620,14,0,0.0,2.0,2.0,0.0,0.0,3.0,1,0,1.0,1,STU_0364,65.97142857142858,5.014285714285714,7.7,2.157142857142857,0.5081428571428571,0.41423554803582147,7,0.17528571428571427,36.0,17
USR_02628,2,1,1.0,30.0,30.0,0.0,0.0,9.0,1,1,0.0,1,STU_0447,57.300000000000004,6.256428571428572,5.885714285714286,3.5571428571428574,0.35300000000000004,0.49276809608172795,7,0.0007142857142857229,26.0,9
USR_02628,3,1,1.0,14.0,14.0,5.21,0.521,6.0,1,0,1.0,1,STU_0447,59.81428571428571,4.987142857142857,7.799999999999999,2.7857142857142856,0.5707142857142857,0.45206170753569236,7,0.2177142857142857,26.0,9
USR_02628,6,1,1.0,2.0,2.0,27.35,1.0,5.0,1,0,1.0,1,STU_0447,63.357142857142854,6.566428571428571,4.685714285714285,3.814285714285714,0.3257142857142857,0.5585186212231016,7,0.03485714285714281,26.0,9
USR_02628,8,0,0.0,29.0,29.0,0.0,0.0,6.0,1,0,0.0,1,STU_0447,61.24285714285714,4.734285714285714,7.957142857142856,2.5714285714285716,0.5281428571428571,0.3886964630235901,7,0.027857142857142803,26.0,9
USR_02628,15,1,1.0,8.0,8.0,4.98,0.9960000000000001,10.0,1,0,1.0,1,STU_0447,60.385714285714286,5.304285714285714,7.385714285714286,3.557142857142857,0.49128571428571427,0.4815310698139876,7,0.07714285714285712,26.0,9
USR_02632,7,0,0.0,10.0,10.0,0.0,0.0,1.0,1,0,1.0,1,STU_0112,38.142857142857146,4.498571428571429,8.742857142857144,1.2857142857142858,0.5727142857142857,0.3811676704166963,7,0.19528571428571434,32.0,29
USR_02632,10,0,0.0,15.0,15.0,0.0,0.0,9.0,1,0,0.0,1,STU_0112,24.685714285714287,5.652857142857143,6.928571428571429,1.8285714285714287,0.4201428571428571,0.4365428254450028,7,0.026571428571428524,32.0,29
USR_02632,14,2,1.0,15.0,19.0,41.68,0.9835,6.0,2,1,0.5,2,STU_0112,91.21428571428571,4.7871428571428565,9.257142857142856,1.2,0.5647142857142857,0.3971530174081304,7,0.19671428571428573,32.0,29
USR_02632,15,1,1.0,26.0,26.0,13.14,1.0,8.0,1,0,0.0,1,STU_0112,36.22857142857143,4.015714285714286,9.1,1.042857142857143,0.5854285714285714,0.4108798784654316,7,0.020714285714285685,32.0,29
USR_02632,17,1,1.0,2.0,2.0,6.57,0.657,3.0,1,1,0.0,1,STU_0112,28.82857142857143,6.045714285714285,6.585714285714286,1.0857142857142856,0.384,0.3987319373177879,7,-0.16500000000000004,32.0,29
USR_02637,3,1,1.0,24.0,24.0,40.3,1.0,1.0,1,0,0.0,1,STU_0351,55.15714285714286,5.381428571428572,7.042857142857143,3.814285714285714,0.4825714285714286,0.44534999211750276,7,0.202,24.0,98
USR_02637,4,1,1.0,47.0,47.0,13.54,0.6769999999999999,9.0,1,0,1.0,1,STU_0351,47.05714285714286,6.724285714285714,4.957142857142857,3.7714285714285714,0.2991428571428571,0.5666252266371251,7,-0.1834285714285715,24.0,98
USR_02637,6,1,1.0,15.0,15.0,11.09,1.0,5.0,1,0,0.0,1,STU_0351,48.65714285714286,6.482857142857143,5.6000000000000005,3.557142857142857,0.3355714285714286,0.4583443473676455,7,0.029000000000000026,24.0,98
USR_02645,9,1,1.0,18.0,18.0,19.64,0.982,9.0,1,1,0.0,1,STU_0268,79.68571428571428,7.464285714285714,2.857142857142857,6.128571428571428,0.19999999999999998,0.6350371971792805,7,-0.1842857142857143,21.0,20
USR_02645,18,0,0.0,52.0,52.0,0.0,0.0,8.0,1,1,1.0,1,STU_0268,78.4,6.58,4.4,3.8,0.272,0.6646479462881576,1,0.02200000000000002,21.0,20
USR_02660,6,1,1.0,5.0,5.0,38.06,0.9515,6.0,1,1,1.0,1,STU_0394,84.27857142857142,7.385714285714286,2.8714285714285714,6.071428571428571,0.20199999999999999,0.5473530187276557,7,-0.0631428571428572,25.0,10
USR_02660,8,2,0.6666666666666666,18.333333333333332,44.0,45.54,0.5982500000000001,5.666666666666667,2,1,0.3333333333333333,3,STU_0394,98.34285714285714,5.625714285714286,5.1000000000000005,4.3428571428571425,0.442,0.5920711271505178,7,0.016714285714285737,25.0,10
USR_02660,12,1,1.0,5.0,5.0,43.04,1.0,5.0,1,0,1.0,1,STU_0394,104.5,5.824285714285714,5.371428571428572,4.614285714285714,0.3832857142857143,0.5547127775283505,7,0.13814285714285715,25.0,10
USR_02660,13,1,1.0,5.0,5.0,10.36,1.0,10.0,1,0,0.0,1,STU_0394,76.89999999999999,6.735714285714286,3.1714285714285713,5.5928571428571425,0.25742857142857145,0.5694360546863196,7,-0.12585714285714283,25.0,10
USR_02660,14,1,1.0,6.0,6.0,6.42,0.642,7.0,1,0,0.0,1,STU_0394,98.14999999999999,5.952857142857143,5.271428571428571,5.1499999999999995,0.4027142857142857,0.5777781201667552,7,0.14528571428571424,25.0,10
USR_02664,3,1,1.0,5.0,5.0,21.99,1.0,3.0,1,1,1.0,1,STU_0074,90.61428571428571,6.564285714285715,5.585714285714286,4.6571428571428575,0.37442857142857144,0.5260279229137331,7,0.10685714285714287,24.0,34
USR_02664,8,0,0.0,9.0,9.0,0.0,0.0,4.0,1,0,1.0,1,STU_0074,87.41428571428571,5.201428571428572,5.2,5.328571428571428,0.4358571428571429,0.5103453138776174,7,-0.03585714285714281,24.0,34
USR_02664,12,1,1.0,4.0,4.0,19.39,0.9695,3.0,1,1,0.0,1,STU_0074,88.2,5.1000000000000005,5.242857142857143,5.185714285714285,0.42857142857142855,0.5755794834456831,7,0.20814285714285713,24.0,34
USR_02664,16,1,1.0,2.0,2.0,15.83,0.7915,7.0,1,1,0.0,1,STU_0074,96.27142857142857,6.18,5.057142857142857,5.885714285714286,0.3954285714285714,0.6426868344007105,7,-0.02400000000000002,24.0,34
USR_02664,18,1,1.0,14.0,14.0,7.43,0.743,2.0,1,0,0.0,1,STU_0074,70.6,9.02,2.7,7.7,0.108,0.6657662835348117,1,-0.10657142857142858,24.0,34
USR_02668,4,0,0.0,2.0,2.0,0.0,0.0,9.0,1,1,0.0,1,STU_0373,46.207142857142856,6.672857142857143,5.142857142857143,3.5714285714285716,0.3321428571428572,0.48400623557413086,7,-0.13357142857142856,40.0,23
USR_02668,6,1,1.0,1.0,1.0,9.1,0.9099999999999999,6.0,1,0,1.0,1,STU_0373,46.464285714285715,6.205,5.1000000000000005,3.0571428571428574,0.33057142857142857,0.4490386255373843,7,0.0011428571428571122,40.0,23
USR_02668,9,1,1.0,1.0,1.0,36.89,0.92225,5.0,1,0,0.0,1,STU_0373,46.67142857142857,6.841428571428572,4.671428571428572,4.314285714285714,0.2917142857142857,0.5219733679844338,7,-0.20857142857142852,40.0,23
USR_02668,13,1,1.0,6.0,6.0,0.0,0.0,10.0,1,0,0.0,1,STU_0373,59.58571428571429,5.807142857142857,4.357142857142857,4.085714285714286,0.2732857142857143,0.5140532761513579,7,-0.2582857142857143,40.0,23
USR_02668,14,2,1.0,5.5,10.0,39.730000000000004,0.913,6.0,2,0,0.5,2,STU_0373,46.15714285714286,5.047857142857143,7.5,3.2142857142857144,0.47028571428571425,0.38981321982046474,7,0.19699999999999995,40.0,23
USR_02669,3,1,1.0,8.0,8.0,40.79,1.0,1.0,1,1,0.0,1,STU_0086,95.84285714285714,6.104285714285715,6.021428571428571,4.1571428571428575,0.4561428571428571,0.4981454969246644,7,0.1737142857142857,27.0,33
USR_02669,4,0,0.0,5.0,5.0,0.0,0.0,10.0,1,0,1.0,1,STU_0086,75.8,7.188571428571429,3.6999999999999997,5.585714285714286,0.28785714285714287,0.515657955056036,7,-0.16828571428571426,27.0,33
USR_02669,7,0,0.0,11.0,11.0,0.0,0.0,2.0,1,0,1.0,1,STU_0086,100.75714285714285,5.711428571428571,5.542857142857143,4.3428571428571425,0.4328571428571429,0.5374895959465166,7,0.1502857142857143,27.0,33
USR_02669,9,1,1.0,13.0,13.0,12.63,1.0,6.0,1,0,0.0,1,STU_0086,76.31428571428572,7.381428571428572,3.614285714285714,5.085714285714286,0.28814285714285715,0.5606351333303983,7,-0.1382857142857143,27.0,33
USR_02669,12,2,1.0,15.0,22.0,28.75,0.95025,7.0,2,2,0.0,2,STU_0086,93.14285714285714,5.97,4.871428571428572,5.228571428571429,0.3961428571428572,0.6050645087266691,7,0.06528571428571434,27.0,33
USR_02669,17,1,1.0,1.0,1.0,7.76,0.776,3.0,1,0,0.0,1,STU_0086,96.47142857142856,6.992857142857143,3.142857142857143,4.985714285714286,0.256,0.5468406343635323,7,-0.16857142857142854,27.0,33
USR_02678,5,1,1.0,47.0,47.0,21.41,1.0,2.0,1,1,0.0,1,STU_0158,23.485714285714288,6.21,8.128571428571428,1.1428571428571428,0.4427142857142857,0.36153672493221667,7,0.05628571428571427,22.0,11
USR_02678,11,1,1.0,104.0,104.0,17.94,0.897,8.0,1,0,1.0,1,STU_0158,31.985714285714288,5.926428571428572,6.914285714285714,1.7857142857142858,0.41514285714285715,0.42405977088855884,7,-0.016571428571428515,22.0,11
USR_02678,12,1,1.0,5.0,5.0,19.74,0.9869999999999999,6.0,1,0,1.0,1,STU_0158,40.74285714285714,4.032857142857143,9.242857142857144,1.4428571428571428,0.5761428571428571,0.3712586135888366,7,0.16099999999999992,22.0,11
USR_02678,13,1,1.0,75.0,75.0,7.6,0.76,6.0,1,0,1.0,1,STU_0158,19.171428571428574,6.062857142857142,7.3999999999999995,1.542857142857143,0.3568571428571429,0.3817451091492342,7,-0.2192857142857142,22.0,11
USR_02678,18,1,1.0,35.0,35.0,41.64,1.0,9.0,1,0,0.0,1,STU_0158,37.6,6.77,5.3,2.6,0.227,0.5064805502905038,1,-0.19942857142857148,22.0,11
USR_02679,4,2,1.0,34.0,48.0,49.34,0.958,4.0,2,0,0.5,2,STU_0002,49.08571428571429,6.532857142857144,4.414285714285714,4.5285714285714285,0.33285714285714285,0.4986236509423387,7,-0.1492857142857143,35.0,13
USR_02679,8,1,1.0,43.0,43.0,28.65,1.0,1.0,1,0,1.0,1,STU_0002,61.228571428571435,5.1450000000000005,6.714285714285714,3.3857142857142857,0.4848571428571429,0.3753220090396373,7,-0.02557142857142858,35.0,13
USR_02679,12,2,1.0,24.0,37.0,36.78,0.90425,3.0,2,1,0.5,2,STU_0002,56.31428571428571,6.002142857142857,6.528571428571429,3.942857142857143,0.4081428571428572,0.42083932814161873,7,0.035428571428571476,35.0,13
USR_02679,13,1,1.0,8.0,8.0,6.15,0.615,6.0,1,0,1.0,1,STU_0002,54.285714285714285,6.6049999999999995,5.7,4.114285714285715,0.359,0.4060789567627411,7,-0.04914285714285721,35.0,13
USR_02679,14,1,1.0,33.0,33.0,20.19,1.0,6.0,1,0,0.0,1,STU_0002,62.542857142857144,5.067857142857143,7.742857142857143,3.585714285714286,0.49614285714285716,0.3822507205513596,7,0.13714285714285718,35.0,13
USR_02682,6,0,0.0,6.0,6.0,0.0,0.0,5.0,1,0,1.0,1,STU_0245,43.32857142857143,6.585714285714286,5.985714285714286,3.6571428571428575,0.3465714285714286,0.45915964662552927,7,0.044571428571428595,34.0,34
USR_02682,12,1,1.0,5.0,5.0,0.0,0.0,6.0,1,0,1.0,1,STU_0245,64.3,4.981428571428571,7.171428571428572,3.414285714285714,0.45442857142857146,0.4633368574179081,7,0.10000000000000003,34.0,34
USR_02682,16,0,0.0,22.0,22.0,0.0,0.0,5.0,1,0,0.0,1,STU_0245,57.68571428571429,5.1971428571428575,7.164285714285714,2.6571428571428575,0.45671428571428574,0.4424875361731315,7,-0.0912857142857143,34.0,34
USR_02690,1,2,1.0,5.5,10.0,21.86,0.719,6.0,2,0,0.5,2,STU_0132,17.871428571428574,5.993571428571428,7.728571428571429,1.1428571428571428,0.39299999999999996,0.3877530802838338,7,,28.0,20
USR_02690,9,1,0.3333333333333333,1.0,1.0,3.99,0.266,3.6666666666666665,3,0,0.3333333333333333,3,STU_0132,21.571428571428573,5.8100000000000005,7.257142857142857,1.8571428571428572,0.43057142857142855,0.34222021911319656,7,-0.11428571428571427,28.0,20
USR_02690,10,0,0.0,3.0,3.0,0.0,0.0,7.0,1,0,0.0,1,STU_0132,29.314285714285713,5.922857142857143,6.971428571428571,1.042857142857143,0.3964285714285714,0.38066990585410754,7,-0.03414285714285714,28.0,20
USR_02704,13,1,1.0,29.0,29.0,38.53,0.96325,5.0,1,0,1.0,1,STU_0360,53.471428571428575,6.284285714285715,5.728571428571429,4.128571428571428,0.3718571428571429,0.4195596642782612,7,-0.19271428571428573,24.0,18
USR_02704,14,0,0.0,37.0,37.0,0.0,0.0,9.0,1,1,0.0,1,STU_0360,67.77142857142857,4.845714285714286,6.814285714285715,2.9714285714285715,0.4654285714285714,0.40758395246876633,7,0.09357142857142853,24.0,18
USR_02704,15,1,1.0,7.0,7.0,40.41,1.0,9.0,1,0,1.0,1,STU_0360,70.47857142857143,4.931428571428571,7.514285714285714,3.3714285714285714,0.5384285714285715,0.44941311923005245,7,0.07300000000000006,24.0,18
USR_02706,1,0,0.0,6.0,6.0,0.0,0.0,5.0,1,0,1.0,1,STU_0489,89.04285714285713,7.251428571428571,2.8714285714285714,5.6571428571428575,0.2454285714285714,0.5653320226941367,7,,18.0,19
USR_02706,3,1,1.0,1.0,1.0,5.64,1.0,6.0,1,1,0.0,1,STU_0489,95.62857142857142,5.3999999999999995,5.1571428571428575,4.171428571428572,0.4337142857142857,0.5224472731953588,7,0.17971428571428572,18.0,19
USR_02706,5,1,1.0,3.0,3.0,18.66,0.933,4.0,1,0,0.0,1,STU_0489,72.61428571428571,7.248571428571429,3.3000000000000003,5.385714285714286,0.21014285714285716,0.5083241184760502,7,-0.026428571428571412,18.0,19
USR_02706,7,0,0.0,71.0,71.0,0.0,0.0,5.0,1,0,1.0,1,STU_0489,87.48571428571428,5.744285714285715,5.0,5.271428571428571,0.42700000000000005,0.5261786903707646,7,0.16671428571428576,18.0,19
USR_02706,11,1,1.0,38.0,38.0,9.56,0.9560000000000001,8.0,1,1,0.0,1,STU_0489,94.60000000000001,7.390000000000001,2.9857142857142853,5.457142857142857,0.24514285714285713,0.4961667008258219,7,0.03085714285714286,18.0,19
USR_02707,12,0,0.0,31.0,31.0,0.0,0.0,9.0,1,0,1.0,1,STU_0432,68.05714285714285,5.171428571428572,8.314285714285713,2.5,0.5417142857142857,0.48321728071298725,7,0.20328571428571424,30.0,4
USR_02707,14,1,1.0,92.0,92.0,40.06,1.0,7.0,1,0,0.0,1,STU_0432,56.957142857142856,4.625714285714286,6.857142857142857,3.0,0.45671428571428574,0.47682368800555713,7,0.10085714285714287,30.0,4
USR_02707,15,1,1.0,2.0,2.0,11.15,1.0,6.0,1,0,0.0,1,STU_0432,54.44285714285714,5.097142857142857,8.0,2.9,0.4888571428571429,0.427955985307407,7,0.03214285714285714,30.0,4
USR_02707,16,0,0.0,42.0,42.0,0.0,0.0,7.0,1,0,0.0,1,STU_0432,75.61428571428571,4.984285714285714,8.071428571428571,2.957142857142857,0.5225714285714286,0.46320530293263956,7,0.0337142857142857,30.0,4
USR_02707,17,1,1.0,94.0,94.0,2.06,0.41200000000000003,6.0,1,0,1.0,1,STU_0432,52.17142857142857,6.122857142857143,5.414285714285714,4.214285714285714,0.3607142857142857,0.4952148912694389,7,-0.16185714285714287,30.0,4
USR_02710,10,0,0.0,1.0,1.0,0.0,0.0,10.0,1,0,1.0,1,STU_0438,47.885714285714286,6.757142857142858,5.042857142857143,4.742857142857143,0.31142857142857144,0.4616000880775501,7,-0.05499999999999999,23.0,29
USR_02710,12,0,0.0,13.0,13.0,0.0,0.0,9.0,1,0,1.0,1,STU_0438,48.628571428571426,4.964285714285714,7.057142857142857,2.957142857142857,0.4481428571428571,0.46401742537620455,7,0.13,23.0,29
USR_02719,8,1,1.0,39.0,39.0,11.31,1.0,8.0,1,0,1.0,1,STU_0383,36.58571428571428,4.075714285714286,9.728571428571428,1.1428571428571428,0.5807142857142857,0.3561473484495705,7,0.016000000000000014,25.0,17
USR_02719,11,1,1.0,16.0,16.0,40.54,1.0,5.0,1,0,0.0,1,STU_0383,26.900000000000002,5.771428571428572,6.7,1.0857142857142856,0.3901428571428571,0.5165881362809318,7,-0.018285714285714294,25.0,17
USR_02719,12,1,1.0,10.0,10.0,10.02,1.0,1.0,1,1,1.0,1,STU_0383,30.892857142857142,4.364285714285715,9.700000000000001,1.1,0.5808571428571428,0.3793197984423597,7,0.19071428571428573,25.0,17
USR_02719,17,1,0.5,5.0,6.0,38.95,0.48687500000000006,7.5,2,0,0.0,2,STU_0383,30.099999999999998,5.655714285714287,7.1000000000000005,1.2714285714285716,0.42600000000000005,0.3509692044141974,7,-0.17142857142857149,25.0,17
USR_02725,9,0,0.0,15.0,15.0,0.0,0.0,3.0,1,1,0.0,1,STU_0244,44.471428571428575,6.7871428571428565,4.914285714285714,4.485714285714286,0.28500000000000003,0.47706977724725164,7,-0.24371428571428566,27.0,32
USR_02725,14,0,0.0,4.0,4.0,0.0,0.0,6.0,1,0,0.0,1,STU_0244,53.714285714285715,5.119285714285715,6.95,3.2714285714285714,0.47471428571428576,0.4151600586069945,7,0.17700000000000005,27.0,32
USR_02725,15,0,0.0,6.5,10.0,0.0,0.0,1.5,2,0,0.5,2,STU_0244,57.34285714285714,5.485,8.242857142857144,2.2,0.501,0.4629241835950146,7,0.026285714285714246,27.0,32
USR_02725,17,0,0.0,6.0,6.0,0.0,0.0,4.0,1,1,0.0,1,STU_0244,60.39999999999999,6.260714285714286,5.314285714285715,3.5714285714285716,0.30757142857142855,0.5147839285771579,7,-0.18714285714285717,27.0,32
USR_02725,18,0,0.0,1.0,1.0,0.0,0.0,1.0,1,0,0.0,1,STU_0244,39.7,6.42,4.7,3.2,0.195,0.6001976990542631,1,-0.11257142857142854,27.0,32
USR_02738,1,1,1.0,8.0,8.0,21.58,1.0,2.0,1,1,0.0,1,STU_0335,28.057142857142857,5.921428571428572,7.828571428571428,1.2285714285714284,0.4345714285714286,0.44249179758514323,7,,29.0,9
USR_02738,10,0,0.0,6.0,6.0,0.0,0.0,4.0,1,0,0.0,1,STU_0335,22.185714285714283,5.505714285714285,5.828571428571428,2.3285714285714287,0.359,0.39770964771099,7,-0.04099999999999998,29.0,9
USR_02738,13,1,1.0,13.0,13.0,37.23,0.93075,6.0,1,0,0.0,1,STU_0335,31.8,5.761428571428572,6.771428571428571,1.0285714285714287,0.38157142857142856,0.43490559661316514,7,-0.20571428571428574,29.0,9
USR_02738,14,0,0.0,7.0,7.0,0.0,0.0,7.0,1,0,0.0,1,STU_0335,43.75714285714286,4.548571428571429,9.471428571428572,1.0,0.5827142857142856,0.40981108407116296,7,0.20114285714285707,29.0,9
USR_02739,3,1,1.0,80.0,80.0,21.1,1.0,8.0,1,0,1.0,1,STU_0409,61.55714285714286,4.628571428571428,7.257142857142857,3.0357142857142856,0.5095714285714286,0.46518450970976655,7,0.2138571428571428,26.0,60
USR_02739,7,1,1.0,16.0,16.0,0.0,0.0,9.0,1,0,1.0,1,STU_0409,53.699999999999996,4.982857142857143,7.6571428571428575,3.0,0.5277142857142857,0.44940508226514136,7,0.23314285714285715,26.0,60
USR_02739,18,1,1.0,86.0,86.0,8.22,0.8220000000000001,5.0,1,1,0.0,1,STU_0409,64.4,6.0,4.6,3.7,0.39,0.3834453905506116,1,0.05414285714285716,26.0,60
USR_02744,1,1,1.0,17.0,17.0,10.67,1.0,2.0,1,0,1.0,1,STU_0421,83.87142857142858,7.111428571428571,3.085714285714286,6.385714285714286,0.21685714285714286,0.5672168080543295,7,,37.0,16
USR_02744,14,1,0.3333333333333333,30.666666666666668,37.0,1.72,0.11466666666666665,6.333333333333333,3,1,0.6666666666666666,3,STU_0421,93.07142857142857,5.935714285714285,5.214285714285714,5.2,0.43442857142857144,0.531981462834615,7,0.20385714285714288,37.0,16
USR_02744,16,1,1.0,51.0,51.0,23.13,1.0,2.0,1,0,1.0,1,STU_0421,92.84285714285714,5.327142857142857,5.628571428571428,4.857142857142857,0.458,0.5129624456185224,7,-0.009000000000000008,37.0,16
USR_02745,5,0,0.0,46.5,73.0,0.0,0.0,5.0,2,1,0.0,2,STU_0284,52.74285714285715,6.5442857142857145,5.7,3.8285714285714287,0.36985714285714283,0.5084335106648294,7,0.024571428571428577,25.0,35
USR_02745,7,1,1.0,10.0,10.0,5.4,1.0,7.0,1,0,0.0,1,STU_0284,63.285714285714285,5.2457142857142856,7.028571428571428,3.457142857142857,0.496,0.4501951801144628,7,0.14257142857142852,25.0,35
USR_02745,8,0,0.0,11.0,11.0,0.0,0.0,5.0,1,0,1.0,1,STU_0284,58.48571428571428,5.102857142857142,7.457142857142857,3.2714285714285714,0.4705714285714286,0.4721757537580437,7,-0.02542857142857141,25.0,35
USR_02745,9,0,0.0,24.0,24.0,0.0,0.0,1.0,1,0,1.0,1,STU_0284,48.74285714285714,6.578571428571428,4.485714285714286,4.014285714285714,0.29014285714285715,0.48456931600932907,7,-0.18042857142857144,25.0,35
USR_02745,10,2,1.0,8.0,8.0,47.3,0.60125,3.5,2,0,0.5,2,STU_0284,106.57142857142857,6.71,5.278571428571429,4.042857142857143,0.31357142857142856,0.46841040253856214,7,0.02342857142857141,25.0,35
USR_02753,2,1,1.0,4.0,4.0,25.47,1.0,3.0,1,0,0.0,1,STU_0300,90.68571428571428,6.992857142857143,2.9857142857142853,5.8428571428571425,0.28700000000000003,0.589339897309285,7,0.032571428571428584,27.0,15
USR_02753,5,0,0.0,11.0,11.0,0.0,0.0,5.0,1,0,1.0,1,STU_0300,85.42857142857143,7.385714285714286,3.1357142857142857,6.214285714285714,0.24242857142857144,0.5454395286043608,7,-0.06271428571428572,27.0,15
USR_02759,3,1,1.0,10.0,10.0,21.25,1.0,8.0,1,0,0.0,1,STU_0219,49.857142857142854,4.772857142857142,6.785714285714286,3.042857142857143,0.452,0.42899575893475556,7,0.17985714285714288,18.0,26
USR_02759,4,1,1.0,7.0,7.0,18.12,0.906,1.0,1,0,0.0,1,STU_0219,48.542857142857144,6.632857142857143,5.271428571428571,3.4,0.3407142857142857,0.4898874620889674,7,-0.11128571428571432,18.0,26
USR_02759,7,1,1.0,12.0,12.0,44.28,1.0,6.0,1,0,0.0,1,STU_0219,58.01428571428572,4.751428571428571,7.757142857142857,2.7142857142857144,0.5015714285714286,0.41163355300630083,7,0.21400000000000002,18.0,26
USR_02759,8,0,0.0,13.0,23.0,0.0,0.0,6.5,2,0,0.0,2,STU_0219,69.44285714285715,4.63,7.8999999999999995,2.8714285714285714,0.4987142857142857,0.45600282987032154,7,-0.002857142857142836,18.0,26
USR_02760,4,1,1.0,47.0,47.0,19.89,0.9945,4.0,1,0,1.0,1,STU_0288,45.57142857142857,6.932857142857143,5.328571428571428,3.607142857142857,0.33442857142857146,0.5087391062977247,7,-0.16785714285714287,26.0,22
USR_02760,7,1,1.0,26.0,26.0,21.04,1.0,4.0,1,0,0.0,1,STU_0288,61.10000000000001,4.714285714285714,7.885714285714286,3.0785714285714287,0.5032857142857143,0.43063786126065073,7,0.2271428571428572,26.0,22
USR_02760,11,1,1.0,37.0,37.0,17.93,0.8965,1.0,1,0,0.0,1,STU_0288,59.18571428571429,6.280714285714287,5.257142857142857,4.207142857142857,0.3281428571428572,0.48887763203932694,7,0.0020000000000000573,26.0,22
USR_02760,13,0,0.0,26.0,26.0,0.0,0.0,9.0,1,1,0.0,1,STU_0288,46.142857142857146,6.771428571428571,4.585714285714286,4.757142857142857,0.30785714285714283,0.4422489953028507,7,-0.11399999999999999,26.0,22
USR_02760,14,1,1.0,20.0,20.0,21.49,1.0,7.0,1,0,1.0,1,STU_0288,55.98571428571428,4.844285714285713,7.985714285714286,3.3857142857142857,0.5101428571428571,0.4290070864013077,7,0.2022857142857143,26.0,22
USR_02780,4,1,1.0,68.0,68.0,38.19,0.95475,5.0,1,0,1.0,1,STU_0178,56.01428571428572,7.13,4.0,4.014285714285714,0.2527142857142857,0.4806040044450395,7,-0.24014285714285716,26.0,11
USR_02780,9,1,1.0,117.0,117.0,45.95,1.0,5.0,1,0,0.0,1,STU_0178,54.885714285714286,6.751428571428571,5.028571428571429,3.5714285714285716,0.3047142857142857,0.45527730179401055,7,-0.20614285714285718,26.0,11
USR_02780,11,2,1.0,29.0,48.0,52.16,0.98525,6.0,2,1,0.5,2,STU_0178,103.34285714285716,6.622857142857143,4.914285714285714,4.3,0.31285714285714283,0.4704001760502078,7,0.01428571428571429,26.0,11
USR_02780,12,1,1.0,44.0,44.0,19.64,0.982,5.0,1,0,0.0,1,STU_0178,64.42142857142856,5.1000000000000005,7.614285714285714,2.5714285714285716,0.4818571428571429,0.4511187340279682,7,0.16900000000000004,26.0,11
USR_02780,13,1,1.0,76.0,76.0,25.61,1.0,7.0,1,1,1.0,1,STU_0178,54.885714285714286,6.345714285714286,4.814285714285715,3.7285714285714286,0.3165714285714286,0.4090610795634855,7,-0.16528571428571426,26.0,11
USR_02780,14,1,1.0,13.0,13.0,23.65,1.0,10.0,1,0,0.0,1,STU_0178,66.0,5.722857142857143,6.957142857142857,3.3428571428571425,0.44485714285714284,0.475713549330912,7,0.12828571428571423,26.0,11
USR_02780,18,1,0.5,42.0,57.0,14.46,0.36150000000000004,7.5,2,1,0.0,2,STU_0178,44.7,7.52,4.6,4.2,0.323,0.3284202378609648,1,0.025000000000000022,26.0,11
USR_02787,5,1,1.0,107.0,107.0,13.38,1.0,6.0,1,0,1.0,1,STU_0290,112.37857142857142,6.594285714285715,5.442857142857143,4.128571428571429,0.3261428571428571,0.4419808904822891,7,-0.02171428571428574,29.0,33
USR_02787,9,1,1.0,79.0,79.0,23.82,1.0,5.0,1,1,0.0,1,STU_0290,45.5,6.361428571428571,5.328571428571428,3.4714285714285715,0.3058571428571429,0.5591144211244944,7,-0.21214285714285713,29.0,33
USR_02787,11,1,1.0,28.0,28.0,42.1,1.0,8.0,1,0,0.0,1,STU_0290,49.91428571428571,6.434285714285714,5.457142857142857,3.2714285714285714,0.34228571428571425,0.479589561646204,7,0.06271428571428567,29.0,33
USR_02787,18,1,1.0,365.0,365.0,4.09,0.818,1.0,1,0,1.0,1,STU_0290,60.3,6.14,5.7,4.9,0.325,0.3880643805243654,1,0.007285714285714284,29.0,33
USR_02826,16,0,0.0,13.0,13.0,0.0,0.0,5.0,1,0,1.0,1,STU_0396,63.84285714285714,5.002857142857144,7.214285714285714,3.0714285714285716,0.4511428571428571,0.44327217231234,7,-0.060428571428571554,38.0,30
USR_02826,18,1,0.5,19.5,22.0,9.31,0.4655,6.0,1,0,0.0,2,STU_0396,44.3,5.93,3.0,5.1,0.322,0.3014997757133232,1,-0.0050000000000000044,38.0,30
USR_02847,8,2,1.0,15.5,19.0,56.57000000000001,0.911,5.0,2,1,0.0,2,STU_0470,88.78571428571429,5.945714285714286,5.357142857142857,4.857142857142857,0.40785714285714286,0.5333990221161599,7,-0.010428571428571398,33.0,8
USR_02847,9,1,1.0,22.0,22.0,38.95,0.9737500000000001,9.0,1,0,0.0,1,STU_0470,92.60000000000001,6.932857142857143,2.9,6.514285714285714,0.21757142857142858,0.5707261940283492,7,-0.19028571428571428,33.0,8
USR_02847,12,1,1.0,27.0,27.0,36.95,0.9237500000000001,9.0,1,0,0.0,1,STU_0470,93.77142857142857,5.281428571428571,5.414285714285714,5.114285714285714,0.4122857142857143,0.48185183180595914,7,0.19742857142857145,33.0,8
USR_02847,15,1,1.0,28.0,28.0,4.09,0.409,1.0,1,0,0.0,1,STU_0470,92.85714285714286,5.4799999999999995,5.042857142857143,5.357142857142857,0.4112857142857143,0.5777216644452782,7,0.027142857142857135,33.0,8
USR_02852,4,1,1.0,55.0,55.0,37.48,0.9369999999999999,5.0,1,0,0.0,1,STU_0387,28.471428571428568,5.582857142857143,7.3999999999999995,1.1857142857142857,0.4232857142857143,0.43640470412371035,7,-0.1395714285714285,22.0,13
USR_02852,8,1,1.0,45.0,45.0,25.77,1.0,1.0,1,1,1.0,1,STU_0387,35.3,3.6700000000000004,8.971428571428572,1.2142857142857142,0.5994285714285714,0.3654581971986616,7,-0.005714285714285672,22.0,13
USR_02852,12,3,1.0,29.666666666666668,77.0,67.19999999999999,0.8555,5.666666666666667,3,1,0.0,3,STU_0387,45.48571428571428,4.261428571428572,9.221428571428572,1.2142857142857142,0.5884285714285714,0.4321929231958058,7,0.176,22.0,13
USR_02852,13,1,1.0,51.0,51.0,3.49,0.6980000000000001,6.0,1,1,1.0,1,STU_0387,27.514285714285712,6.531428571428571,6.6571428571428575,1.4285714285714286,0.33414285714285713,0.40891941561167255,7,-0.2542857142857143,22.0,13
USR_02852,15,1,1.0,4.0,4.0,43.79,1.0,2.0,1,0,0.0,1,STU_0387,38.32857142857143,4.397142857142858,9.028571428571428,1.5142857142857142,0.5571428571428572,0.359027308539076,7,-0.019571428571428573,22.0,13
USR_02863,3,1,1.0,59.0,59.0,44.18,1.0,4.0,1,0,0.0,1,STU_0304,38.75714285714286,4.331428571428572,9.228571428571428,1.3142857142857143,0.6134285714285715,0.29335156417060476,7,0.24871428571428583,24.0,77
USR_02863,8,1,1.0,9.0,9.0,44.01,1.0,3.0,1,0,0.0,1,STU_0304,38.857142857142854,4.107857142857143,8.957142857142857,1.2142857142857142,0.593,0.3742861077715997,7,-0.019714285714285684,24.0,77
USR_02863,12,1,1.0,75.0,75.0,18.3,0.915,1.0,1,0,1.0,1,STU_0304,35.9,4.268571428571429,8.685714285714285,1.2857142857142858,0.546,0.3971670941865644,7,0.201,24.0,77
USR_02882,1,1,1.0,82.0,82.0,8.37,0.837,6.0,1,0,1.0,1,STU_0199,53.93571428571429,6.417142857142857,5.214285714285714,3.4714285714285715,0.323,0.5136052057705045,7,,29.0,63
USR_02882,12,2,1.0,103.5,197.0,46.97,0.9606250000000001,6.5,2,1,0.5,2,STU_0199,70.41428571428571,4.222857142857143,7.214285714285714,3.042857142857143,0.5345714285714286,0.4230345624849291,7,0.21785714285714286,29.0,63
USR_02882,17,1,1.0,172.0,172.0,40.42,1.0,2.0,1,1,0.0,1,STU_0199,53.05714285714286,6.392857142857143,5.228571428571429,3.8285714285714287,0.344,0.41738482401121385,7,-0.20542857142857152,29.0,63
USR_02884,9,1,1.0,73.0,73.0,21.15,1.0,5.0,1,0,0.0,1,STU_0208,58.17142857142858,6.024285714285715,5.521428571428571,2.9714285714285715,0.3292857142857143,0.49673497853736237,7,-0.12985714285714284,24.0,15
USR_02884,15,1,1.0,21.0,21.0,19.08,0.954,9.0,1,0,0.0,1,STU_0208,65.07142857142857,4.788571428571429,8.007142857142858,2.914285714285714,0.535,0.4494013925672516,7,0.0678571428571429,24.0,15
USR_02884,16,1,1.0,40.0,40.0,5.13,0.513,6.0,1,1,0.0,1,STU_0208,66.74285714285715,5.322857142857143,7.442857142857143,3.4714285714285715,0.5077142857142858,0.3793628181861774,7,-0.027285714285714247,24.0,15
USR_02884,18,1,1.0,100.0,100.0,11.98,1.0,3.0,1,0,0.0,1,STU_0208,51.1,6.44,4.7,3.2,0.293,0.6862044959942201,1,-0.05928571428571433,24.0,15
USR_02888,11,1,1.0,1.0,1.0,15.22,0.761,3.0,1,0,0.0,1,STU_0450,47.699999999999996,6.627142857142857,4.785714285714286,4.014285714285714,0.318,0.5029932316876279,7,-0.0035714285714285587,34.0,4
USR_02888,14,0,0.0,7.0,7.0,0.0,0.0,4.0,1,1,1.0,1,STU_0450,116.51428571428572,4.992857142857143,7.385714285714286,3.442857142857143,0.4561428571428571,0.4402984681932272,7,0.1524285714285714,34.0,4
USR_02888,17,1,1.0,1.0,1.0,19.52,0.976,7.0,1,0,1.0,1,STU_0450,58.44285714285714,6.362857142857143,4.071428571428571,4.542857142857143,0.29214285714285715,0.4759114051570442,7,-0.19457142857142856,34.0,4
USR_02888,18,1,1.0,5.0,5.0,21.65,1.0,5.0,1,0,1.0,1,STU_0450,69.6,7.97,4.9,4.4,0.273,0.5031242149372834,1,-0.019142857142857128,34.0,4
USR_02891,6,1,1.0,1.0,1.0,21.1,1.0,1.0,1,0,1.0,1,STU_0344,63.6,5.538571428571429,8.27142857142857,1.0,0.5128571428571428,0.4380185725096841,7,0.040999999999999925,25.0,7
USR_02891,8,1,1.0,5.0,5.0,0.0,0.0,6.0,1,1,0.0,1,STU_0344,75.16428571428571,3.327142857142857,9.971428571428572,1.0,0.6829999999999999,0.4224997363134893,7,-0.0018571428571428905,25.0,7
USR_02891,9,0,0.0,1.0,1.0,0.0,0.0,5.0,1,1,0.0,1,STU_0344,69.82857142857144,5.548571428571429,8.157142857142857,1.0,0.4967142857142857,0.478013668002108,7,-0.18628571428571422,25.0,7
USR_02891,14,1,1.0,4.0,4.0,19.87,0.9935,3.0,1,0,0.0,1,STU_0344,72.2,3.3714285714285714,9.671428571428573,1.0,0.6304285714285714,0.37378369663313943,7,0.10257142857142865,25.0,7
USR_02891,17,0,0.0,1.0,1.0,0.0,0.0,1.0,1,1,1.0,1,STU_0344,68.07142857142857,5.4628571428571435,7.928571428571429,1.0142857142857142,0.5037142857142857,0.44788344960285636,7,-0.16385714285714292,25.0,7
USR_02896,2,1,1.0,62.0,62.0,11.67,1.0,4.0,1,0,0.0,1,STU_0036,52.871428571428574,6.805714285714286,5.385714285714286,3.4857142857142853,0.314,0.509832794491926,7,-0.03228571428571425,25.0,92
USR_02896,5,1,1.0,27.0,27.0,1.39,0.27799999999999997,1.0,1,0,1.0,1,STU_0036,48.885714285714286,6.109285714285714,4.8999999999999995,3.7285714285714286,0.30442857142857144,0.4291216380689163,7,-0.009571428571428564,25.0,92
USR_02896,7,0,0.0,15.0,15.0,0.0,0.0,7.0,1,0,1.0,1,STU_0036,53.51428571428572,4.852857142857142,6.9,3.1,0.49242857142857144,0.48769719173244386,7,0.15842857142857142,25.0,92
USR_02896,16,1,1.0,19.0,19.0,16.37,0.8185,4.0,1,0,0.0,1,STU_0036,57.75714285714286,4.825,7.085714285714286,3.4857142857142853,0.4984285714285714,0.47643613577087807,7,-0.010428571428571398,25.0,92
USR_02898,1,0,0.0,2.0,2.0,0.0,0.0,5.0,1,0,0.0,1,STU_0499,45.76428571428572,7.0,5.514285714285714,3.5928571428571425,0.3301428571428571,0.4687400527228677,7,,15.0,1
USR_02898,11,0,0.0,6.0,6.0,0.0,0.0,9.0,1,0,1.0,1,STU_0499,43.57142857142857,6.837142857142857,5.3428571428571425,3.9214285714285717,0.3057142857142857,0.4710619016759314,7,-0.01785714285714285,15.0,1
USR_02898,16,0,0.0,4.0,4.0,0.0,0.0,3.0,1,1,0.0,1,STU_0499,61.285714285714285,4.57,7.114285714285714,3.164285714285714,0.5141428571428571,0.4586404658570615,7,0.012285714285714233,15.0,1
USR_02902,5,0,0.0,4.5,8.0,0.0,0.0,5.5,2,0,0.0,2,STU_0253,49.15714285714285,6.283571428571428,4.742857142857143,4.557142857142857,0.33914285714285713,0.45557921210164903,7,0.01899999999999996,22.0,24
USR_02902,16,0,0.0,26.0,26.0,0.0,0.0,8.0,1,0,0.0,1,STU_0253,62.714285714285715,5.04,6.942857142857143,3.6714285714285713,0.5391428571428571,0.4368437023325987,7,0.05499999999999999,22.0,24
USR_02910,4,1,0.5,3.0,5.0,43.47,0.5,6.0,2,1,0.0,2,STU_0296,18.614285714285717,5.582857142857143,6.642857142857143,1.342857142857143,0.37714285714285717,0.393732984211725,7,-0.21714285714285714,40.0,3
USR_02910,7,1,1.0,2.0,2.0,11.07,1.0,6.0,1,0,1.0,1,STU_0296,33.15714285714286,4.5685714285714285,9.485714285714286,1.0,0.5824285714285714,0.3363914544814141,7,0.16657142857142854,40.0,3
USR_02910,11,0,0.0,2.0,2.0,0.0,0.0,5.0,1,0,1.0,1,STU_0296,31.328571428571426,5.844285714285713,7.128571428571428,1.6714285714285713,0.40385714285714286,0.4269730659811484,7,-0.031000000000000028,40.0,3
USR_02917,8,0,0.0,11.0,11.0,0.0,0.0,4.0,1,0,1.0,1,STU_0026,89.10000000000001,6.24,5.471428571428571,4.185714285714285,0.4052857142857143,0.6330042717697968,7,-0.08557142857142852,33.0,24
USR_02917,11,1,1.0,1.0,1.0,0.0,0.0,4.0,1,1,0.0,1,STU_0026,80.89999999999999,6.9471428571428575,3.314285714285714,5.814285714285715,0.2812857142857143,0.5333172882452109,7,0.04485714285714287,33.0,24
USR_02928,2,1,1.0,5.0,5.0,20.58,1.0,3.0,1,0,1.0,1,STU_0029,68.60000000000001,5.597142857142857,8.342857142857143,1.0,0.5118571428571428,0.44173663659964174,7,-0.0007142857142857784,17.0,74
USR_02928,4,1,1.0,82.0,82.0,14.81,0.7405,1.0,1,0,0.0,1,STU_0029,60.028571428571425,4.911428571428572,7.8428571428571425,1.0,0.4775714285714286,0.4927585777452622,7,-0.18828571428571422,17.0,74
USR_02928,12,1,1.0,15.0,15.0,45.88,1.0,9.0,1,0,0.0,1,STU_0029,71.24285714285715,3.7314285714285718,9.857142857142858,1.0714285714285714,0.6762857142857143,0.39305311173410923,7,0.10942857142857143,17.0,74
USR_02928,15,1,1.0,275.0,275.0,17.79,0.8895,6.0,1,0,0.0,1,STU_0029,61.614285714285714,3.8214285714285716,9.914285714285715,1.0,0.647,0.37443067105762556,7,-0.00914285714285712,17.0,74
USR_02928,16,1,1.0,28.0,28.0,0.0,0.0,5.0,1,1,0.0,1,STU_0029,73.74285714285715,3.267142857142857,9.571428571428571,1.0285714285714287,0.6538571428571428,0.4895144857375716,7,0.006857142857142784,17.0,74
USR_02930,1,1,1.0,5.0,5.0,23.85,1.0,4.0,1,1,1.0,1,STU_0370,43.800000000000004,6.139285714285714,4.057142857142857,5.085714285714286,0.27314285714285713,0.5010069187372773,7,,26.0,21
USR_02930,5,0,0.0,6.0,6.0,0.0,0.0,5.0,1,0,0.0,1,STU_0370,45.957142857142856,6.429285714285714,4.485714285714286,4.428571428571429,0.2952857142857143,0.49011840149415875,7,-0.024142857142857077,26.0,21
USR_02930,8,1,1.0,3.0,3.0,24.23,1.0,1.0,1,0,0.0,1,STU_0370,60.628571428571426,5.37,7.728571428571428,3.557142857142857,0.473,0.5154257487920441,7,0.005142857142857116,26.0,21
USR_02930,11,0,0.0,8.0,8.0,0.0,0.0,5.0,1,1,1.0,1,STU_0370,50.17142857142857,6.883571428571429,4.828571428571428,3.542857142857143,0.30500000000000005,0.41481219042287154,7,-0.05342857142857138,26.0,21
USR_02930,15,0,0.0,1.0,1.0,0.0,0.0,6.0,1,0,0.0,1,STU_0370,53.114285714285714,5.479285714285715,7.7,2.2857142857142856,0.5052857142857142,0.4562616088947938,7,0.014857142857142736,26.0,21
USR_02930,16,1,1.0,3.0,3.0,41.34,1.0,1.0,1,1,1.0,1,STU_0370,64.35714285714286,5.215000000000001,7.571428571428571,2.9,0.5155714285714286,0.3944130164587863,7,0.010285714285714342,26.0,21
USR_02931,1,1,1.0,5.0,5.0,21.84,1.0,5.0,1,1,0.0,1,STU_0315,41.957142857142856,6.2057142857142855,6.114285714285714,4.071428571428571,0.33314285714285713,0.44772429915277173,7,,21.0,11
USR_02931,2,0,0.0,52.0,52.0,0.0,0.0,5.0,1,0,0.0,1,STU_0315,44.15714285714286,6.682857142857143,5.228571428571429,4.942857142857143,0.32785714285714285,0.43057759880267943,7,-0.0052857142857142825,21.0,11
USR_02931,11,2,1.0,22.5,32.0,31.61,0.83,6.0,1,0,1.0,2,STU_0315,60.042857142857144,6.7542857142857144,4.585714285714286,4.014285714285714,0.2884285714285714,0.5362098796184641,7,0.012714285714285734,21.0,11
USR_02931,12,1,1.0,3.0,3.0,40.13,1.0,2.0,1,0,0.0,1,STU_0315,59.785714285714285,5.377142857142857,7.228571428571429,3.6142857142857143,0.47185714285714286,0.5077418517293506,7,0.18342857142857144,21.0,11
USR_02931,15,1,1.0,14.0,14.0,40.15,1.0,6.0,1,0,0.0,1,STU_0315,55.31428571428571,4.451428571428571,6.985714285714286,2.7714285714285714,0.4774285714285714,0.3807197025459157,7,0.017714285714285738,21.0,11
USR_02931,18,1,1.0,15.0,15.0,18.54,0.9269999999999999,2.0,1,0,0.0,1,STU_0315,66.8,7.73,7.0,4.2,0.357,0.4924129822402253,1,0.08414285714285713,21.0,11
USR_02935,9,0,0.0,1.0,1.0,0.0,0.0,3.0,1,0,0.0,1,STU_0065,81.05714285714285,6.985714285714286,2.8428571428571425,5.5,0.265,0.5355917218857342,7,-0.13185714285714284,37.0,37
USR_02935,11,1,0.5,29.0,57.0,18.87,0.47175,3.5,2,1,0.5,2,STU_0065,75.5,7.292857142857143,2.8714285714285714,6.171428571428572,0.22514285714285714,0.583484025635456,7,-0.03128571428571425,37.0,37
USR_02935,13,0,0.0,8.0,8.0,0.0,0.0,2.0,1,0,0.0,1,STU_0065,76.21428571428571,7.585714285714286,3.7857142857142856,5.328571428571428,0.2564285714285714,0.5739350485770737,7,-0.12157142857142861,37.0,37
USR_02935,15,1,1.0,16.0,16.0,10.48,1.0,8.0,1,0,0.0,1,STU_0065,92.81428571428572,5.295714285714285,5.128571428571428,5.085714285714286,0.42514285714285716,0.6151156776450758,7,0.006000000000000005,37.0,37
USR_02935,17,0,0.0,13.0,13.0,0.0,0.0,1.0,1,0,0.0,1,STU_0065,78.37142857142858,7.162857142857143,3.0285714285714285,5.857142857142857,0.28128571428571425,0.60214833453389,7,-0.14414285714285718,37.0,37
USR_02958,3,1,1.0,34.0,34.0,16.13,0.8065,8.0,1,0,0.0,1,STU_0426,53.228571428571435,4.884285714285714,7.428571428571429,3.2285714285714286,0.4574285714285714,0.4702264724958814,7,0.1502857142857143,20.0,78
USR_02958,10,1,1.0,106.0,106.0,18.87,0.9435,10.0,1,0,0.0,1,STU_0426,58.1,6.142857142857143,5.528571428571429,3.3285714285714287,0.3881428571428572,0.46864940309821035,7,0.08142857142857152,20.0,78
USR_02958,12,1,1.0,11.0,11.0,19.47,0.9734999999999999,5.0,1,0,0.0,1,STU_0426,55.214285714285715,4.585714285714286,7.442857142857143,3.2142857142857144,0.5007142857142857,0.4553415961977108,7,0.16042857142857136,20.0,78
USR_02958,15,1,1.0,214.0,214.0,1.43,0.143,5.0,1,0,0.0,1,STU_0426,57.042857142857144,4.752857142857143,7.057142857142857,3.585714285714286,0.5088571428571429,0.4586975453827719,7,-0.002571428571428558,20.0,78
USR_02959,9,0,0.0,11.0,11.0,0.0,0.0,5.0,1,0,0.0,1,STU_0143,46.885714285714286,6.748571428571429,5.142857142857143,5.1000000000000005,0.3122857142857143,0.47376284712702993,7,-0.19671428571428573,20.0,36
USR_02969,1,1,1.0,21.0,21.0,16.85,0.8425,8.0,1,0,0.0,1,STU_0126,20.67142857142857,5.92,7.2,1.6428571428571428,0.4188571428571429,0.3807542918963196,7,,24.0,36
USR_02969,2,1,1.0,168.0,168.0,8.77,0.877,6.0,1,1,0.0,1,STU_0126,27.8,5.667142857142857,7.7,1.8857142857142857,0.4511428571428571,0.3269266535937096,7,0.03228571428571425,24.0,36
USR_02969,5,1,1.0,9.0,9.0,24.69,1.0,1.0,1,1,0.0,1,STU_0126,20.471428571428568,6.04,7.285714285714286,1.657142857142857,0.39914285714285713,0.3689245358293141,7,-0.02157142857142863,24.0,36
USR_02969,7,1,1.0,37.0,37.0,20.94,1.0,1.0,1,0,1.0,1,STU_0126,44.949999999999996,4.257142857142857,9.37142857142857,1.0571428571428572,0.5878571428571429,0.3826802999594589,7,0.1404285714285714,24.0,36
USR_02969,13,1,1.0,59.0,59.0,19.26,0.9630000000000001,2.0,1,0,0.0,1,STU_0126,19.985714285714288,5.859285714285714,7.314285714285715,1.7285714285714289,0.4232857142857143,0.3805048447499142,7,-0.10557142857142848,24.0,36
USR_02987,2,1,1.0,8.0,8.0,20.02,1.0,3.0,1,0,0.0,1,STU_0239,42.44285714285714,6.074285714285715,4.0285714285714285,4.4,0.29814285714285715,0.5048620775086773,7,0.014857142857142902,22.0,12
USR_02987,6,1,1.0,43.0,43.0,18.27,0.9135,7.0,1,0,1.0,1,STU_0239,46.58571428571429,6.32,5.528571428571429,3.6999999999999997,0.35714285714285715,0.5256429941081137,7,0.06385714285714289,22.0,12
USR_02987,8,1,1.0,66.0,66.0,10.24,1.0,8.0,1,0,1.0,1,STU_0239,63.94285714285714,5.161428571428572,6.728571428571429,3.7714285714285714,0.4825714285714286,0.4273727334495788,7,0.020428571428571407,22.0,12
USR_02987,17,1,1.0,87.0,87.0,6.78,0.678,6.0,1,1,0.0,1,STU_0239,48.385714285714286,6.344285714285713,4.671428571428572,3.3857142857142857,0.3125714285714286,0.47280574712702644,7,-0.1464285714285714,22.0,12
USR_02989,3,1,1.0,62.0,62.0,16.72,1.0,4.0,1,1,1.0,1,STU_0490,50.05714285714286,5.104285714285715,7.928571428571429,2.7142857142857144,0.5224285714285715,0.42657338172549564,7,0.2225714285714286,23.0,5
USR_02989,6,1,0.5,14.5,16.0,37.39,0.467375,5.5,2,0,0.5,2,STU_0490,47.52857142857143,6.170714285714285,4.557142857142857,3.5714285714285716,0.31428571428571433,0.4977503254155388,7,-0.007857142857142785,23.0,5
USR_02989,10,0,0.0,9.0,9.0,0.0,0.0,2.0,1,0,0.0,1,STU_0490,55.25714285714286,6.592857142857143,4.3999999999999995,3.6999999999999997,0.2885714285714286,0.5506680293577291,7,-0.015142857142857125,23.0,5
USR_02989,12,0,0.0,8.0,8.0,0.0,0.0,3.0,1,0,1.0,1,STU_0490,61.228571428571435,5.308571428571428,7.585714285714286,2.957142857142857,0.49642857142857144,0.44262811005025415,7,0.17828571428571433,23.0,5
USR_02989,17,1,1.0,24.0,24.0,7.27,0.727,6.0,1,0,0.0,1,STU_0490,49.528571428571425,6.456428571428572,4.8,3.6999999999999997,0.32342857142857145,0.5193138276538433,7,-0.14728571428571424,23.0,5
USR_02992,13,1,1.0,30.0,30.0,12.05,1.0,7.0,1,1,0.0,1,STU_0131,42.32857142857143,6.258571428571429,4.914285714285714,4.414285714285714,0.27414285714285713,0.497100290884068,7,-0.15257142857142858,28.0,23
USR_02995,4,2,1.0,24.0,29.0,21.61,0.5,7.0,2,1,0.0,2,STU_0451,15.914285714285715,5.792857142857143,7.071428571428571,1.5714285714285714,0.35700000000000004,0.3669665761105578,7,-0.2225714285714286,23.0,21
USR_02995,11,1,0.5,19.0,24.0,22.0,0.5,7.0,2,0,0.0,2,STU_0451,25.057142857142857,5.7,7.257142857142857,1.3,0.41428571428571426,0.42187754311046277,7,0.0017142857142857237,23.0,21
USR_02997,11,2,1.0,26.0,29.0,40.09,0.995,8.5,1,1,0.5,2,STU_0174,50.84285714285714,6.107142857142857,4.571428571428571,4.557142857142857,0.29928571428571427,0.4220722861211446,7,0.012285714285714289,24.0,31
USR_02997,12,0,0.0,11.0,11.0,0.0,0.0,5.0,1,1,1.0,1,STU_0174,47.17142857142857,5.732857142857142,6.871428571428572,3.5285714285714285,0.40857142857142864,0.45183978174989814,7,0.10928571428571437,24.0,31
USR_02997,13,1,1.0,38.0,38.0,15.09,0.7545,2.0,1,0,0.0,1,STU_0174,107.02857142857144,6.267142857142857,5.314285714285715,4.185714285714286,0.31971428571428573,0.4625779372780574,7,-0.08885714285714291,24.0,31
USR_02997,17,1,1.0,17.0,17.0,18.13,0.9065,5.0,1,0,1.0,1,STU_0174,51.457142857142856,6.88,5.142857142857143,3.8285714285714287,0.28314285714285714,0.5020091239861928,7,-0.202,24.0,31
